round,defense,seed,bad_client_num,client_id,is_malicious,participated_this_round,acc,mta,clean_loss,acc_target_class,asr_targeted,asr_unfiltered,asr_paper,asr_paper_frozen
2,fedavg,0,4,0,False,False,0.11310190369540873,0.101,2.303148483276367,0.0,0.0,0.0,0.0,
2,fedavg,0,4,1,False,False,0.003919372900335949,0.101,2.302078918457031,0.9112149532710281,0.9356103023516238,0.887,0.9583333333333334,
2,fedavg,0,4,2,False,False,0.11310190369540873,0.101,2.3029470672607424,0.0,0.0,0.0,0.0,
2,fedavg,0,4,3,False,False,0.0,0.107,2.3027999572753908,1.0,1.0,1.0,1.0,
2,fedavg,0,4,4,False,False,0.1243001119820829,0.1115,2.302261276245117,0.004672897196261682,0.055431131019036954,0.0495,0.020833333333333332,
2,fedavg,0,4,5,False,True,0.10694288913773797,0.1565,2.576452819824219,0.5700934579439252,0.22788353863381858,0.2545,0.14583333333333334,
2,fedavg,0,4,6,False,False,0.11310190369540873,0.101,2.3035677795410154,0.0,0.0,0.0,0.0,
2,fedavg,0,4,7,False,False,0.11534154535274355,0.103,2.303795593261719,0.0,0.0,0.0,0.0,
2,fedavg,0,4,8,False,False,0.11758118701007836,0.105,2.3022007598876955,0.0,0.0,0.0,0.0,
2,fedavg,0,4,9,False,False,0.09966405375139975,0.089,2.3027066345214844,0.0,0.0,0.0,0.0,
2,fedavg,0,4,33,True,False,0.0,0.107,2.3029324340820314,1.0,1.0,1.0,1.0,
2,fedavg,0,4,54,True,False,0.11310190369540873,0.101,2.303069854736328,0.0,0.0,0.0,0.0,
2,fedavg,0,4,56,True,False,0.04255319148936165,0.1325,2.3021236724853518,0.883177570093458,0.6886898096304591,0.654,0.7291666666666666,
2,fedavg,0,4,98,True,False,0.21052631578947367,0.1905,2.6471190185546876,0.02336448598130841,0.0016797312430011197,0.002,0.0,
4,fedavg,0,4,0,False,False,0.11310190369540873,0.101,2.303148483276367,0.0,0.0,0.0,0.0,
4,fedavg,0,4,1,False,False,0.003919372900335949,0.101,2.302078918457031,0.9112149532710281,0.9440089585666294,0.8975,0.9479166666666666,
4,fedavg,0,4,2,False,False,0.11310190369540873,0.101,2.3029470672607424,0.0,0.0,0.0,0.0,
4,fedavg,0,4,3,False,False,0.0,0.107,2.3027999572753908,1.0,1.0,1.0,1.0,
4,fedavg,0,4,4,False,False,0.1243001119820829,0.1115,2.302261276245117,0.004672897196261682,0.07054871220604703,0.063,0.03125,
4,fedavg,0,4,5,False,False,0.2541993281075028,0.227,2.5852639465332032,0.0,0.0,0.0,0.0,
4,fedavg,0,4,6,False,False,0.11310190369540873,0.101,2.3035677795410154,0.0,0.0,0.0,0.0,
4,fedavg,0,4,7,False,True,0.25531914893617025,0.228,2.3216932983398437,0.0,0.0,0.0,0.0,
4,fedavg,0,4,8,False,False,0.11758118701007836,0.105,2.3022007598876955,0.0,0.0,0.0,0.0,
4,fedavg,0,4,9,False,False,0.09966405375139975,0.089,2.3027066345214844,0.0,0.0,0.0,0.0,
4,fedavg,0,4,33,True,False,0.0,0.107,2.3029324340820314,1.0,1.0,1.0,1.0,
4,fedavg,0,4,54,True,True,0.21836506159014557,0.199,3.07179150390625,0.037383177570093455,0.009518477043673012,0.0095,0.0,
4,fedavg,0,4,56,True,False,0.04255319148936165,0.1325,2.3021236724853518,0.883177570093458,0.6422172452407615,0.5985,0.6770833333333334,
4,fedavg,0,4,98,True,False,0.19148936170212771,0.185,2.561050079345703,0.1308411214953271,0.01791713325867861,0.0275,0.0,
6,fedavg,0,4,0,False,True,0.24804031354983203,0.2265,2.7051184692382813,0.04672897196261682,0.0011198208286674132,0.003,0.0,
6,fedavg,0,4,1,False,False,0.003919372900335949,0.101,2.302078918457031,0.9112149532710281,0.9501679731243001,0.9115,0.9479166666666666,
6,fedavg,0,4,2,False,True,0.20324748040313545,0.212,2.686527587890625,0.2850467289719626,0.022396416573348264,0.035,0.08333333333333333,
6,fedavg,0,4,3,False,False,0.0,0.107,2.3027999572753908,1.0,1.0,1.0,1.0,
6,fedavg,0,4,4,False,False,0.1243001119820829,0.1115,2.302261276245117,0.004672897196261682,0.09126539753639418,0.0815,0.041666666666666664,
6,fedavg,0,4,5,False,False,0.2541993281075028,0.227,2.5852639465332032,0.0,0.0,0.0,0.0,
6,fedavg,0,4,6,False,True,0.27491601343785,0.28,2.4843718872070313,0.32242990654205606,0.0683090705487122,0.076,0.052083333333333336,
6,fedavg,0,4,7,False,False,0.25531914893617025,0.228,2.3216932983398437,0.0,0.0,0.0,0.0,
6,fedavg,0,4,8,False,False,0.11758118701007836,0.105,2.3022007598876955,0.0,0.0,0.0,0.0,
6,fedavg,0,4,9,False,True,0.25027995520716684,0.2235,3.331507751464844,0.0,0.0,0.0,0.0,
6,fedavg,0,4,33,True,False,0.0,0.107,2.3029324340820314,1.0,1.0,1.0,1.0,
6,fedavg,0,4,54,True,False,0.21836506159014557,0.199,3.07179150390625,0.037383177570093455,0.006718924972004479,0.0065,0.0,
6,fedavg,0,4,56,True,True,0.12094064949608063,0.2125,3.042954162597656,0.9766355140186916,0.9048152295632699,0.912,0.90625,
6,fedavg,0,4,98,True,True,0.19484882418812988,0.1925,2.550988342285156,0.17289719626168223,0.47816349384098544,0.439,0.4791666666666667,
8,fedavg,0,4,0,False,False,0.24804031354983203,0.2265,2.7051184692382813,0.04672897196261682,0.0016797312430011197,0.0035,0.0,
8,fedavg,0,4,1,False,False,0.003919372900335949,0.101,2.302078918457031,0.9112149532710281,0.9496080627099664,0.9115,0.9479166666666666,
8,fedavg,0,4,2,False,False,0.20324748040313545,0.212,2.686527587890625,0.2850467289719626,0.022396416573348264,0.0355,0.0625,
8,fedavg,0,4,3,False,False,0.2541993281075028,0.227,3.555348907470703,0.0,0.0,0.0,0.0,
8,fedavg,0,4,4,False,False,0.1243001119820829,0.1115,2.302261276245117,0.004672897196261682,0.07334826427771557,0.0655,0.020833333333333332,
8,fedavg,0,4,5,False,False,0.2541993281075028,0.227,2.5852639465332032,0.0,0.0,0.0,0.0,
8,fedavg,0,4,6,False,False,0.27491601343785,0.28,2.4843718872070313,0.32242990654205606,0.06942889137737962,0.077,0.07291666666666667,
8,fedavg,0,4,7,False,False,0.25531914893617025,0.228,2.3216932983398437,0.0,0.0,0.0,0.0,
8,fedavg,0,4,8,False,False,0.11758118701007836,0.105,2.3022007598876955,0.0,0.0,0.0,0.0,
8,fedavg,0,4,9,False,False,0.25027995520716684,0.2235,3.331507751464844,0.0,0.0,0.0,0.0,
8,fedavg,0,4,33,True,False,0.0,0.107,2.3029324340820314,1.0,1.0,1.0,1.0,
8,fedavg,0,4,54,True,False,0.3051511758118701,0.2865,2.2421954193115234,0.1308411214953271,0.6382978723404256,0.5775,0.59375,
8,fedavg,0,4,56,True,False,0.12094064949608063,0.2125,3.042954162597656,0.9766355140186916,0.9087346024636058,0.9155,0.9166666666666666,
8,fedavg,0,4,98,True,False,0.2558790593505039,0.2585,2.185883026123047,0.2803738317757009,0.4339305711086226,0.4015,0.53125,
10,fedavg,0,4,0,False,False,0.24804031354983203,0.2265,2.7051184692382813,0.04672897196261682,0.0016797312430011197,0.0035,0.0,
10,fedavg,0,4,1,False,False,0.003919372900335949,0.101,2.302078918457031,0.9112149532710281,0.944568868980963,0.9055,0.9479166666666666,
10,fedavg,0,4,2,False,False,0.20324748040313545,0.212,2.686527587890625,0.2850467289719626,0.022396416573348264,0.0355,0.0625,
10,fedavg,0,4,3,False,False,0.2541993281075028,0.227,3.555348907470703,0.0,0.0,0.0,0.0,
10,fedavg,0,4,4,False,False,0.1243001119820829,0.1115,2.302261276245117,0.004672897196261682,0.0755879059350504,0.0675,0.020833333333333332,
10,fedavg,0,4,5,False,True,0.14053751399776038,0.1275,6.651800842285156,0.018691588785046728,0.0,0.001,0.0,
10,fedavg,0,4,6,False,False,0.27491601343785,0.28,2.4843718872070313,0.32242990654205606,0.06998880179171332,0.0775,0.0625,
10,fedavg,0,4,7,False,False,0.25531914893617025,0.228,2.3216932983398437,0.0,0.0,0.0,0.0,
10,fedavg,0,4,8,False,False,0.11758118701007836,0.105,2.3022007598876955,0.0,0.0,0.0,0.0,
10,fedavg,0,4,9,False,False,0.2407614781634938,0.217,5.027435974121094,0.018691588785046728,0.0,0.0,0.0,
10,fedavg,0,4,33,True,False,0.2877939529675252,0.3,3.023085968017578,0.40186915887850466,0.5391937290033595,0.51,0.7604166666666666,
10,fedavg,0,4,54,True,False,0.3051511758118701,0.2865,2.2421954193115234,0.1308411214953271,0.6377379619260918,0.577,0.59375,
10,fedavg,0,4,56,True,False,0.12094064949608063,0.2125,3.042954162597656,0.9766355140186916,0.9109742441209406,0.9175,0.90625,
10,fedavg,0,4,98,True,False,0.2564389697648376,0.2595,2.1773837738037107,0.2850467289719626,0.43729003359462487,0.406,0.5208333333333334,
12,fedavg,0,4,0,False,False,0.24804031354983203,0.2265,2.7051184692382813,0.04672897196261682,0.0016797312430011197,0.0035,0.0,
12,fedavg,0,4,1,False,False,0.003919372900335949,0.101,2.302078918457031,0.9112149532710281,0.9552071668533034,0.92,0.9583333333333334,
12,fedavg,0,4,2,False,True,0.26763717805151177,0.319,2.1911937866210938,0.7476635514018691,0.22956326987681971,0.265,0.22916666666666666,
12,fedavg,0,4,3,False,True,0.32810750279955203,0.293,3.098908721923828,0.0,0.0,0.0,0.0,
12,fedavg,0,4,4,False,False,0.1243001119820829,0.1115,2.302261276245117,0.004672897196261682,0.07222844344904815,0.0645,0.020833333333333332,
12,fedavg,0,4,5,False,False,0.35610302351623735,0.3405,2.191861618041992,0.2102803738317757,0.02127659574468085,0.0225,0.0,
12,fedavg,0,4,6,False,False,0.27491601343785,0.28,2.4843718872070313,0.32242990654205606,0.07334826427771557,0.0815,0.07291666666666667,
12,fedavg,0,4,7,False,False,0.25531914893617025,0.228,2.3216932983398437,0.0,0.0,0.0,0.0,
12,fedavg,0,4,8,False,False,0.29899216125419936,0.2775,2.5611229553222654,0.09813084112149532,0.006718924972004479,0.01,0.010416666666666666,
12,fedavg,0,4,9,False,False,0.2407614781634938,0.217,5.027435974121094,0.018691588785046728,0.0005599104143337066,0.0005,0.0,
12,fedavg,0,4,33,True,False,0.2877939529675252,0.3,3.023085968017578,0.40186915887850466,0.5699888017917133,0.5435,0.8541666666666666,
12,fedavg,0,4,54,True,False,0.1550951847704367,0.1395,6.1170302124023435,0.009345794392523364,0.1797312430011198,0.1605,0.20833333333333334,
12,fedavg,0,4,56,True,False,0.12094064949608063,0.2125,3.042954162597656,0.9766355140186916,0.9115341545352743,0.918,0.9166666666666666,
12,fedavg,0,4,98,True,False,0.2586786114221724,0.2615,2.177289840698242,0.2850467289719626,0.4585666293393057,0.425,0.53125,
14,fedavg,0,4,0,False,False,0.24804031354983203,0.2265,2.7051184692382813,0.04672897196261682,0.0016797312430011197,0.0035,0.0,
14,fedavg,0,4,1,False,False,0.003919372900335949,0.101,2.302078918457031,0.9112149532710281,0.9552071668533034,0.92,0.9583333333333334,
14,fedavg,0,4,2,False,False,0.26763717805151177,0.319,2.1911937866210938,0.7476635514018691,0.22956326987681971,0.265,0.20833333333333334,
14,fedavg,0,4,3,False,False,0.32810750279955203,0.293,3.098908721923828,0.0,0.0,0.0,0.0,
14,fedavg,0,4,4,False,False,0.1243001119820829,0.1115,2.302261276245117,0.004672897196261682,0.07334826427771557,0.0655,0.020833333333333332,
14,fedavg,0,4,5,False,False,0.35610302351623735,0.3405,2.191861618041992,0.2102803738317757,0.02127659574468085,0.0225,0.0,
14,fedavg,0,4,6,False,False,0.27491601343785,0.28,2.4843718872070313,0.32242990654205606,0.07334826427771557,0.0815,0.07291666666666667,
14,fedavg,0,4,7,False,False,0.25531914893617025,0.228,2.3216932983398437,0.0,0.0,0.0,0.0,
14,fedavg,0,4,8,False,False,0.29899216125419936,0.2775,2.5611229553222654,0.09813084112149532,0.006718924972004479,0.01,0.020833333333333332,
14,fedavg,0,4,9,False,False,0.2407614781634938,0.217,5.027435974121094,0.018691588785046728,0.0005599104143337066,0.0005,0.0,
14,fedavg,0,4,33,True,False,0.2877939529675252,0.3,3.023085968017578,0.40186915887850466,0.5699888017917133,0.5435,0.84375,
14,fedavg,0,4,54,True,False,0.1550951847704367,0.1395,6.1170302124023435,0.009345794392523364,0.1797312430011198,0.1605,0.2604166666666667,
14,fedavg,0,4,56,True,False,0.12094064949608063,0.2125,3.042954162597656,0.9766355140186916,0.9115341545352743,0.918,0.9375,
14,fedavg,0,4,98,True,False,0.25475923852183646,0.2575,2.1829131927490235,0.2803738317757009,0.4423292273236282,0.4105,0.53125,
16,fedavg,0,4,0,False,False,0.24804031354983203,0.2265,2.7051184692382813,0.04672897196261682,0.0011198208286674132,0.003,0.0,
16,fedavg,0,4,1,False,False,0.003919372900335949,0.101,2.302078918457031,0.9112149532710281,0.9468085106382979,0.903,0.9479166666666666,
16,fedavg,0,4,2,False,True,0.29619260918253076,0.346,2.16295637512207,0.7616822429906542,0.20492721164613661,0.228,0.21875,
16,fedavg,0,4,3,False,True,0.3964165733482643,0.354,2.4060436401367187,0.0,0.0,0.0,0.0,
16,fedavg,0,4,4,False,False,0.1243001119820829,0.1115,2.302261276245117,0.004672897196261682,0.0593505039193729,0.053,0.020833333333333332,
16,fedavg,0,4,5,False,False,0.35610302351623735,0.3405,2.191861618041992,0.2102803738317757,0.02463605823068309,0.026,0.010416666666666666,
16,fedavg,0,4,6,False,False,0.27491601343785,0.28,2.4843718872070313,0.32242990654205606,0.07222844344904815,0.08,0.07291666666666667,
16,fedavg,0,4,7,False,False,0.25531914893617025,0.228,2.3216932983398437,0.0,0.0,0.0,0.0,
16,fedavg,0,4,8,False,False,0.29899216125419936,0.2775,2.5611229553222654,0.09813084112149532,0.003919372900335946,0.0065,0.010416666666666666,
16,fedavg,0,4,9,False,False,0.2407614781634938,0.217,5.027435974121094,0.018691588785046728,0.0005599104143337066,0.0005,0.0,
16,fedavg,0,4,33,True,True,0.39977603583426646,0.435,1.8486531982421874,0.7289719626168224,0.9412094064949608,0.9275,0.9895833333333334,
16,fedavg,0,4,54,True,False,0.1550951847704367,0.1395,6.1170302124023435,0.009345794392523364,0.19036954087346025,0.1705,0.20833333333333334,
16,fedavg,0,4,56,True,True,0.2357222844344905,0.3135,2.4784131774902343,0.9626168224299065,0.9792833146696529,0.974,1.0,
16,fedavg,0,4,98,True,False,0.25475923852183646,0.2575,2.1892174377441407,0.2803738317757009,0.4221724524076148,0.3915,0.4791666666666667,
18,fedavg,0,4,0,False,False,0.24804031354983203,0.2265,2.7051184692382813,0.04672897196261682,0.0005599104143337066,0.0025,0.0,
18,fedavg,0,4,1,False,False,0.003919372900335949,0.101,2.302078918457031,0.9112149532710281,0.948488241881299,0.9045,0.9583333333333334,
18,fedavg,0,4,2,False,False,0.32810750279955203,0.3745,2.101455108642578,0.7616822429906542,0.270996640537514,0.2925,0.3125,
18,fedavg,0,4,3,False,False,0.3964165733482643,0.354,2.4060436401367187,0.0,0.0,0.0,0.0,
18,fedavg,0,4,4,False,False,0.1243001119820829,0.1115,2.302261276245117,0.004672897196261682,0.05711086226203808,0.051,0.020833333333333332,
18,fedavg,0,4,5,False,False,0.35610302351623735,0.3405,2.191861618041992,0.2102803738317757,0.025195968645016796,0.027,0.010416666666666666,
18,fedavg,0,4,6,False,False,0.3829787234042553,0.3595,2.149338333129883,0.16355140186915887,0.06606942889137737,0.0605,0.020833333333333332,
18,fedavg,0,4,7,False,False,0.25531914893617025,0.228,2.3216932983398437,0.0,0.0,0.0,0.0,
18,fedavg,0,4,8,False,False,0.29899216125419936,0.2775,2.5611229553222654,0.09813084112149532,0.003919372900335946,0.0065,0.010416666666666666,
18,fedavg,0,4,9,False,False,0.2407614781634938,0.217,5.027435974121094,0.018691588785046728,0.0,0.0,0.0,
18,fedavg,0,4,33,True,False,0.2435610302351624,0.225,2.8570044555664063,0.07009345794392523,0.7178051511758119,0.666,0.875,
18,fedavg,0,4,54,True,False,0.1550951847704367,0.1395,6.1170302124023435,0.009345794392523364,0.19148936170212766,0.1715,0.23958333333333334,
18,fedavg,0,4,56,True,False,0.2357222844344905,0.3135,2.4784131774902343,0.9626168224299065,0.9820828667413214,0.9775,1.0,
18,fedavg,0,4,98,True,False,0.29003359462486,0.2785,2.707595642089844,0.1822429906542056,0.9249720044792833,0.8945,1.0,
20,fedavg,0,4,0,False,False,0.24804031354983203,0.2265,2.7051184692382813,0.04672897196261682,0.0005599104143337066,0.0025,0.0,
20,fedavg,0,4,1,False,False,0.003919372900335949,0.101,2.302078918457031,0.9112149532710281,0.9468085106382979,0.9005,0.9479166666666666,
20,fedavg,0,4,2,False,False,0.3191489361702128,0.3615,2.2521496887207033,0.7149532710280374,0.1942889137737962,0.217,0.3229166666666667,
20,fedavg,0,4,3,False,False,0.3964165733482643,0.354,2.4060436401367187,0.0,0.0,0.0,0.0,
20,fedavg,0,4,4,False,False,0.1243001119820829,0.1115,2.302261276245117,0.004672897196261682,0.055991041433370664,0.05,0.020833333333333332,
20,fedavg,0,4,5,False,False,0.35610302351623735,0.3405,2.191861618041992,0.2102803738317757,0.025195968645016796,0.027,0.010416666666666666,
20,fedavg,0,4,6,False,False,0.3829787234042553,0.3595,2.149338333129883,0.16355140186915887,0.06998880179171332,0.064,0.020833333333333332,
20,fedavg,0,4,7,False,False,0.25531914893617025,0.228,2.3216932983398437,0.0,0.0,0.0,0.0,
20,fedavg,0,4,8,False,False,0.29899216125419936,0.2775,2.5611229553222654,0.09813084112149532,0.004479283314669653,0.007,0.010416666666666666,
20,fedavg,0,4,9,False,False,0.2407614781634938,0.217,5.027435974121094,0.018691588785046728,0.0005599104143337066,0.0005,0.0,
20,fedavg,0,4,33,True,False,0.2435610302351624,0.225,2.8570044555664063,0.07009345794392523,0.7262038073908175,0.676,0.9583333333333334,
20,fedavg,0,4,54,True,False,0.1550951847704367,0.1395,6.1170302124023435,0.009345794392523364,0.1942889137737962,0.174,0.2916666666666667,
20,fedavg,0,4,56,True,True,0.22900335946248596,0.31,2.9644063720703127,0.985981308411215,0.9899216125419933,0.99,1.0,
20,fedavg,0,4,98,True,False,0.4328107502799552,0.4285,2.0133143310546875,0.3925233644859813,0.9596864501679732,0.9245,1.0,
22,fedavg,0,4,0,False,False,0.24804031354983203,0.2265,2.7051184692382813,0.04672897196261682,0.0005599104143337066,0.0025,0.0,
22,fedavg,0,4,1,False,True,0.4479283314669653,0.431,1.7669700164794921,0.2897196261682243,0.11646136618141098,0.121,0.0625,
22,fedavg,0,4,2,False,False,0.3191489361702128,0.3615,2.2521496887207033,0.7149532710280374,0.1959686450167973,0.2185,0.3229166666666667,
22,fedavg,0,4,3,False,False,0.3964165733482643,0.354,2.4060436401367187,0.0,0.0,0.0,0.0,
22,fedavg,0,4,4,False,False,0.1243001119820829,0.1115,2.302261276245117,0.004672897196261682,0.055431131019036954,0.0495,0.020833333333333332,
22,fedavg,0,4,5,False,False,0.35610302351623735,0.3405,2.191861618041992,0.2102803738317757,0.02463605823068309,0.0265,0.010416666666666666,
22,fedavg,0,4,6,False,False,0.3829787234042553,0.3595,2.149338333129883,0.16355140186915887,0.07110862262038074,0.065,0.020833333333333332,
22,fedavg,0,4,7,False,True,0.5106382978723405,0.473,1.6636225128173827,0.1588785046728972,0.059910414333706606,0.059,0.052083333333333336,
22,fedavg,0,4,8,False,True,0.46696528555431127,0.444,2.16007373046875,0.2523364485981308,0.10246360582306831,0.109,0.11458333333333333,
22,fedavg,0,4,9,False,False,0.2407614781634938,0.217,5.027435974121094,0.018691588785046728,0.0005599104143337066,0.0005,0.0,
22,fedavg,0,4,33,True,False,0.28107502799552075,0.342,2.297184555053711,0.8504672897196262,0.9955207166853304,0.992,0.9895833333333334,
22,fedavg,0,4,54,True,False,0.1550951847704367,0.1395,6.1170302124023435,0.009345794392523364,0.18868980963045912,0.169,0.2708333333333333,
22,fedavg,0,4,56,True,False,0.22900335946248596,0.31,2.9644063720703127,0.985981308411215,0.9899216125419933,0.99,1.0,
22,fedavg,0,4,98,True,False,0.3449048152295633,0.35,2.3892084197998047,0.3925233644859813,0.9910414333706606,0.965,1.0,
24,fedavg,0,4,0,False,False,0.24804031354983203,0.2265,2.7051184692382813,0.04672897196261682,0.0005599104143337066,0.0025,0.0,
24,fedavg,0,4,1,False,False,0.4479283314669653,0.431,1.7669700164794921,0.2897196261682243,0.12262038073908174,0.1265,0.09375,
24,fedavg,0,4,2,False,False,0.3191489361702128,0.3615,2.2521496887207033,0.7149532710280374,0.19764837625979842,0.221,0.34375,
24,fedavg,0,4,3,False,False,0.3964165733482643,0.354,2.4060436401367187,0.0,0.0,0.0,0.0,
24,fedavg,0,4,4,False,False,0.1243001119820829,0.1115,2.302261276245117,0.004672897196261682,0.05655095184770437,0.0505,0.020833333333333332,
24,fedavg,0,4,5,False,False,0.35610302351623735,0.3405,2.191861618041992,0.2102803738317757,0.02463605823068309,0.0265,0.010416666666666666,
24,fedavg,0,4,6,False,False,0.3829787234042553,0.3595,2.149338333129883,0.16355140186915887,0.0671892497200448,0.0615,0.020833333333333332,
24,fedavg,0,4,7,False,False,0.5106382978723405,0.473,1.6636225128173827,0.1588785046728972,0.05823068309070549,0.0575,0.041666666666666664,
24,fedavg,0,4,8,False,False,0.46696528555431127,0.444,2.16007373046875,0.2523364485981308,0.10246360582306831,0.109,0.11458333333333333,
24,fedavg,0,4,9,False,False,0.2407614781634938,0.217,5.027435974121094,0.018691588785046728,0.0005599104143337066,0.0005,0.0,
24,fedavg,0,4,33,True,False,0.28107502799552075,0.342,2.297184555053711,0.8504672897196262,0.996080627099664,0.993,0.9895833333333334,
24,fedavg,0,4,54,True,False,0.368421052631579,0.3585,2.3337625732421876,0.2757009345794392,0.9899216125419933,0.974,1.0,
24,fedavg,0,4,56,True,False,0.22900335946248596,0.31,2.9644063720703127,0.985981308411215,0.9899216125419933,0.99,1.0,
24,fedavg,0,4,98,True,False,0.3443449048152296,0.35,2.3932179260253905,0.397196261682243,0.990481522956327,0.9635,1.0,
26,fedavg,0,4,0,False,False,0.24804031354983203,0.2265,2.7051184692382813,0.04672897196261682,0.0011198208286674132,0.003,0.0,
26,fedavg,0,4,1,False,False,0.4479283314669653,0.431,1.7669700164794921,0.2897196261682243,0.12430011198208286,0.128,0.08333333333333333,
26,fedavg,0,4,2,False,False,0.3191489361702128,0.3615,2.2521496887207033,0.7149532710280374,0.1881298992161254,0.2105,0.2708333333333333,
26,fedavg,0,4,3,False,False,0.3964165733482643,0.354,2.4060436401367187,0.0,0.0,0.0,0.0,
26,fedavg,0,4,4,False,False,0.1243001119820829,0.1115,2.302261276245117,0.004672897196261682,0.048152295632698766,0.043,0.020833333333333332,
26,fedavg,0,4,5,False,False,0.35610302351623735,0.3405,2.191861618041992,0.2102803738317757,0.023516237402015677,0.025,0.0,
26,fedavg,0,4,6,False,False,0.3829787234042553,0.3595,2.149338333129883,0.16355140186915887,0.06215005599104143,0.057,0.020833333333333332,
26,fedavg,0,4,7,False,False,0.5106382978723405,0.473,1.6636225128173827,0.1588785046728972,0.05823068309070549,0.0575,0.03125,
26,fedavg,0,4,8,False,True,0.5436730123180291,0.5255,1.751904556274414,0.37383177570093457,0.2967525195968645,0.299,0.3645833333333333,
26,fedavg,0,4,9,False,False,0.2407614781634938,0.217,5.027435974121094,0.018691588785046728,0.0,0.0,0.0,
26,fedavg,0,4,33,True,False,0.28107502799552075,0.342,2.297184555053711,0.8504672897196262,0.996080627099664,0.9935,0.9895833333333334,
26,fedavg,0,4,54,True,False,0.2670772676371781,0.247,3.453439758300781,0.0794392523364486,0.9008958566629339,0.868,1.0,
26,fedavg,0,4,56,True,False,0.36450167973124303,0.4015,2.0221449432373046,0.7102803738317757,0.9227323628219485,0.919,1.0,
26,fedavg,0,4,98,True,False,0.3443449048152296,0.35,2.3897501525878906,0.397196261682243,0.990481522956327,0.9655,1.0,
28,fedavg,0,4,0,False,False,0.24804031354983203,0.2265,2.7051184692382813,0.04672897196261682,0.0011198208286674132,0.003,0.0,
28,fedavg,0,4,1,False,False,0.47536394176931696,0.4465,1.7511793518066405,0.205607476635514,0.12989921612541994,0.123,0.10416666666666667,
28,fedavg,0,4,2,False,False,0.3191489361702128,0.3615,2.2521496887207033,0.7149532710280374,0.1881298992161254,0.2105,0.2916666666666667,
28,fedavg,0,4,3,False,False,0.3964165733482643,0.354,2.4060436401367187,0.0,0.0,0.0,0.0,
28,fedavg,0,4,4,False,False,0.1243001119820829,0.1115,2.302261276245117,0.004672897196261682,0.048712206047032476,0.0435,0.020833333333333332,
28,fedavg,0,4,5,False,False,0.44904815229563266,0.419,2.0894070434570313,0.16822429906542055,0.0851063829787234,0.083,0.08333333333333333,
28,fedavg,0,4,6,False,False,0.3829787234042553,0.3595,2.149338333129883,0.16355140186915887,0.06215005599104143,0.057,0.020833333333333332,
28,fedavg,0,4,7,False,False,0.5106382978723405,0.473,1.6636225128173827,0.1588785046728972,0.05823068309070549,0.0575,0.03125,
28,fedavg,0,4,8,False,False,0.5436730123180291,0.5255,1.751904556274414,0.37383177570093457,0.2967525195968645,0.299,0.3020833333333333,
28,fedavg,0,4,9,False,False,0.2407614781634938,0.217,5.027435974121094,0.018691588785046728,0.0,0.0,0.0,
28,fedavg,0,4,33,True,False,0.28107502799552075,0.342,2.297184555053711,0.8504672897196262,0.996080627099664,0.9935,0.9895833333333334,
28,fedavg,0,4,54,True,False,0.2670772676371781,0.247,3.453439758300781,0.0794392523364486,0.9003359462486002,0.8675,1.0,
28,fedavg,0,4,56,True,False,0.36450167973124303,0.4015,2.0221449432373046,0.7102803738317757,0.9227323628219485,0.919,1.0,
28,fedavg,0,4,98,True,False,0.3449048152295633,0.3505,2.391793258666992,0.397196261682243,0.990481522956327,0.9655,1.0,
30,fedavg,0,4,0,False,False,0.24804031354983203,0.2265,2.7051184692382813,0.04672897196261682,0.0011198208286674132,0.003,0.0,
30,fedavg,0,4,1,False,False,0.5061590145576708,0.4775,1.683304901123047,0.2383177570093458,0.1422172452407615,0.139,0.16666666666666666,
30,fedavg,0,4,2,False,False,0.3191489361702128,0.3615,2.2521496887207033,0.7149532710280374,0.18309070548712206,0.204,0.2604166666666667,
30,fedavg,0,4,3,False,False,0.48544232922732367,0.435,2.130124053955078,0.014018691588785047,0.0033594624860022394,0.003,0.0,
30,fedavg,0,4,4,False,False,0.1243001119820829,0.1115,2.302261276245117,0.004672897196261682,0.05431131019036954,0.0485,0.020833333333333332,
30,fedavg,0,4,5,False,False,0.44904815229563266,0.419,2.0894070434570313,0.16822429906542055,0.07894736842105263,0.0765,0.09375,
30,fedavg,0,4,6,False,False,0.3829787234042553,0.3595,2.149338333129883,0.16355140186915887,0.06103023516237402,0.056,0.020833333333333332,
30,fedavg,0,4,7,False,False,0.5106382978723405,0.473,1.6636225128173827,0.1588785046728972,0.05879059350503919,0.058,0.03125,
30,fedavg,0,4,8,False,False,0.5436730123180291,0.5255,1.751904556274414,0.37383177570093457,0.28611422172452405,0.2875,0.3125,
30,fedavg,0,4,9,False,False,0.2407614781634938,0.217,5.027435974121094,0.018691588785046728,0.0,0.0,0.0,
30,fedavg,0,4,33,True,False,0.28107502799552075,0.342,2.297184555053711,0.8504672897196262,0.9944008958566629,0.9905,0.9895833333333334,
30,fedavg,0,4,54,True,False,0.5319148936170213,0.4975,1.6599884033203125,0.2102803738317757,0.9938409854423292,0.978,1.0,
30,fedavg,0,4,56,True,False,0.36450167973124303,0.4015,2.0221449432373046,0.7102803738317757,0.9070548712206047,0.9045,1.0,
30,fedavg,0,4,98,True,False,0.3443449048152296,0.3495,2.389550537109375,0.3925233644859813,0.9882418812989922,0.957,1.0,
32,fedavg,0,4,0,False,False,0.24804031354983203,0.2265,2.7051184692382813,0.04672897196261682,0.0011198208286674132,0.003,0.0,
32,fedavg,0,4,1,False,False,0.5061590145576708,0.4775,1.683304901123047,0.2383177570093458,0.14781634938409854,0.1445,0.22916666666666666,
32,fedavg,0,4,2,False,False,0.3191489361702128,0.3615,2.2521496887207033,0.7149532710280374,0.1858902575587906,0.207,0.3333333333333333,
32,fedavg,0,4,3,False,False,0.48544232922732367,0.435,2.130124053955078,0.014018691588785047,0.0033594624860022394,0.003,0.020833333333333332,
32,fedavg,0,4,4,False,False,0.1243001119820829,0.1115,2.302261276245117,0.004672897196261682,0.05039193729003359,0.045,0.020833333333333332,
32,fedavg,0,4,5,False,False,0.44904815229563266,0.419,2.0894070434570313,0.16822429906542055,0.08118701007838745,0.079,0.10416666666666667,
32,fedavg,0,4,6,False,True,0.4966405375139977,0.4615,1.7005075225830077,0.16822429906542055,0.41041433370660696,0.3755,0.375,
32,fedavg,0,4,7,False,False,0.5106382978723405,0.473,1.6636225128173827,0.1588785046728972,0.0593505039193729,0.059,0.041666666666666664,
32,fedavg,0,4,8,False,False,0.5436730123180291,0.5255,1.751904556274414,0.37383177570093457,0.29171332586786114,0.2945,0.375,
32,fedavg,0,4,9,False,False,0.2407614781634938,0.217,5.027435974121094,0.018691588785046728,0.0,0.0,0.0,
32,fedavg,0,4,33,True,False,0.28107502799552075,0.342,2.297184555053711,0.8504672897196262,0.9949608062709966,0.9915,0.9895833333333334,
32,fedavg,0,4,54,True,True,0.5375139977603584,0.495,1.7552081146240235,0.14018691588785046,0.9932810750279956,0.972,0.96875,
32,fedavg,0,4,56,True,False,0.36450167973124303,0.4015,2.0221449432373046,0.7102803738317757,0.916013437849944,0.9125,0.9895833333333334,
32,fedavg,0,4,98,True,False,0.3650615901455767,0.326,3.145675537109375,0.0,0.7581187010078387,0.6925,1.0,
34,fedavg,0,4,0,False,False,0.24804031354983203,0.2265,2.7051184692382813,0.04672897196261682,0.0011198208286674132,0.003,0.0,
34,fedavg,0,4,1,False,False,0.5061590145576708,0.4775,1.683304901123047,0.2383177570093458,0.14781634938409854,0.1445,0.22916666666666666,
34,fedavg,0,4,2,False,False,0.4356103023516238,0.4745,1.825189437866211,0.7990654205607477,0.4507278835386338,0.4615,0.65625,
34,fedavg,0,4,3,False,False,0.48544232922732367,0.435,2.130124053955078,0.014018691588785047,0.0033594624860022394,0.003,0.020833333333333332,
34,fedavg,0,4,4,False,False,0.1243001119820829,0.1115,2.302261276245117,0.004672897196261682,0.05039193729003359,0.045,0.020833333333333332,
34,fedavg,0,4,5,False,True,0.5386338185890258,0.518,1.6367032470703125,0.34579439252336447,0.14109742441209405,0.142,0.15625,
34,fedavg,0,4,6,False,False,0.4966405375139977,0.4615,1.7005075225830077,0.16822429906542055,0.41041433370660696,0.3755,0.3541666666666667,
34,fedavg,0,4,7,False,False,0.5106382978723405,0.473,1.6636225128173827,0.1588785046728972,0.0593505039193729,0.059,0.0625,
34,fedavg,0,4,8,False,False,0.5436730123180291,0.5255,1.751904556274414,0.37383177570093457,0.29171332586786114,0.2945,0.375,
34,fedavg,0,4,9,False,False,0.2407614781634938,0.217,5.027435974121094,0.018691588785046728,0.0,0.0,0.0,
34,fedavg,0,4,33,True,False,0.28107502799552075,0.342,2.297184555053711,0.8504672897196262,0.9949608062709966,0.9915,0.9895833333333334,
34,fedavg,0,4,54,True,False,0.5375139977603584,0.495,1.7552081146240235,0.14018691588785046,0.9932810750279956,0.972,0.96875,
34,fedavg,0,4,56,True,False,0.36450167973124303,0.4015,2.0221449432373046,0.7102803738317757,0.916013437849944,0.9125,1.0,
34,fedavg,0,4,98,True,False,0.3986562150055991,0.387,2.1952234649658204,0.2897196261682243,0.9927211646136618,0.9775,1.0,
36,fedavg,0,4,0,False,False,0.5492721164613662,0.5195,1.6550965881347657,0.27102803738317754,0.10022396416573348,0.1005,0.09375,
36,fedavg,0,4,1,False,False,0.5061590145576708,0.4775,1.683304901123047,0.2383177570093458,0.14669652855543114,0.1435,0.16666666666666666,
36,fedavg,0,4,2,False,False,0.4356103023516238,0.4745,1.825189437866211,0.7990654205607477,0.4496080627099664,0.461,0.5729166666666666,
36,fedavg,0,4,3,False,False,0.48544232922732367,0.435,2.130124053955078,0.014018691588785047,0.0033594624860022394,0.003,0.020833333333333332,
36,fedavg,0,4,4,False,False,0.1243001119820829,0.1115,2.302261276245117,0.004672897196261682,0.05375139977603583,0.048,0.020833333333333332,
36,fedavg,0,4,5,False,False,0.5386338185890258,0.518,1.6367032470703125,0.34579439252336447,0.13941769316909294,0.1405,0.14583333333333334,
36,fedavg,0,4,6,False,False,0.4966405375139977,0.4615,1.7005075225830077,0.16822429906542055,0.4154535274356103,0.3805,0.28125,
36,fedavg,0,4,7,False,False,0.5106382978723405,0.473,1.6636225128173827,0.1588785046728972,0.060470324748040316,0.06,0.0625,
36,fedavg,0,4,8,False,False,0.5436730123180291,0.5255,1.751904556274414,0.37383177570093457,0.2872340425531915,0.29,0.3020833333333333,
36,fedavg,0,4,9,False,False,0.2407614781634938,0.217,5.027435974121094,0.018691588785046728,0.0,0.0,0.0,
36,fedavg,0,4,33,True,False,0.28107502799552075,0.342,2.297184555053711,0.8504672897196262,0.9955207166853304,0.9925,1.0,
36,fedavg,0,4,54,True,False,0.5375139977603584,0.495,1.7552081146240235,0.14018691588785046,0.9927211646136618,0.9705,0.9895833333333334,
36,fedavg,0,4,56,True,False,0.36450167973124303,0.4015,2.0221449432373046,0.7102803738317757,0.9120940649496081,0.909,0.9895833333333334,
36,fedavg,0,4,98,True,True,0.4227323628219485,0.389,2.2829508514404298,0.10747663551401869,0.9938409854423292,0.965,1.0,
38,fedavg,0,4,0,False,False,0.5492721164613662,0.5195,1.6550965881347657,0.27102803738317754,0.1013437849944009,0.101,0.08333333333333333,
38,fedavg,0,4,1,False,False,0.5061590145576708,0.4775,1.683304901123047,0.2383177570093458,0.14669652855543114,0.144,0.16666666666666666,
38,fedavg,0,4,2,False,False,0.4356103023516238,0.4745,1.825189437866211,0.7990654205607477,0.4496080627099664,0.4605,0.53125,
38,fedavg,0,4,3,False,False,0.48544232922732367,0.435,2.130124053955078,0.014018691588785047,0.0033594624860022394,0.003,0.010416666666666666,
38,fedavg,0,4,4,False,False,0.1243001119820829,0.1115,2.302261276245117,0.004672897196261682,0.05319148936170213,0.0475,0.010416666666666666,
38,fedavg,0,4,5,False,False,0.5386338185890258,0.518,1.6367032470703125,0.34579439252336447,0.14109742441209405,0.142,0.13541666666666666,
38,fedavg,0,4,6,False,False,0.4966405375139977,0.4615,1.7005075225830077,0.16822429906542055,0.41937290033594626,0.384,0.3229166666666667,
38,fedavg,0,4,7,False,False,0.5106382978723405,0.473,1.6636225128173827,0.1588785046728972,0.060470324748040316,0.06,0.041666666666666664,
38,fedavg,0,4,8,False,False,0.5436730123180291,0.5255,1.751904556274414,0.37383177570093457,0.2894736842105263,0.2925,0.2604166666666667,
38,fedavg,0,4,9,False,False,0.2407614781634938,0.217,5.027435974121094,0.018691588785046728,0.0,0.0,0.0,
38,fedavg,0,4,33,True,False,0.28107502799552075,0.342,2.297184555053711,0.8504672897196262,0.9955207166853304,0.9925,0.9791666666666666,
38,fedavg,0,4,54,True,False,0.5375139977603584,0.495,1.7552081146240235,0.14018691588785046,0.9927211646136618,0.9705,0.9479166666666666,
38,fedavg,0,4,56,True,False,0.36450167973124303,0.4015,2.0221449432373046,0.7102803738317757,0.9148936170212766,0.9115,0.9895833333333334,
38,fedavg,0,4,98,True,False,0.458006718924972,0.451,1.8924904327392578,0.3925233644859813,0.9977603583426652,0.9925,1.0,
40,fedavg,0,4,0,False,False,0.5694288913773796,0.54,1.5990814971923828,0.29439252336448596,0.18365061590145576,0.181,0.15625,
40,fedavg,0,4,1,False,False,0.5061590145576708,0.4775,1.683304901123047,0.2383177570093458,0.14781634938409854,0.145,0.13541666666666666,
40,fedavg,0,4,2,False,False,0.4356103023516238,0.4745,1.825189437866211,0.7990654205607477,0.4490481522956327,0.46,0.5625,
40,fedavg,0,4,3,False,False,0.4848824188129899,0.437,2.232791290283203,0.037383177570093455,0.020156774916013438,0.018,0.07291666666666667,
40,fedavg,0,4,4,False,True,0.46248600223964165,0.5,1.6633834075927734,0.8130841121495327,0.429451287793953,0.446,0.6979166666666666,
40,fedavg,0,4,5,False,False,0.5386338185890258,0.518,1.6367032470703125,0.34579439252336447,0.1422172452407615,0.143,0.15625,
40,fedavg,0,4,6,False,False,0.4966405375139977,0.4615,1.7005075225830077,0.16822429906542055,0.42049272116461367,0.385,0.3333333333333333,
40,fedavg,0,4,7,False,True,0.5963045912653975,0.5535,1.4647251739501954,0.19626168224299065,0.06886898096304592,0.066,0.07291666666666667,
40,fedavg,0,4,8,False,False,0.5408734602463605,0.5305,1.588942184448242,0.4439252336448598,0.20044792833146696,0.2145,0.1875,
40,fedavg,0,4,9,False,False,0.2407614781634938,0.217,5.027435974121094,0.018691588785046728,0.0,0.0,0.0,
40,fedavg,0,4,33,True,False,0.28107502799552075,0.342,2.297184555053711,0.8504672897196262,0.996080627099664,0.9935,0.9791666666666666,
40,fedavg,0,4,54,True,False,0.5375139977603584,0.495,1.7552081146240235,0.14018691588785046,0.9927211646136618,0.9705,0.9479166666666666,
40,fedavg,0,4,56,True,True,0.3337066069428891,0.399,2.302775146484375,0.9439252336448598,1.0,1.0,1.0,
40,fedavg,0,4,98,True,False,0.4014557670772676,0.419,2.012839599609375,0.5654205607476636,0.9994400895856663,0.996,1.0,
42,fedavg,0,4,0,False,False,0.5755879059350504,0.535,1.7206117553710938,0.19626168224299065,0.20156774916013437,0.1895,0.1875,
42,fedavg,0,4,1,False,False,0.5061590145576708,0.4775,1.683304901123047,0.2383177570093458,0.14781634938409854,0.145,0.17708333333333334,
42,fedavg,0,4,2,False,False,0.4356103023516238,0.4745,1.825189437866211,0.7990654205607477,0.4501679731243001,0.461,0.5625,
42,fedavg,0,4,3,False,False,0.4848824188129899,0.437,2.232791290283203,0.037383177570093455,0.020156774916013438,0.018,0.0625,
42,fedavg,0,4,4,False,False,0.46248600223964165,0.5,1.6633834075927734,0.8130841121495327,0.43001119820828665,0.4465,0.7395833333333334,
42,fedavg,0,4,5,False,False,0.5386338185890258,0.518,1.6367032470703125,0.34579439252336447,0.1422172452407615,0.143,0.15625,
42,fedavg,0,4,6,False,False,0.4966405375139977,0.4615,1.7005075225830077,0.16822429906542055,0.42105263157894735,0.3855,0.3020833333333333,
42,fedavg,0,4,7,False,False,0.5963045912653975,0.5535,1.4647251739501954,0.19626168224299065,0.06886898096304592,0.066,0.052083333333333336,
42,fedavg,0,4,8,False,False,0.5408734602463605,0.5305,1.588942184448242,0.4439252336448598,0.20100783874580067,0.215,0.25,
42,fedavg,0,4,9,False,False,0.2407614781634938,0.217,5.027435974121094,0.018691588785046728,0.0,0.0,0.0,
42,fedavg,0,4,33,True,False,0.28107502799552075,0.342,2.297184555053711,0.8504672897196262,0.996080627099664,0.9935,0.9895833333333334,
42,fedavg,0,4,54,True,False,0.421612541993281,0.451,1.8310520935058594,0.6962616822429907,1.0,0.998,1.0,
42,fedavg,0,4,56,True,False,0.3337066069428891,0.399,2.302775146484375,0.9439252336448598,1.0,1.0,1.0,
42,fedavg,0,4,98,True,False,0.4020156774916014,0.419,2.0087632751464843,0.5607476635514018,0.9994400895856663,0.996,1.0,
44,fedavg,0,4,0,False,False,0.5755879059350504,0.535,1.7206117553710938,0.19626168224299065,0.19988801791713326,0.1875,0.20833333333333334,
44,fedavg,0,4,1,False,False,0.5061590145576708,0.4775,1.683304901123047,0.2383177570093458,0.14725643896976484,0.1445,0.16666666666666666,
44,fedavg,0,4,2,False,False,0.4356103023516238,0.4745,1.825189437866211,0.7990654205607477,0.4490481522956327,0.46,0.5625,
44,fedavg,0,4,3,False,False,0.4848824188129899,0.437,2.232791290283203,0.037383177570093455,0.020156774916013438,0.018,0.03125,
44,fedavg,0,4,4,False,False,0.46248600223964165,0.5,1.6633834075927734,0.8130841121495327,0.43001119820828665,0.446,0.7083333333333334,
44,fedavg,0,4,5,False,False,0.5386338185890258,0.518,1.6367032470703125,0.34579439252336447,0.13997760358342665,0.141,0.16666666666666666,
44,fedavg,0,4,6,False,False,0.4966405375139977,0.4615,1.7005075225830077,0.16822429906542055,0.42049272116461367,0.385,0.3125,
44,fedavg,0,4,7,False,False,0.5974244120940649,0.565,1.4027392349243164,0.29439252336448596,0.2732362821948488,0.2595,0.20833333333333334,
44,fedavg,0,4,8,False,True,0.574468085106383,0.5565,1.6285919952392578,0.40654205607476634,0.396976483762598,0.396,0.3333333333333333,
44,fedavg,0,4,9,False,False,0.2407614781634938,0.217,5.027435974121094,0.018691588785046728,0.0,0.0,0.0,
44,fedavg,0,4,33,True,False,0.28107502799552075,0.342,2.297184555053711,0.8504672897196262,0.9955207166853304,0.9925,0.96875,
44,fedavg,0,4,54,True,False,0.5235162374020157,0.473,1.9433212432861329,0.0514018691588785,0.9916013437849944,0.9785,0.9791666666666666,
44,fedavg,0,4,56,True,False,0.3337066069428891,0.399,2.302775146484375,0.9439252336448598,1.0,1.0,1.0,
44,fedavg,0,4,98,True,False,0.40033594624860025,0.419,2.0118594207763674,0.5747663551401869,0.9994400895856663,0.996,1.0,
46,fedavg,0,4,0,False,False,0.5755879059350504,0.535,1.7206117553710938,0.19626168224299065,0.20100783874580067,0.1885,0.19791666666666666,
46,fedavg,0,4,1,False,False,0.5061590145576708,0.4775,1.683304901123047,0.2383177570093458,0.14613661814109744,0.1435,0.16666666666666666,
46,fedavg,0,4,2,False,False,0.4356103023516238,0.4745,1.825189437866211,0.7990654205607477,0.4496080627099664,0.4605,0.6041666666666666,
46,fedavg,0,4,3,False,False,0.4848824188129899,0.437,2.232791290283203,0.037383177570093455,0.020716685330347144,0.0185,0.0625,
46,fedavg,0,4,4,False,True,0.4742441209406495,0.52,1.606288818359375,0.9018691588785047,0.719484882418813,0.7235,0.8645833333333334,
46,fedavg,0,4,5,False,False,0.5386338185890258,0.518,1.6367032470703125,0.34579439252336447,0.13997760358342665,0.141,0.125,
46,fedavg,0,4,6,False,False,0.4966405375139977,0.4615,1.7005075225830077,0.16822429906542055,0.4148936170212766,0.38,0.3229166666666667,
46,fedavg,0,4,7,False,False,0.635498320268757,0.5975,1.325076988220215,0.2803738317757009,0.3157894736842105,0.2965,0.2708333333333333,
46,fedavg,0,4,8,False,False,0.574468085106383,0.5565,1.6285919952392578,0.40654205607476634,0.3964165733482643,0.396,0.3645833333333333,
46,fedavg,0,4,9,False,False,0.2407614781634938,0.217,5.027435974121094,0.018691588785046728,0.0,0.0,0.0,
46,fedavg,0,4,33,True,True,0.4171332586786114,0.4595,1.9488743896484375,0.8130841121495327,0.9988801791713325,0.998,0.9895833333333334,
46,fedavg,0,4,54,True,False,0.5235162374020157,0.473,1.9433212432861329,0.0514018691588785,0.9916013437849944,0.9785,0.9791666666666666,
46,fedavg,0,4,56,True,False,0.3337066069428891,0.399,2.302775146484375,0.9439252336448598,1.0,1.0,1.0,
46,fedavg,0,4,98,True,False,0.4014557670772676,0.4205,2.0043489532470704,0.5794392523364486,0.9994400895856663,0.996,1.0,
48,fedavg,0,4,0,False,False,0.5755879059350504,0.535,1.7206117553710938,0.19626168224299065,0.20100783874580067,0.1885,0.19791666666666666,
48,fedavg,0,4,1,False,False,0.5061590145576708,0.4775,1.683304901123047,0.2383177570093458,0.14613661814109744,0.1435,0.16666666666666666,
48,fedavg,0,4,2,False,False,0.4356103023516238,0.4745,1.825189437866211,0.7990654205607477,0.4496080627099664,0.4605,0.5416666666666666,
48,fedavg,0,4,3,False,False,0.5173572228443448,0.4685,2.0937527313232422,0.06074766355140187,0.0929451287793953,0.0835,0.10416666666666667,
48,fedavg,0,4,4,False,False,0.4742441209406495,0.52,1.606288818359375,0.9018691588785047,0.7183650615901456,0.7225,0.8645833333333334,
48,fedavg,0,4,5,False,False,0.5386338185890258,0.518,1.6367032470703125,0.34579439252336447,0.13997760358342665,0.141,0.17708333333333334,
48,fedavg,0,4,6,False,False,0.4966405375139977,0.4615,1.7005075225830077,0.16822429906542055,0.4148936170212766,0.38,0.3125,
48,fedavg,0,4,7,False,False,0.635498320268757,0.5975,1.325076988220215,0.2803738317757009,0.3157894736842105,0.2965,0.25,
48,fedavg,0,4,8,False,False,0.574468085106383,0.5565,1.6285919952392578,0.40654205607476634,0.3964165733482643,0.396,0.3541666666666667,
48,fedavg,0,4,9,False,False,0.2407614781634938,0.217,5.027435974121094,0.018691588785046728,0.0,0.0,0.0,
48,fedavg,0,4,33,True,False,0.4171332586786114,0.4595,1.9488743896484375,0.8130841121495327,0.9988801791713325,0.998,0.9791666666666666,
48,fedavg,0,4,54,True,False,0.5235162374020157,0.473,1.9433212432861329,0.0514018691588785,0.9916013437849944,0.9785,0.9895833333333334,
48,fedavg,0,4,56,True,False,0.3337066069428891,0.399,2.302775146484375,0.9439252336448598,1.0,1.0,1.0,
48,fedavg,0,4,98,True,False,0.3964165733482643,0.416,2.0119226531982424,0.5794392523364486,0.9994400895856663,0.996,1.0,
50,fedavg,0,4,0,False,False,0.583986562150056,0.5545,1.56832373046875,0.308411214953271,0.18365061590145576,0.174,0.1875,
50,fedavg,0,4,1,False,False,0.5061590145576708,0.4775,1.683304901123047,0.2383177570093458,0.14613661814109744,0.1435,0.125,
50,fedavg,0,4,2,False,False,0.4356103023516238,0.4745,1.825189437866211,0.7990654205607477,0.4496080627099664,0.4605,0.5520833333333334,
50,fedavg,0,4,3,False,False,0.5173572228443448,0.4685,2.0937527313232422,0.06074766355140187,0.0929451287793953,0.0835,0.11458333333333333,
50,fedavg,0,4,4,False,True,0.5296752519596865,0.5595,1.5213860168457032,0.8084112149532711,0.4596864501679731,0.4725,0.78125,
50,fedavg,0,4,5,False,False,0.5386338185890258,0.518,1.6367032470703125,0.34579439252336447,0.13997760358342665,0.141,0.15625,
50,fedavg,0,4,6,False,False,0.4966405375139977,0.4615,1.7005075225830077,0.16822429906542055,0.4148936170212766,0.38,0.2916666666666667,
50,fedavg,0,4,7,False,False,0.635498320268757,0.5975,1.325076988220215,0.2803738317757009,0.3157894736842105,0.2965,0.22916666666666666,
50,fedavg,0,4,8,False,False,0.574468085106383,0.5565,1.6285919952392578,0.40654205607476634,0.3964165733482643,0.396,0.28125,
50,fedavg,0,4,9,False,False,0.6181410974244121,0.5665,1.509277618408203,0.13551401869158877,0.11758118701007839,0.112,0.15625,
50,fedavg,0,4,33,True,False,0.4171332586786114,0.4595,1.9488743896484375,0.8130841121495327,0.9988801791713325,0.998,0.9895833333333334,
50,fedavg,0,4,54,True,False,0.5235162374020157,0.473,1.9433212432861329,0.0514018691588785,0.9916013437849944,0.9785,0.9791666666666666,
50,fedavg,0,4,56,True,False,0.3337066069428891,0.399,2.302775146484375,0.9439252336448598,1.0,1.0,1.0,
50,fedavg,0,4,98,True,False,0.39977603583426646,0.418,2.012648254394531,0.5700934579439252,0.9994400895856663,0.996,1.0,
52,fedavg,0,4,0,False,False,0.583986562150056,0.5545,1.56832373046875,0.308411214953271,0.18197088465845465,0.1715,0.1875,
52,fedavg,0,4,1,False,False,0.5061590145576708,0.4775,1.683304901123047,0.2383177570093458,0.14613661814109744,0.143,0.14583333333333334,
52,fedavg,0,4,2,False,False,0.4356103023516238,0.4745,1.825189437866211,0.7990654205607477,0.4490481522956327,0.46,0.625,
52,fedavg,0,4,3,False,False,0.5173572228443448,0.4685,2.0937527313232422,0.06074766355140187,0.09238521836506158,0.083,0.09375,
52,fedavg,0,4,4,False,False,0.5296752519596865,0.5595,1.5213860168457032,0.8084112149532711,0.4608062709966405,0.473,0.8125,
52,fedavg,0,4,5,False,False,0.5386338185890258,0.518,1.6367032470703125,0.34579439252336447,0.13941769316909294,0.1405,0.11458333333333333,
52,fedavg,0,4,6,False,False,0.4966405375139977,0.4615,1.7005075225830077,0.16822429906542055,0.4154535274356103,0.3805,0.2916666666666667,
52,fedavg,0,4,7,False,False,0.635498320268757,0.5975,1.325076988220215,0.2803738317757009,0.3141097424412094,0.295,0.23958333333333334,
52,fedavg,0,4,8,False,False,0.574468085106383,0.5565,1.6285919952392578,0.40654205607476634,0.39473684210526316,0.394,0.3229166666666667,
52,fedavg,0,4,9,False,False,0.6181410974244121,0.5665,1.509277618408203,0.13551401869158877,0.11590145576707726,0.11,0.11458333333333333,
52,fedavg,0,4,33,True,False,0.4171332586786114,0.4595,1.9488743896484375,0.8130841121495327,0.9988801791713325,0.998,0.9791666666666666,
52,fedavg,0,4,54,True,False,0.5235162374020157,0.473,1.9433212432861329,0.0514018691588785,0.9910414333706606,0.978,0.9895833333333334,
52,fedavg,0,4,56,True,False,0.4328107502799552,0.484,2.030631301879883,0.9112149532710281,0.9876819708846585,0.9875,1.0,
52,fedavg,0,4,98,True,True,0.3863381858902576,0.4025,2.370022445678711,0.5373831775700935,1.0,0.998,1.0,
54,fedavg,0,4,0,False,False,0.583986562150056,0.5545,1.56832373046875,0.308411214953271,0.18197088465845465,0.1715,0.16666666666666666,
54,fedavg,0,4,1,False,False,0.5061590145576708,0.4775,1.683304901123047,0.2383177570093458,0.14613661814109744,0.143,0.16666666666666666,
54,fedavg,0,4,2,False,False,0.48096304591265393,0.519,1.6236807556152344,0.8364485981308412,0.6024636058230683,0.6075,0.7291666666666666,
54,fedavg,0,4,3,False,False,0.5173572228443448,0.4685,2.0937527313232422,0.06074766355140187,0.09238521836506158,0.083,0.08333333333333333,
54,fedavg,0,4,4,False,False,0.5296752519596865,0.5595,1.5213860168457032,0.8084112149532711,0.4608062709966405,0.4735,0.8020833333333334,
54,fedavg,0,4,5,False,True,0.612541993281075,0.5935,1.3797185668945313,0.43457943925233644,0.3980963045912654,0.3865,0.3333333333333333,
54,fedavg,0,4,6,False,False,0.4966405375139977,0.4615,1.7005075225830077,0.16822429906542055,0.4154535274356103,0.3805,0.3020833333333333,
54,fedavg,0,4,7,False,False,0.635498320268757,0.5975,1.325076988220215,0.2803738317757009,0.3141097424412094,0.295,0.2604166666666667,
54,fedavg,0,4,8,False,False,0.574468085106383,0.5565,1.6285919952392578,0.40654205607476634,0.39473684210526316,0.394,0.3645833333333333,
54,fedavg,0,4,9,False,False,0.6181410974244121,0.5665,1.509277618408203,0.13551401869158877,0.11590145576707726,0.11,0.125,
54,fedavg,0,4,33,True,False,0.4171332586786114,0.4595,1.9488743896484375,0.8130841121495327,0.9988801791713325,0.998,0.9791666666666666,
54,fedavg,0,4,54,True,False,0.5235162374020157,0.473,1.9433212432861329,0.0514018691588785,0.9910414333706606,0.978,0.9895833333333334,
54,fedavg,0,4,56,True,False,0.4328107502799552,0.484,2.030631301879883,0.9112149532710281,0.9876819708846585,0.9875,1.0,
54,fedavg,0,4,98,True,False,0.38017917133258683,0.38,2.4735034942626952,0.37850467289719625,0.9994400895856663,0.9945,1.0,
56,fedavg,0,4,0,False,False,0.583986562150056,0.5545,1.56832373046875,0.308411214953271,0.18197088465845465,0.1715,0.1875,
56,fedavg,0,4,1,False,True,0.5352743561030235,0.508,1.6196552734375,0.2803738317757009,0.2206047032474804,0.212,0.19791666666666666,
56,fedavg,0,4,2,False,False,0.48096304591265393,0.519,1.6236807556152344,0.8364485981308412,0.6024636058230683,0.6075,0.71875,
56,fedavg,0,4,3,False,False,0.5173572228443448,0.4685,2.0937527313232422,0.06074766355140187,0.09238521836506158,0.083,0.09375,
56,fedavg,0,4,4,False,False,0.5072788353863382,0.5495,1.5171483612060548,0.9018691588785047,0.7105263157894737,0.7105,0.8854166666666666,
56,fedavg,0,4,5,False,False,0.612541993281075,0.5935,1.3797185668945313,0.43457943925233644,0.3980963045912654,0.3865,0.375,
56,fedavg,0,4,6,False,False,0.4966405375139977,0.4615,1.7005075225830077,0.16822429906542055,0.4154535274356103,0.3805,0.3125,
56,fedavg,0,4,7,False,False,0.635498320268757,0.5975,1.325076988220215,0.2803738317757009,0.3141097424412094,0.295,0.22916666666666666,
56,fedavg,0,4,8,False,False,0.574468085106383,0.5565,1.6285919952392578,0.40654205607476634,0.39473684210526316,0.394,0.3020833333333333,
56,fedavg,0,4,9,False,False,0.6181410974244121,0.5665,1.509277618408203,0.13551401869158877,0.11590145576707726,0.11,0.09375,
56,fedavg,0,4,33,True,False,0.4171332586786114,0.4595,1.9488743896484375,0.8130841121495327,0.9988801791713325,0.998,0.9791666666666666,
56,fedavg,0,4,54,True,False,0.5235162374020157,0.473,1.9433212432861329,0.0514018691588785,0.9910414333706606,0.978,0.9895833333333334,
56,fedavg,0,4,56,True,False,0.4328107502799552,0.484,2.030631301879883,0.9112149532710281,0.9876819708846585,0.9875,1.0,
56,fedavg,0,4,98,True,False,0.3762597984322509,0.375,2.494600296020508,0.3644859813084112,0.9988801791713325,0.994,1.0,
58,fedavg,0,4,0,False,False,0.583986562150056,0.5545,1.56832373046875,0.308411214953271,0.18197088465845465,0.1715,0.15625,
58,fedavg,0,4,1,False,False,0.5352743561030235,0.508,1.6196552734375,0.2803738317757009,0.2206047032474804,0.212,0.19791666666666666,
58,fedavg,0,4,2,False,True,0.5408734602463605,0.553,1.5319643096923827,0.6542056074766355,0.1797312430011198,0.181,0.25,
58,fedavg,0,4,3,False,False,0.5173572228443448,0.4685,2.0937527313232422,0.06074766355140187,0.09238521836506158,0.083,0.08333333333333333,
58,fedavg,0,4,4,False,False,0.5072788353863382,0.5495,1.5171483612060548,0.9018691588785047,0.7105263157894737,0.7105,0.8958333333333334,
58,fedavg,0,4,5,False,False,0.612541993281075,0.5935,1.3797185668945313,0.43457943925233644,0.3980963045912654,0.3865,0.3333333333333333,
58,fedavg,0,4,6,False,False,0.4966405375139977,0.4615,1.7005075225830077,0.16822429906542055,0.4154535274356103,0.3805,0.34375,
58,fedavg,0,4,7,False,True,0.62989921612542,0.5955,1.3217008819580078,0.308411214953271,0.2536394176931691,0.244,0.22916666666666666,
58,fedavg,0,4,8,False,False,0.574468085106383,0.5565,1.6285919952392578,0.40654205607476634,0.39473684210526316,0.394,0.3125,
58,fedavg,0,4,9,False,False,0.6181410974244121,0.5665,1.509277618408203,0.13551401869158877,0.11590145576707726,0.11,0.10416666666666667,
58,fedavg,0,4,33,True,False,0.4171332586786114,0.4595,1.9488743896484375,0.8130841121495327,0.9988801791713325,0.998,0.9791666666666666,
58,fedavg,0,4,54,True,False,0.5235162374020157,0.473,1.9433212432861329,0.0514018691588785,0.9910414333706606,0.978,1.0,
58,fedavg,0,4,56,True,False,0.4328107502799552,0.484,2.030631301879883,0.9112149532710281,0.9876819708846585,0.9875,1.0,
58,fedavg,0,4,98,True,False,0.3751399776035834,0.3735,2.5034802703857424,0.3598130841121495,0.9988801791713325,0.994,1.0,
60,fedavg,0,4,0,False,False,0.583986562150056,0.5545,1.56832373046875,0.308411214953271,0.16517357222844345,0.158,0.10416666666666667,
60,fedavg,0,4,1,False,False,0.5352743561030235,0.508,1.6196552734375,0.2803738317757009,0.1858902575587906,0.18,0.20833333333333334,
60,fedavg,0,4,2,False,False,0.5408734602463605,0.553,1.5319643096923827,0.6542056074766355,0.1601343784994401,0.16,0.20833333333333334,
60,fedavg,0,4,3,False,False,0.5173572228443448,0.4685,2.0937527313232422,0.06074766355140187,0.07950727883538634,0.071,0.10416666666666667,
60,fedavg,0,4,4,False,False,0.5072788353863382,0.5495,1.5171483612060548,0.9018691588785047,0.6758118701007839,0.678,0.875,
60,fedavg,0,4,5,False,False,0.612541993281075,0.5935,1.3797185668945313,0.43457943925233644,0.35106382978723405,0.3425,0.2916666666666667,
60,fedavg,0,4,6,False,False,0.4966405375139977,0.4615,1.7005075225830077,0.16822429906542055,0.3706606942889138,0.3385,0.2916666666666667,
60,fedavg,0,4,7,False,False,0.62989921612542,0.5955,1.3217008819580078,0.308411214953271,0.24244120940649497,0.23,0.19791666666666666,
60,fedavg,0,4,8,False,False,0.574468085106383,0.5565,1.6285919952392578,0.40654205607476634,0.3370660694288914,0.3395,0.21875,
60,fedavg,0,4,9,False,False,0.6332586786114222,0.587,1.5827474517822266,0.20093457943925233,0.04143337066069429,0.04,0.03125,
60,fedavg,0,4,33,True,False,0.4171332586786114,0.4595,1.9488743896484375,0.8130841121495327,0.9944008958566629,0.992,0.9479166666666666,
60,fedavg,0,4,54,True,False,0.5302351623740201,0.478,2.0071887817382814,0.04205607476635514,0.996080627099664,0.9815,0.9791666666666666,
60,fedavg,0,4,56,True,False,0.4328107502799552,0.484,2.030631301879883,0.9112149532710281,0.9837625979843225,0.9805,0.96875,
60,fedavg,0,4,98,True,False,0.4473684210526315,0.465,1.813480453491211,0.6121495327102804,0.9966405375139977,0.99,0.9895833333333334,
62,fedavg,0,4,0,False,False,0.583986562150056,0.5545,1.56832373046875,0.308411214953271,0.1853303471444569,0.1765,0.125,
62,fedavg,0,4,1,False,False,0.5352743561030235,0.508,1.6196552734375,0.2803738317757009,0.21556550951847706,0.2075,0.22916666666666666,
62,fedavg,0,4,2,False,False,0.5408734602463605,0.553,1.5319643096923827,0.6542056074766355,0.18309070548712206,0.1845,0.25,
62,fedavg,0,4,3,False,False,0.5173572228443448,0.4685,2.0937527313232422,0.06074766355140187,0.093505039193729,0.084,0.11458333333333333,
62,fedavg,0,4,4,False,False,0.5436730123180291,0.582,1.5210925598144531,0.9018691588785047,0.8202687569988801,0.8185,0.9375,
62,fedavg,0,4,5,False,False,0.612541993281075,0.5935,1.3797185668945313,0.43457943925233644,0.3896976483762598,0.379,0.2916666666666667,
62,fedavg,0,4,6,False,False,0.4966405375139977,0.4615,1.7005075225830077,0.16822429906542055,0.416013437849944,0.381,0.3333333333333333,
62,fedavg,0,4,7,False,False,0.62989921612542,0.5955,1.3217008819580078,0.308411214953271,0.2525195968645017,0.241,0.21875,
62,fedavg,0,4,8,False,False,0.574468085106383,0.5565,1.6285919952392578,0.40654205607476634,0.39585666293393057,0.396,0.21875,
62,fedavg,0,4,9,False,False,0.6332586786114222,0.587,1.5827474517822266,0.20093457943925233,0.060470324748040316,0.0585,0.052083333333333336,
62,fedavg,0,4,33,True,False,0.4608062709966405,0.4725,1.8816654510498048,0.5700934579439252,0.9916013437849944,0.9835,0.9583333333333334,
62,fedavg,0,4,54,True,False,0.6075027995520716,0.568,1.37292236328125,0.2383177570093458,0.9977603583426652,0.995,0.9895833333333334,
62,fedavg,0,4,56,True,False,0.4328107502799552,0.484,2.030631301879883,0.9112149532710281,0.9876819708846585,0.9875,1.0,
62,fedavg,0,4,98,True,False,0.4036954087346024,0.428,2.201251937866211,0.6308411214953271,0.9994400895856663,0.9975,1.0,
64,fedavg,0,4,0,False,False,0.583986562150056,0.5545,1.56832373046875,0.308411214953271,0.1858902575587906,0.177,0.1875,
64,fedavg,0,4,1,False,False,0.5352743561030235,0.508,1.6196552734375,0.2803738317757009,0.21556550951847706,0.2075,0.21875,
64,fedavg,0,4,2,False,False,0.5408734602463605,0.553,1.5319643096923827,0.6542056074766355,0.18253079507278835,0.184,0.19791666666666666,
64,fedavg,0,4,3,False,False,0.5173572228443448,0.4685,2.0937527313232422,0.06074766355140187,0.093505039193729,0.084,0.125,
64,fedavg,0,4,4,False,False,0.538073908174692,0.576,1.443249755859375,0.8925233644859814,0.9014557670772676,0.899,0.96875,
64,fedavg,0,4,5,False,False,0.612541993281075,0.5935,1.3797185668945313,0.43457943925233644,0.3885778275475924,0.378,0.3020833333333333,
64,fedavg,0,4,6,False,False,0.4966405375139977,0.4615,1.7005075225830077,0.16822429906542055,0.4154535274356103,0.3805,0.3541666666666667,
64,fedavg,0,4,7,False,False,0.62989921612542,0.5955,1.3217008819580078,0.308411214953271,0.251959686450168,0.241,0.25,
64,fedavg,0,4,8,False,False,0.574468085106383,0.5565,1.6285919952392578,0.40654205607476634,0.39529675251959684,0.3955,0.20833333333333334,
64,fedavg,0,4,9,False,False,0.6332586786114222,0.587,1.5827474517822266,0.20093457943925233,0.060470324748040316,0.0585,0.020833333333333332,
64,fedavg,0,4,33,True,False,0.4608062709966405,0.4725,1.8816654510498048,0.5700934579439252,0.9916013437849944,0.9835,0.96875,
64,fedavg,0,4,54,True,False,0.6075027995520716,0.568,1.37292236328125,0.2383177570093458,0.9977603583426652,0.995,0.9895833333333334,
64,fedavg,0,4,56,True,False,0.4328107502799552,0.484,2.030631301879883,0.9112149532710281,0.9876819708846585,0.9875,1.0,
64,fedavg,0,4,98,True,False,0.40257558790593506,0.4275,2.2138291931152345,0.6355140186915887,0.9994400895856663,0.998,1.0,
66,fedavg,0,4,0,False,False,0.6013437849944009,0.58,1.4931014099121094,0.40186915887850466,0.30291153415453526,0.2865,0.22916666666666666,
66,fedavg,0,4,1,False,True,0.5666293393057111,0.538,1.556744171142578,0.29906542056074764,0.25139977603583424,0.236,0.20833333333333334,
66,fedavg,0,4,2,False,False,0.5279955207166853,0.5595,1.5065502319335937,0.822429906542056,0.47032474804031354,0.479,0.5104166666666666,
66,fedavg,0,4,3,False,False,0.5173572228443448,0.4685,2.0937527313232422,0.06074766355140187,0.093505039193729,0.084,0.125,
66,fedavg,0,4,4,False,False,0.5201567749160134,0.5665,1.5937932434082032,0.9532710280373832,0.8773796192609182,0.871,0.9895833333333334,
66,fedavg,0,4,5,False,False,0.612541993281075,0.5935,1.3797185668945313,0.43457943925233644,0.3885778275475924,0.378,0.2916666666666667,
66,fedavg,0,4,6,False,False,0.4966405375139977,0.4615,1.7005075225830077,0.16822429906542055,0.4154535274356103,0.3805,0.3541666666666667,
66,fedavg,0,4,7,False,False,0.62989921612542,0.5955,1.3217008819580078,0.308411214953271,0.251959686450168,0.241,0.22916666666666666,
66,fedavg,0,4,8,False,False,0.574468085106383,0.5565,1.6285919952392578,0.40654205607476634,0.39529675251959684,0.3955,0.25,
66,fedavg,0,4,9,False,False,0.6332586786114222,0.587,1.5827474517822266,0.20093457943925233,0.060470324748040316,0.0585,0.03125,
66,fedavg,0,4,33,True,False,0.4608062709966405,0.4725,1.8816654510498048,0.5700934579439252,0.9916013437849944,0.9835,0.9479166666666666,
66,fedavg,0,4,54,True,False,0.6075027995520716,0.568,1.37292236328125,0.2383177570093458,0.9977603583426652,0.995,0.9895833333333334,
66,fedavg,0,4,56,True,False,0.4328107502799552,0.484,2.030631301879883,0.9112149532710281,0.9876819708846585,0.9875,0.9895833333333334,
66,fedavg,0,4,98,True,False,0.4014557670772676,0.426,2.2196884155273438,0.6308411214953271,0.9994400895856663,0.998,1.0,
68,fedavg,0,4,0,False,False,0.6013437849944009,0.58,1.4931014099121094,0.40186915887850466,0.2989921612541993,0.282,0.28125,
68,fedavg,0,4,1,False,False,0.5666293393057111,0.538,1.556744171142578,0.29906542056074764,0.24300111982082867,0.228,0.3020833333333333,
68,fedavg,0,4,2,False,False,0.5358342665173572,0.5405,1.7053548736572266,0.5794392523364486,0.22396416573348266,0.2265,0.3541666666666667,
68,fedavg,0,4,3,False,False,0.574468085106383,0.5225,1.7585110931396484,0.08878504672897196,0.04983202687569989,0.045,0.11458333333333333,
68,fedavg,0,4,4,False,False,0.5201567749160134,0.5665,1.5937932434082032,0.9532710280373832,0.8745800671892497,0.8685,1.0,
68,fedavg,0,4,5,False,False,0.606942889137738,0.5765,1.4369024963378907,0.32242990654205606,0.09742441209406495,0.0895,0.07291666666666667,
68,fedavg,0,4,6,False,False,0.4966405375139977,0.4615,1.7005075225830077,0.16822429906542055,0.40929451287793955,0.3745,0.3333333333333333,
68,fedavg,0,4,7,False,False,0.62989921612542,0.5955,1.3217008819580078,0.308411214953271,0.24860022396416573,0.238,0.25,
68,fedavg,0,4,8,False,False,0.574468085106383,0.5565,1.6285919952392578,0.40654205607476634,0.38633818589025753,0.3865,0.3125,
68,fedavg,0,4,9,False,False,0.6332586786114222,0.587,1.5827474517822266,0.20093457943925233,0.05767077267637178,0.0565,0.041666666666666664,
68,fedavg,0,4,33,True,False,0.4608062709966405,0.4725,1.8816654510498048,0.5700934579439252,0.9916013437849944,0.9835,0.9375,
68,fedavg,0,4,54,True,False,0.6075027995520716,0.568,1.37292236328125,0.2383177570093458,0.9977603583426652,0.995,0.9791666666666666,
68,fedavg,0,4,56,True,False,0.4328107502799552,0.484,2.030631301879883,0.9112149532710281,0.9882418812989922,0.988,0.9895833333333334,
68,fedavg,0,4,98,True,False,0.5274356103023516,0.5035,1.8000318450927735,0.3037383177570093,0.9994400895856663,0.9955,1.0,
70,fedavg,0,4,0,False,False,0.6013437849944009,0.58,1.4931014099121094,0.40186915887850466,0.3012318029115342,0.2845,0.3020833333333333,
70,fedavg,0,4,1,False,False,0.5666293393057111,0.538,1.556744171142578,0.29906542056074764,0.24804031354983203,0.2325,0.2708333333333333,
70,fedavg,0,4,2,False,False,0.5358342665173572,0.5405,1.7053548736572266,0.5794392523364486,0.22620380739081747,0.2285,0.3645833333333333,
70,fedavg,0,4,3,False,False,0.574468085106383,0.5225,1.7585110931396484,0.08878504672897196,0.0509518477043673,0.0465,0.10416666666666667,
70,fedavg,0,4,4,False,False,0.5201567749160134,0.5665,1.5937932434082032,0.9532710280373832,0.8756998880179171,0.8695,0.96875,
70,fedavg,0,4,5,False,False,0.606942889137738,0.5765,1.4369024963378907,0.32242990654205606,0.09910414333706608,0.091,0.07291666666666667,
70,fedavg,0,4,6,False,False,0.4966405375139977,0.4615,1.7005075225830077,0.16822429906542055,0.41041433370660696,0.3755,0.34375,
70,fedavg,0,4,7,False,False,0.62989921612542,0.5955,1.3217008819580078,0.308411214953271,0.2530795072788354,0.2415,0.2604166666666667,
70,fedavg,0,4,8,False,True,0.6136618141097425,0.597,1.527767303466797,0.45794392523364486,0.3717805151175812,0.3685,0.28125,
70,fedavg,0,4,9,False,False,0.6332586786114222,0.587,1.5827474517822266,0.20093457943925233,0.0593505039193729,0.0575,0.03125,
70,fedavg,0,4,33,True,False,0.4608062709966405,0.4725,1.8816654510498048,0.5700934579439252,0.9916013437849944,0.9835,0.9270833333333334,
70,fedavg,0,4,54,True,False,0.6075027995520716,0.568,1.37292236328125,0.2383177570093458,0.9977603583426652,0.9955,0.9895833333333334,
70,fedavg,0,4,56,True,True,0.43505039193729,0.448,2.4269382476806642,0.5560747663551402,0.8381858902575587,0.8375,0.90625,
70,fedavg,0,4,98,True,False,0.4115341545352743,0.4165,2.267057113647461,0.45794392523364486,0.9994400895856663,0.997,1.0,
72,fedavg,0,4,0,False,False,0.6013437849944009,0.58,1.4931014099121094,0.40186915887850466,0.30067189249720044,0.2855,0.3020833333333333,
72,fedavg,0,4,1,False,False,0.5666293393057111,0.538,1.556744171142578,0.29906542056074764,0.24244120940649497,0.228,0.2604166666666667,
72,fedavg,0,4,2,False,False,0.6159014557670772,0.639,1.2521228332519532,0.8317757009345794,0.687010078387458,0.682,0.6458333333333334,
72,fedavg,0,4,3,False,False,0.574468085106383,0.5225,1.7585110931396484,0.08878504672897196,0.04703247480403135,0.043,0.125,
72,fedavg,0,4,4,False,False,0.5201567749160134,0.5665,1.5937932434082032,0.9532710280373832,0.8756998880179171,0.869,0.9895833333333334,
72,fedavg,0,4,5,False,False,0.606942889137738,0.5765,1.4369024963378907,0.32242990654205606,0.09574468085106383,0.0895,0.041666666666666664,
72,fedavg,0,4,6,False,False,0.5638297872340425,0.5355,1.549099380493164,0.29906542056074764,0.4966405375139978,0.4585,0.3020833333333333,
72,fedavg,0,4,7,False,False,0.62989921612542,0.5955,1.3217008819580078,0.308411214953271,0.24300111982082867,0.2305,0.2604166666666667,
72,fedavg,0,4,8,False,False,0.6136618141097425,0.597,1.527767303466797,0.45794392523364486,0.3628219484882419,0.3605,0.3020833333333333,
72,fedavg,0,4,9,False,False,0.6332586786114222,0.587,1.5827474517822266,0.20093457943925233,0.054871220604703244,0.053,0.03125,
72,fedavg,0,4,33,True,False,0.4608062709966405,0.4725,1.8816654510498048,0.5700934579439252,0.9910414333706606,0.983,0.90625,
72,fedavg,0,4,54,True,False,0.6075027995520716,0.568,1.37292236328125,0.2383177570093458,0.9977603583426652,0.9955,0.9895833333333334,
72,fedavg,0,4,56,True,True,0.3029115341545353,0.375,2.8352992553710936,0.9766355140186916,1.0,1.0,1.0,
72,fedavg,0,4,98,True,False,0.4048152295632699,0.411,2.2849421539306642,0.46261682242990654,0.9994400895856663,0.997,1.0,
74,fedavg,0,4,0,False,False,0.6013437849944009,0.58,1.4931014099121094,0.40186915887850466,0.2793952967525196,0.264,0.3333333333333333,
74,fedavg,0,4,1,False,True,0.5862262038073909,0.559,1.5133314666748048,0.3317757009345794,0.44680851063829785,0.423,0.5,
74,fedavg,0,4,2,False,False,0.6159014557670772,0.639,1.2521228332519532,0.8317757009345794,0.7077267637178052,0.702,0.8645833333333334,
74,fedavg,0,4,3,False,False,0.574468085106383,0.5225,1.7585110931396484,0.08878504672897196,0.04535274356103024,0.0415,0.0625,
74,fedavg,0,4,4,False,False,0.5201567749160134,0.5665,1.5937932434082032,0.9532710280373832,0.8667413213885778,0.8595,0.9791666666666666,
74,fedavg,0,4,5,False,False,0.606942889137738,0.5765,1.4369024963378907,0.32242990654205606,0.09686450167973125,0.089,0.020833333333333332,
74,fedavg,0,4,6,False,False,0.5638297872340425,0.5355,1.549099380493164,0.29906542056074764,0.4916013437849944,0.454,0.3229166666666667,
74,fedavg,0,4,7,False,False,0.62989921612542,0.5955,1.3217008819580078,0.308411214953271,0.24468085106382978,0.2345,0.2916666666666667,
74,fedavg,0,4,8,False,False,0.6338185890257559,0.616,1.4100991668701173,0.4672897196261682,0.6511758118701008,0.6335,0.6354166666666666,
74,fedavg,0,4,9,False,False,0.6136618141097425,0.566,1.6284844360351562,0.16822429906542055,0.3684210526315789,0.337,0.3854166666666667,
74,fedavg,0,4,33,True,False,0.4608062709966405,0.4725,1.8816654510498048,0.5700934579439252,0.9916013437849944,0.9835,1.0,
74,fedavg,0,4,54,True,False,0.6075027995520716,0.568,1.37292236328125,0.2383177570093458,0.9977603583426652,0.995,1.0,
74,fedavg,0,4,56,True,False,0.3029115341545353,0.375,2.8352992553710936,0.9766355140186916,1.0,1.0,1.0,
74,fedavg,0,4,98,True,True,0.5615901455767077,0.5225,1.7560415496826172,0.19626168224299065,0.9988801791713325,0.9885,1.0,
76,fedavg,0,4,0,False,False,0.6013437849944009,0.58,1.4931014099121094,0.40186915887850466,0.27715565509518475,0.2615,0.3645833333333333,
76,fedavg,0,4,1,False,False,0.5862262038073909,0.559,1.5133314666748048,0.3317757009345794,0.4428891377379619,0.419,0.5625,
76,fedavg,0,4,2,False,False,0.6159014557670772,0.639,1.2521228332519532,0.8317757009345794,0.706047032474804,0.6995,0.875,
76,fedavg,0,4,3,False,False,0.574468085106383,0.5225,1.7585110931396484,0.08878504672897196,0.043673012318029114,0.04,0.07291666666666667,
76,fedavg,0,4,4,False,False,0.5201567749160134,0.5665,1.5937932434082032,0.9532710280373832,0.8667413213885778,0.8595,0.9791666666666666,
76,fedavg,0,4,5,False,False,0.606942889137738,0.5765,1.4369024963378907,0.32242990654205606,0.09686450167973125,0.089,0.041666666666666664,
76,fedavg,0,4,6,False,False,0.5638297872340425,0.5355,1.549099380493164,0.29906542056074764,0.4932810750279955,0.4545,0.34375,
76,fedavg,0,4,7,False,False,0.62989921612542,0.5955,1.3217008819580078,0.308411214953271,0.24412094064949608,0.2345,0.28125,
76,fedavg,0,4,8,False,False,0.6338185890257559,0.616,1.4100991668701173,0.4672897196261682,0.6517357222844344,0.634,0.6354166666666666,
76,fedavg,0,4,9,False,False,0.6136618141097425,0.566,1.6284844360351562,0.16822429906542055,0.3673012318029115,0.336,0.3541666666666667,
76,fedavg,0,4,33,True,False,0.4608062709966405,0.4725,1.8816654510498048,0.5700934579439252,0.9910414333706606,0.983,1.0,
76,fedavg,0,4,54,True,False,0.6075027995520716,0.568,1.37292236328125,0.2383177570093458,0.9977603583426652,0.995,1.0,
76,fedavg,0,4,56,True,True,0.36674132138857785,0.4235,2.478167434692383,0.897196261682243,1.0,0.9995,1.0,
76,fedavg,0,4,98,True,False,0.5223964165733483,0.4905,1.926280517578125,0.22429906542056074,0.9994400895856663,0.9955,1.0,
78,fedavg,0,4,0,False,True,0.5755879059350504,0.5675,1.636195053100586,0.5,0.5207166853303471,0.4985,0.5416666666666666,
78,fedavg,0,4,1,False,False,0.5862262038073909,0.559,1.5133314666748048,0.3317757009345794,0.44456886898096304,0.4205,0.6145833333333334,
78,fedavg,0,4,2,False,False,0.6159014557670772,0.639,1.2521228332519532,0.8317757009345794,0.7088465845464725,0.7025,0.8854166666666666,
78,fedavg,0,4,3,False,False,0.574468085106383,0.5225,1.7585110931396484,0.08878504672897196,0.04535274356103024,0.0415,0.09375,
78,fedavg,0,4,4,False,False,0.5201567749160134,0.5665,1.5937932434082032,0.9532710280373832,0.8661814109742442,0.8585,0.9895833333333334,
78,fedavg,0,4,5,False,False,0.606942889137738,0.5765,1.4369024963378907,0.32242990654205606,0.09686450167973125,0.089,0.052083333333333336,
78,fedavg,0,4,6,False,False,0.5638297872340425,0.5355,1.549099380493164,0.29906542056074764,0.49272116461366183,0.4545,0.3645833333333333,
78,fedavg,0,4,7,False,False,0.62989921612542,0.5955,1.3217008819580078,0.308411214953271,0.24524076147816348,0.2355,0.3333333333333333,
78,fedavg,0,4,8,False,False,0.6338185890257559,0.616,1.4100991668701173,0.4672897196261682,0.6500559910414334,0.633,0.5833333333333334,
78,fedavg,0,4,9,False,False,0.6136618141097425,0.566,1.6284844360351562,0.16822429906542055,0.3673012318029115,0.336,0.3854166666666667,
78,fedavg,0,4,33,True,False,0.4608062709966405,0.4725,1.8816654510498048,0.5700934579439252,0.9916013437849944,0.9835,1.0,
78,fedavg,0,4,54,True,False,0.5464725643896977,0.499,1.9833214416503906,0.102803738317757,0.9966405375139977,0.982,0.9895833333333334,
78,fedavg,0,4,56,True,False,0.36674132138857785,0.4235,2.478167434692383,0.897196261682243,1.0,0.9995,1.0,
78,fedavg,0,4,98,True,False,0.5190369540873461,0.4875,1.932824188232422,0.22429906542056074,0.9994400895856663,0.9955,1.0,
80,fedavg,0,4,0,False,False,0.5755879059350504,0.5675,1.636195053100586,0.5,0.5184770436730123,0.4965,0.5520833333333334,
80,fedavg,0,4,1,False,False,0.5862262038073909,0.559,1.5133314666748048,0.3317757009345794,0.4406494960806271,0.4175,0.6145833333333334,
80,fedavg,0,4,2,False,False,0.6159014557670772,0.639,1.2521228332519532,0.8317757009345794,0.706047032474804,0.6995,0.8854166666666666,
80,fedavg,0,4,3,False,True,0.583986562150056,0.535,1.9247000732421875,0.1261682242990654,0.364501679731243,0.3335,0.40625,
80,fedavg,0,4,4,False,False,0.5201567749160134,0.5665,1.5937932434082032,0.9532710280373832,0.8673012318029115,0.86,1.0,
80,fedavg,0,4,5,False,False,0.606942889137738,0.5765,1.4369024963378907,0.32242990654205606,0.09630459126539753,0.0885,0.020833333333333332,
80,fedavg,0,4,6,False,False,0.5638297872340425,0.5355,1.549099380493164,0.29906542056074764,0.49272116461366183,0.454,0.34375,
80,fedavg,0,4,7,False,False,0.6707726763717805,0.6315,1.1828383865356444,0.3037383177570093,0.6041433370660694,0.5665,0.6354166666666666,
80,fedavg,0,4,8,False,False,0.6338185890257559,0.616,1.4100991668701173,0.4672897196261682,0.648936170212766,0.6315,0.6145833333333334,
80,fedavg,0,4,9,False,False,0.6136618141097425,0.566,1.6284844360351562,0.16822429906542055,0.37010078387458006,0.3385,0.375,
80,fedavg,0,4,33,True,False,0.5531914893617021,0.5505,1.596982864379883,0.5280373831775701,0.9972004479283315,0.994,1.0,
80,fedavg,0,4,54,True,False,0.5464725643896977,0.499,1.9833214416503906,0.102803738317757,0.9966405375139977,0.982,0.9895833333333334,
80,fedavg,0,4,56,True,False,0.36674132138857785,0.4235,2.478167434692383,0.897196261682243,1.0,0.9995,1.0,
80,fedavg,0,4,98,True,False,0.522956326987682,0.491,1.9304764251708983,0.22429906542056074,0.9994400895856663,0.9955,1.0,
82,fedavg,0,4,0,False,False,0.5755879059350504,0.5675,1.636195053100586,0.5,0.5184770436730123,0.4965,0.5416666666666666,
82,fedavg,0,4,1,False,False,0.5862262038073909,0.559,1.5133314666748048,0.3317757009345794,0.4412094064949608,0.418,0.53125,
82,fedavg,0,4,2,False,False,0.6159014557670772,0.639,1.2521228332519532,0.8317757009345794,0.706047032474804,0.6995,0.8333333333333334,
82,fedavg,0,4,3,False,False,0.583986562150056,0.535,1.9247000732421875,0.1261682242990654,0.364501679731243,0.3335,0.375,
82,fedavg,0,4,4,False,False,0.5201567749160134,0.5665,1.5937932434082032,0.9532710280373832,0.8673012318029115,0.86,1.0,
82,fedavg,0,4,5,False,False,0.606942889137738,0.5765,1.4369024963378907,0.32242990654205606,0.09630459126539753,0.0885,0.03125,
82,fedavg,0,4,6,False,True,0.5951847704367301,0.5755,1.4236993865966796,0.411214953271028,0.5879059350503919,0.543,0.4375,
82,fedavg,0,4,7,False,False,0.6707726763717805,0.6315,1.1828383865356444,0.3037383177570093,0.6035834266517357,0.566,0.5625,
82,fedavg,0,4,8,False,False,0.6735722284434491,0.654,1.2292705383300782,0.49065420560747663,0.7905935050391937,0.773,0.6979166666666666,
82,fedavg,0,4,9,False,False,0.6136618141097425,0.566,1.6284844360351562,0.16822429906542055,0.36954087346024633,0.338,0.3645833333333333,
82,fedavg,0,4,33,True,False,0.5531914893617021,0.5505,1.596982864379883,0.5280373831775701,0.9972004479283315,0.994,1.0,
82,fedavg,0,4,54,True,False,0.5464725643896977,0.499,1.9833214416503906,0.102803738317757,0.9966405375139977,0.982,0.9895833333333334,
82,fedavg,0,4,56,True,False,0.36674132138857785,0.4235,2.478167434692383,0.897196261682243,1.0,0.9995,1.0,
82,fedavg,0,4,98,True,False,0.5190369540873461,0.4875,1.942598159790039,0.22429906542056074,0.9994400895856663,0.9955,1.0,
84,fedavg,0,4,0,False,False,0.5755879059350504,0.5675,1.636195053100586,0.5,0.5179171332586786,0.496,0.5416666666666666,
84,fedavg,0,4,1,False,False,0.5862262038073909,0.559,1.5133314666748048,0.3317757009345794,0.4412094064949608,0.4175,0.6041666666666666,
84,fedavg,0,4,2,False,False,0.6159014557670772,0.639,1.2521228332519532,0.8317757009345794,0.7066069428891377,0.7,0.90625,
84,fedavg,0,4,3,False,False,0.583986562150056,0.535,1.9247000732421875,0.1261682242990654,0.364501679731243,0.3335,0.4166666666666667,
84,fedavg,0,4,4,False,False,0.5537513997760358,0.592,1.5554532775878906,0.9112149532710281,0.8225083986562151,0.828,0.96875,
84,fedavg,0,4,5,False,False,0.606942889137738,0.5765,1.4369024963378907,0.32242990654205606,0.09630459126539753,0.0885,0.03125,
84,fedavg,0,4,6,False,False,0.5951847704367301,0.5755,1.4236993865966796,0.411214953271028,0.5890257558790594,0.544,0.4895833333333333,
84,fedavg,0,4,7,False,False,0.6707726763717805,0.6315,1.1828383865356444,0.3037383177570093,0.603023516237402,0.5655,0.6145833333333334,
84,fedavg,0,4,8,False,False,0.6735722284434491,0.654,1.2292705383300782,0.49065420560747663,0.7905935050391937,0.773,0.6770833333333334,
84,fedavg,0,4,9,False,False,0.6136618141097425,0.566,1.6284844360351562,0.16822429906542055,0.36954087346024633,0.338,0.3645833333333333,
84,fedavg,0,4,33,True,False,0.5531914893617021,0.5505,1.596982864379883,0.5280373831775701,0.9972004479283315,0.994,1.0,
84,fedavg,0,4,54,True,False,0.5464725643896977,0.499,1.9833214416503906,0.102803738317757,0.9966405375139977,0.982,0.9895833333333334,
84,fedavg,0,4,56,True,False,0.36674132138857785,0.4235,2.478167434692383,0.897196261682243,1.0,0.9995,1.0,
84,fedavg,0,4,98,True,False,0.5240761478163494,0.4915,1.9294776458740235,0.21962616822429906,0.9994400895856663,0.9955,1.0,
86,fedavg,0,4,0,False,False,0.5755879059350504,0.5675,1.636195053100586,0.5,0.5212765957446809,0.5005,0.5520833333333334,
86,fedavg,0,4,1,False,False,0.5862262038073909,0.559,1.5133314666748048,0.3317757009345794,0.4428891377379619,0.4205,0.5104166666666666,
86,fedavg,0,4,2,False,False,0.6159014557670772,0.639,1.2521228332519532,0.8317757009345794,0.7054871220604704,0.7005,0.8854166666666666,
86,fedavg,0,4,3,False,True,0.635498320268757,0.582,1.6328104553222655,0.13551401869158877,0.6254199328107503,0.5715,0.5625,
86,fedavg,0,4,4,False,False,0.5537513997760358,0.592,1.5554532775878906,0.9112149532710281,0.8208286674132139,0.8255,0.9583333333333334,
86,fedavg,0,4,5,False,False,0.606942889137738,0.5765,1.4369024963378907,0.32242990654205606,0.09462486002239642,0.087,0.03125,
86,fedavg,0,4,6,False,False,0.5951847704367301,0.5755,1.4236993865966796,0.411214953271028,0.6047032474804032,0.5585,0.4479166666666667,
86,fedavg,0,4,7,False,False,0.6707726763717805,0.6315,1.1828383865356444,0.3037383177570093,0.6131019036954087,0.5745,0.6145833333333334,
86,fedavg,0,4,8,False,False,0.6735722284434491,0.654,1.2292705383300782,0.49065420560747663,0.8012318029115342,0.7825,0.7604166666666666,
86,fedavg,0,4,9,False,False,0.6136618141097425,0.566,1.6284844360351562,0.16822429906542055,0.3684210526315789,0.3375,0.3125,
86,fedavg,0,4,33,True,False,0.5531914893617021,0.5505,1.596982864379883,0.5280373831775701,0.9966405375139977,0.9935,1.0,
86,fedavg,0,4,54,True,False,0.5464725643896977,0.499,1.9833214416503906,0.102803738317757,0.9966405375139977,0.9815,0.9895833333333334,
86,fedavg,0,4,56,True,False,0.22060470324748038,0.303,3.858992645263672,0.9906542056074766,1.0,1.0,1.0,
86,fedavg,0,4,98,True,False,0.5201567749160134,0.4885,1.935814437866211,0.22429906542056074,0.9994400895856663,0.9935,1.0,
88,fedavg,0,4,0,False,False,0.5755879059350504,0.5675,1.636195053100586,0.5,0.5201567749160134,0.4985,0.4375,
88,fedavg,0,4,1,False,False,0.5862262038073909,0.559,1.5133314666748048,0.3317757009345794,0.4311310190369541,0.4085,0.5,
88,fedavg,0,4,2,False,False,0.6159014557670772,0.639,1.2521228332519532,0.8317757009345794,0.7032474804031354,0.6965,0.7291666666666666,
88,fedavg,0,4,3,False,False,0.635498320268757,0.582,1.6328104553222655,0.13551401869158877,0.6142217245240762,0.5605,0.46875,
88,fedavg,0,4,4,False,False,0.5537513997760358,0.592,1.5554532775878906,0.9112149532710281,0.8213885778275476,0.826,0.9791666666666666,
88,fedavg,0,4,5,False,False,0.6103023516237402,0.597,1.3801306762695313,0.48598130841121495,0.32978723404255317,0.32,0.3645833333333333,
88,fedavg,0,4,6,False,False,0.5951847704367301,0.5755,1.4236993865966796,0.411214953271028,0.6013437849944009,0.5555,0.4375,
88,fedavg,0,4,7,False,False,0.6707726763717805,0.6315,1.1828383865356444,0.3037383177570093,0.6103023516237402,0.5725,0.3958333333333333,
88,fedavg,0,4,8,False,False,0.6735722284434491,0.654,1.2292705383300782,0.49065420560747663,0.8001119820828667,0.7815,0.5,
88,fedavg,0,4,9,False,True,0.6590145576707727,0.6155,1.4531999359130858,0.2523364485981308,0.6685330347144457,0.6245,0.6041666666666666,
88,fedavg,0,4,33,True,False,0.5531914893617021,0.5505,1.596982864379883,0.5280373831775701,0.9966405375139977,0.9935,0.9583333333333334,
88,fedavg,0,4,54,True,False,0.5464725643896977,0.499,1.9833214416503906,0.102803738317757,0.9966405375139977,0.982,0.9270833333333334,
88,fedavg,0,4,56,True,False,0.25027995520716684,0.3295,3.3566308898925783,0.9906542056074766,1.0,1.0,1.0,
88,fedavg,0,4,98,True,False,0.49384098544232924,0.4585,2.130065979003906,0.16355140186915887,0.9972004479283315,0.9885,1.0,
90,fedavg,0,4,0,False,False,0.5755879059350504,0.5675,1.636195053100586,0.5,0.5212765957446809,0.5,0.46875,
90,fedavg,0,4,1,False,False,0.5862262038073909,0.559,1.5133314666748048,0.3317757009345794,0.4406494960806271,0.418,0.5,
90,fedavg,0,4,2,False,False,0.6159014557670772,0.639,1.2521228332519532,0.8317757009345794,0.7054871220604704,0.6995,0.78125,
90,fedavg,0,4,3,False,False,0.635498320268757,0.582,1.6328104553222655,0.13551401869158877,0.6215005599104143,0.568,0.5416666666666666,
90,fedavg,0,4,4,False,False,0.5537513997760358,0.592,1.5554532775878906,0.9112149532710281,0.8225083986562151,0.827,0.96875,
90,fedavg,0,4,5,False,False,0.6103023516237402,0.597,1.3801306762695313,0.48598130841121495,0.32866741321388576,0.3185,0.3541666666666667,
90,fedavg,0,4,6,False,False,0.5951847704367301,0.5755,1.4236993865966796,0.411214953271028,0.6047032474804032,0.5585,0.4166666666666667,
90,fedavg,0,4,7,False,False,0.6707726763717805,0.6315,1.1828383865356444,0.3037383177570093,0.6153415453527435,0.578,0.3958333333333333,
90,fedavg,0,4,8,False,False,0.6735722284434491,0.654,1.2292705383300782,0.49065420560747663,0.8006718924972005,0.783,0.5729166666666666,
90,fedavg,0,4,9,False,False,0.6875699888017917,0.6565,1.2723374557495117,0.397196261682243,0.7295632698768197,0.6775,0.5833333333333334,
90,fedavg,0,4,33,True,False,0.5531914893617021,0.5505,1.596982864379883,0.5280373831775701,0.9966405375139977,0.9935,0.96875,
90,fedavg,0,4,54,True,True,0.5694288913773796,0.561,1.5077889099121093,0.49065420560747663,0.9966405375139977,0.993,0.9791666666666666,
90,fedavg,0,4,56,True,True,0.46024636058230683,0.513,1.92881103515625,0.9532710280373832,0.9988801791713325,0.999,1.0,
90,fedavg,0,4,98,True,False,0.4966405375139977,0.489,1.9266806640625,0.4252336448598131,1.0,0.998,1.0,
92,fedavg,0,4,0,False,False,0.6349384098544233,0.6135,1.4029327697753906,0.43457943925233644,0.6674132138857782,0.6395,0.59375,
92,fedavg,0,4,1,False,False,0.5862262038073909,0.559,1.5133314666748048,0.3317757009345794,0.4406494960806271,0.418,0.5104166666666666,
92,fedavg,0,4,2,False,False,0.6159014557670772,0.639,1.2521228332519532,0.8317757009345794,0.7049272116461366,0.699,0.6979166666666666,
92,fedavg,0,4,3,False,False,0.635498320268757,0.582,1.6328104553222655,0.13551401869158877,0.6215005599104143,0.568,0.5416666666666666,
92,fedavg,0,4,4,False,True,0.551511758118701,0.5925,1.5380298309326172,0.9345794392523364,0.9188129899216125,0.9175,0.9791666666666666,
92,fedavg,0,4,5,False,False,0.6103023516237402,0.597,1.3801306762695313,0.48598130841121495,0.32866741321388576,0.3185,0.3125,
92,fedavg,0,4,6,False,False,0.5951847704367301,0.5755,1.4236993865966796,0.411214953271028,0.6052631578947368,0.5585,0.40625,
92,fedavg,0,4,7,False,False,0.6707726763717805,0.6315,1.1828383865356444,0.3037383177570093,0.6147816349384099,0.5775,0.3958333333333333,
92,fedavg,0,4,8,False,False,0.6735722284434491,0.654,1.2292705383300782,0.49065420560747663,0.8006718924972005,0.783,0.5104166666666666,
92,fedavg,0,4,9,False,False,0.6875699888017917,0.6565,1.2723374557495117,0.397196261682243,0.7295632698768197,0.6775,0.5833333333333334,
92,fedavg,0,4,33,True,False,0.5531914893617021,0.5505,1.596982864379883,0.5280373831775701,0.9966405375139977,0.9935,0.9895833333333334,
92,fedavg,0,4,54,True,False,0.5694288913773796,0.561,1.5077889099121093,0.49065420560747663,0.9966405375139977,0.993,0.9791666666666666,
92,fedavg,0,4,56,True,False,0.46024636058230683,0.513,1.92881103515625,0.9532710280373832,0.9988801791713325,0.999,1.0,
92,fedavg,0,4,98,True,False,0.5016797312430011,0.4945,1.926047348022461,0.43457943925233644,1.0,0.998,1.0,
94,fedavg,0,4,0,False,False,0.6349384098544233,0.6135,1.4029327697753906,0.43457943925233644,0.6707726763717805,0.6425,0.5416666666666666,
94,fedavg,0,4,1,False,False,0.5862262038073909,0.559,1.5133314666748048,0.3317757009345794,0.44456886898096304,0.4215,0.4270833333333333,
94,fedavg,0,4,2,False,False,0.6159014557670772,0.639,1.2521228332519532,0.8317757009345794,0.7038073908174692,0.698,0.7291666666666666,
94,fedavg,0,4,3,False,False,0.5391937290033595,0.496,2.3023143005371094,0.13551401869158877,0.36674132138857785,0.335,0.3645833333333333,
94,fedavg,0,4,4,False,False,0.551511758118701,0.5925,1.5380298309326172,0.9345794392523364,0.9188129899216125,0.9175,0.9791666666666666,
94,fedavg,0,4,5,False,False,0.6103023516237402,0.597,1.3801306762695313,0.48598130841121495,0.3303471444568869,0.3205,0.3125,
94,fedavg,0,4,6,False,False,0.5951847704367301,0.5755,1.4236993865966796,0.411214953271028,0.6052631578947368,0.5595,0.4479166666666667,
94,fedavg,0,4,7,False,False,0.6707726763717805,0.6315,1.1828383865356444,0.3037383177570093,0.6159014557670772,0.579,0.3958333333333333,
94,fedavg,0,4,8,False,False,0.6735722284434491,0.654,1.2292705383300782,0.49065420560747663,0.8006718924972005,0.783,0.5625,
94,fedavg,0,4,9,False,False,0.6875699888017917,0.6565,1.2723374557495117,0.397196261682243,0.7312430011198209,0.6795,0.5729166666666666,
94,fedavg,0,4,33,True,False,0.5531914893617021,0.5505,1.596982864379883,0.5280373831775701,0.9966405375139977,0.9935,0.96875,
94,fedavg,0,4,54,True,True,0.528555431131019,0.5155,1.9765166473388671,0.40654205607476634,1.0,0.998,1.0,
94,fedavg,0,4,56,True,False,0.46024636058230683,0.513,1.92881103515625,0.9532710280373832,0.9988801791713325,0.999,1.0,
94,fedavg,0,4,98,True,False,0.4972004479283315,0.4905,1.9324345703125,0.43457943925233644,1.0,0.998,1.0,
96,fedavg,0,4,0,False,False,0.6349384098544233,0.6135,1.4029327697753906,0.43457943925233644,0.6696528555431132,0.6415,0.5208333333333334,
96,fedavg,0,4,1,False,False,0.5862262038073909,0.559,1.5133314666748048,0.3317757009345794,0.44512877939529677,0.422,0.4479166666666667,
96,fedavg,0,4,2,False,False,0.6159014557670772,0.639,1.2521228332519532,0.8317757009345794,0.7043673012318029,0.699,0.7604166666666666,
96,fedavg,0,4,3,False,False,0.5391937290033595,0.496,2.3023143005371094,0.13551401869158877,0.36786114221724525,0.336,0.3541666666666667,
96,fedavg,0,4,4,False,False,0.625979843225084,0.6555,1.2736299819946288,0.9018691588785047,0.9053751399776035,0.898,0.9583333333333334,
96,fedavg,0,4,5,False,False,0.6103023516237402,0.597,1.3801306762695313,0.48598130841121495,0.32978723404255317,0.32,0.3541666666666667,
96,fedavg,0,4,6,False,False,0.5862262038073909,0.5855,1.4380989303588867,0.5794392523364486,0.8376259798432251,0.778,0.5520833333333334,
96,fedavg,0,4,7,False,False,0.6707726763717805,0.6315,1.1828383865356444,0.3037383177570093,0.616461366181411,0.579,0.3854166666666667,
96,fedavg,0,4,8,False,False,0.6735722284434491,0.654,1.2292705383300782,0.49065420560747663,0.8012318029115342,0.7835,0.5208333333333334,
96,fedavg,0,4,9,False,False,0.6875699888017917,0.6565,1.2723374557495117,0.397196261682243,0.7312430011198209,0.6795,0.5416666666666666,
96,fedavg,0,4,33,True,False,0.5531914893617021,0.5505,1.596982864379883,0.5280373831775701,0.9966405375139977,0.9935,0.9895833333333334,
96,fedavg,0,4,54,True,False,0.528555431131019,0.5155,1.9765166473388671,0.40654205607476634,1.0,0.998,1.0,
96,fedavg,0,4,56,True,False,0.46024636058230683,0.513,1.92881103515625,0.9532710280373832,0.9988801791713325,0.999,1.0,
96,fedavg,0,4,98,True,False,0.5,0.4935,1.9281165618896485,0.4392523364485981,1.0,0.998,1.0,
98,fedavg,0,4,0,False,False,0.6349384098544233,0.6135,1.4029327697753906,0.43457943925233644,0.6724524076147816,0.6445,0.5520833333333334,
98,fedavg,0,4,1,False,False,0.5862262038073909,0.559,1.5133314666748048,0.3317757009345794,0.44568868980963045,0.423,0.53125,
98,fedavg,0,4,2,False,False,0.6159014557670772,0.639,1.2521228332519532,0.8317757009345794,0.7038073908174692,0.698,0.7916666666666666,
98,fedavg,0,4,3,False,False,0.5391937290033595,0.496,2.3023143005371094,0.13551401869158877,0.37010078387458006,0.338,0.3645833333333333,
98,fedavg,0,4,4,False,False,0.625979843225084,0.6555,1.2736299819946288,0.9018691588785047,0.9081746920492721,0.9005,0.96875,
98,fedavg,0,4,5,False,False,0.6103023516237402,0.597,1.3801306762695313,0.48598130841121495,0.3314669652855543,0.3215,0.3645833333333333,
98,fedavg,0,4,6,False,False,0.5862262038073909,0.5855,1.4380989303588867,0.5794392523364486,0.8376259798432251,0.7775,0.59375,
98,fedavg,0,4,7,False,False,0.6707726763717805,0.6315,1.1828383865356444,0.3037383177570093,0.616461366181411,0.5795,0.3854166666666667,
98,fedavg,0,4,8,False,False,0.6735722284434491,0.654,1.2292705383300782,0.49065420560747663,0.8023516237402015,0.785,0.5104166666666666,
98,fedavg,0,4,9,False,False,0.6875699888017917,0.6565,1.2723374557495117,0.397196261682243,0.7306830907054871,0.68,0.5416666666666666,
98,fedavg,0,4,33,True,True,0.5694288913773796,0.564,1.400950454711914,0.5186915887850467,0.9977603583426652,0.9945,0.9895833333333334,
98,fedavg,0,4,54,True,True,0.5655095184770437,0.5115,2.020520462036133,0.06074766355140187,0.9983202687569989,0.9915,0.9895833333333334,
98,fedavg,0,4,56,True,False,0.42833146696528557,0.4825,2.136032928466797,0.9345794392523364,1.0,1.0,1.0,
98,fedavg,0,4,98,True,False,0.5,0.4925,1.9227143096923829,0.42990654205607476,0.9994400895856663,0.9975,1.0,
100,fedavg,0,4,0,False,False,0.6349384098544233,0.6135,1.4029327697753906,0.43457943925233644,0.6724524076147816,0.645,0.6041666666666666,
100,fedavg,0,4,1,False,True,0.6058230683090706,0.576,1.5742028503417969,0.32710280373831774,0.6500559910414334,0.6005,0.6354166666666666,
100,fedavg,0,4,2,False,False,0.6159014557670772,0.639,1.2521228332519532,0.8317757009345794,0.7043673012318029,0.698,0.8125,
100,fedavg,0,4,3,False,False,0.5391937290033595,0.496,2.3023143005371094,0.13551401869158877,0.37010078387458006,0.3385,0.3645833333333333,
100,fedavg,0,4,4,False,False,0.6416573348264278,0.673,1.2129092254638671,0.9345794392523364,0.9776035834266518,0.9725,1.0,
100,fedavg,0,4,5,False,False,0.6103023516237402,0.597,1.3801306762695313,0.48598130841121495,0.33202687569988804,0.322,0.3645833333333333,
100,fedavg,0,4,6,False,False,0.5862262038073909,0.5855,1.4380989303588867,0.5794392523364486,0.8370660694288914,0.777,0.6770833333333334,
100,fedavg,0,4,7,False,False,0.6707726763717805,0.6315,1.1828383865356444,0.3037383177570093,0.6181410974244121,0.581,0.53125,
100,fedavg,0,4,8,False,False,0.6735722284434491,0.654,1.2292705383300782,0.49065420560747663,0.803471444568869,0.785,0.7708333333333334,
100,fedavg,0,4,9,False,False,0.6875699888017917,0.6565,1.2723374557495117,0.397196261682243,0.7306830907054871,0.679,0.6770833333333334,
100,fedavg,0,4,33,True,False,0.4664053751399776,0.4975,1.9379567108154296,0.7570093457943925,1.0,0.999,1.0,
100,fedavg,0,4,54,True,False,0.5655095184770437,0.5115,2.020520462036133,0.06074766355140187,0.9988801791713325,0.992,1.0,
100,fedavg,0,4,56,True,False,0.42833146696528557,0.4825,2.136032928466797,0.9345794392523364,1.0,1.0,1.0,
100,fedavg,0,4,98,True,True,0.5251959686450167,0.483,2.231272735595703,0.1308411214953271,0.9949608062709966,0.9665,1.0,
102,fedavg,0,4,0,False,False,0.6349384098544233,0.6135,1.4029327697753906,0.43457943925233644,0.6724524076147816,0.645,0.6145833333333334,
102,fedavg,0,4,1,False,False,0.6058230683090706,0.576,1.5742028503417969,0.32710280373831774,0.6511758118701008,0.6015,0.6145833333333334,
102,fedavg,0,4,2,False,False,0.6159014557670772,0.639,1.2521228332519532,0.8317757009345794,0.7043673012318029,0.698,0.8541666666666666,
102,fedavg,0,4,3,False,False,0.5391937290033595,0.496,2.3023143005371094,0.13551401869158877,0.3706606942889138,0.339,0.375,
102,fedavg,0,4,4,False,True,0.683090705487122,0.706,1.0867334747314452,0.897196261682243,0.9848824188129899,0.9815,1.0,
102,fedavg,0,4,5,False,True,0.6035834266517357,0.585,1.6150812072753906,0.42990654205607476,0.2732362821948488,0.2535,0.34375,
102,fedavg,0,4,6,False,False,0.5862262038073909,0.5855,1.4380989303588867,0.5794392523364486,0.8370660694288914,0.777,0.6458333333333334,
102,fedavg,0,4,7,False,False,0.6707726763717805,0.6315,1.1828383865356444,0.3037383177570093,0.6170212765957447,0.58,0.5208333333333334,
102,fedavg,0,4,8,False,False,0.6735722284434491,0.654,1.2292705383300782,0.49065420560747663,0.8029115341545353,0.7845,0.7395833333333334,
102,fedavg,0,4,9,False,False,0.6875699888017917,0.6565,1.2723374557495117,0.397196261682243,0.7306830907054871,0.679,0.6875,
102,fedavg,0,4,33,True,False,0.4664053751399776,0.4975,1.9379567108154296,0.7570093457943925,1.0,0.999,1.0,
102,fedavg,0,4,54,True,False,0.5655095184770437,0.5115,2.020520462036133,0.06074766355140187,0.9988801791713325,0.992,1.0,
102,fedavg,0,4,56,True,False,0.42833146696528557,0.4825,2.136032928466797,0.9345794392523364,1.0,1.0,1.0,
102,fedavg,0,4,98,True,False,0.5223964165733483,0.497,1.971095657348633,0.2850467289719626,0.9994400895856663,0.9895,1.0,
104,fedavg,0,4,0,False,False,0.6349384098544233,0.6135,1.4029327697753906,0.43457943925233644,0.6724524076147816,0.645,0.6354166666666666,
104,fedavg,0,4,1,False,False,0.6058230683090706,0.576,1.5742028503417969,0.32710280373831774,0.6511758118701008,0.6015,0.625,
104,fedavg,0,4,2,False,False,0.6159014557670772,0.639,1.2521228332519532,0.8317757009345794,0.7043673012318029,0.698,0.8229166666666666,
104,fedavg,0,4,3,False,False,0.5391937290033595,0.496,2.3023143005371094,0.13551401869158877,0.3706606942889138,0.339,0.3854166666666667,
104,fedavg,0,4,4,False,False,0.683090705487122,0.706,1.0867334747314452,0.897196261682243,0.9848824188129899,0.9815,1.0,
104,fedavg,0,4,5,False,False,0.6035834266517357,0.585,1.6150812072753906,0.42990654205607476,0.2732362821948488,0.2535,0.3333333333333333,
104,fedavg,0,4,6,False,False,0.5862262038073909,0.5855,1.4380989303588867,0.5794392523364486,0.8370660694288914,0.777,0.6354166666666666,
104,fedavg,0,4,7,False,False,0.6707726763717805,0.6315,1.1828383865356444,0.3037383177570093,0.6170212765957447,0.58,0.5208333333333334,
104,fedavg,0,4,8,False,False,0.6735722284434491,0.654,1.2292705383300782,0.49065420560747663,0.8029115341545353,0.7845,0.7708333333333334,
104,fedavg,0,4,9,False,False,0.6326987681970885,0.5885,1.753448516845703,0.21962616822429906,0.5335946248600224,0.4915,0.5729166666666666,
104,fedavg,0,4,33,True,False,0.4664053751399776,0.4975,1.9379567108154296,0.7570093457943925,1.0,0.999,1.0,
104,fedavg,0,4,54,True,False,0.5655095184770437,0.5115,2.020520462036133,0.06074766355140187,0.9988801791713325,0.992,1.0,
104,fedavg,0,4,56,True,False,0.42833146696528557,0.4825,2.136032928466797,0.9345794392523364,1.0,1.0,1.0,
104,fedavg,0,4,98,True,False,0.5212765957446808,0.496,1.9834737854003905,0.2850467289719626,0.9994400895856663,0.99,1.0,
106,fedavg,0,4,0,False,False,0.6349384098544233,0.6135,1.4029327697753906,0.43457943925233644,0.6685330347144457,0.641,0.5729166666666666,
106,fedavg,0,4,1,False,False,0.6058230683090706,0.576,1.5742028503417969,0.32710280373831774,0.6478163493840985,0.598,0.53125,
106,fedavg,0,4,2,False,False,0.5856662933930571,0.6145,1.412758544921875,0.8551401869158879,0.6741321388577828,0.6405,0.6875,
106,fedavg,0,4,3,False,False,0.5391937290033595,0.496,2.3023143005371094,0.13551401869158877,0.3661814109742441,0.3345,0.3645833333333333,
106,fedavg,0,4,4,False,False,0.683090705487122,0.706,1.0867334747314452,0.897196261682243,0.9848824188129899,0.9815,1.0,
106,fedavg,0,4,5,False,True,0.583986562150056,0.58,1.637381820678711,0.5467289719626168,0.5683090705487122,0.5415,0.5520833333333334,
106,fedavg,0,4,6,False,False,0.5862262038073909,0.5855,1.4380989303588867,0.5794392523364486,0.8393057110862262,0.7795,0.6041666666666666,
106,fedavg,0,4,7,False,False,0.6707726763717805,0.6315,1.1828383865356444,0.3037383177570093,0.6136618141097424,0.577,0.3229166666666667,
106,fedavg,0,4,8,False,False,0.6735722284434491,0.654,1.2292705383300782,0.49065420560747663,0.8006718924972005,0.783,0.4791666666666667,
106,fedavg,0,4,9,False,False,0.6326987681970885,0.5885,1.753448516845703,0.21962616822429906,0.5335946248600224,0.4915,0.4270833333333333,
106,fedavg,0,4,33,True,False,0.4664053751399776,0.4975,1.9379567108154296,0.7570093457943925,1.0,0.999,1.0,
106,fedavg,0,4,54,True,False,0.5655095184770437,0.5115,2.020520462036133,0.06074766355140187,0.9988801791713325,0.992,1.0,
106,fedavg,0,4,56,True,False,0.42833146696528557,0.4825,2.136032928466797,0.9345794392523364,1.0,1.0,1.0,
106,fedavg,0,4,98,True,True,0.3622620380739082,0.4095,2.6646527404785156,0.8037383177570093,1.0,0.9995,1.0,
108,fedavg,0,4,0,False,False,0.6349384098544233,0.6135,1.4029327697753906,0.43457943925233644,0.6696528555431132,0.642,0.6145833333333334,
108,fedavg,0,4,1,False,False,0.6058230683090706,0.576,1.5742028503417969,0.32710280373831774,0.6483762597984323,0.599,0.5625,
108,fedavg,0,4,2,False,False,0.5856662933930571,0.6145,1.412758544921875,0.8551401869158879,0.6752519596864501,0.6415,0.7708333333333334,
108,fedavg,0,4,3,False,False,0.5391937290033595,0.496,2.3023143005371094,0.13551401869158877,0.3673012318029115,0.3355,0.3229166666666667,
108,fedavg,0,4,4,False,False,0.683090705487122,0.706,1.0867334747314452,0.897196261682243,0.9854423292273237,0.982,1.0,
108,fedavg,0,4,5,False,False,0.583986562150056,0.58,1.637381820678711,0.5467289719626168,0.5716685330347144,0.5445,0.59375,
108,fedavg,0,4,6,False,False,0.6528555431131019,0.634,1.1970983428955078,0.4766355140186916,0.8840985442329228,0.8265,0.78125,
108,fedavg,0,4,7,False,False,0.6707726763717805,0.6315,1.1828383865356444,0.3037383177570093,0.6142217245240762,0.577,0.5104166666666666,
108,fedavg,0,4,8,False,False,0.6326987681970885,0.6185,1.5088482055664063,0.5,0.8342665173572228,0.8105,0.7395833333333334,
108,fedavg,0,4,9,False,True,0.6752519596864501,0.6365,1.4968277435302735,0.3130841121495327,0.8370660694288914,0.7885,0.7604166666666666,
108,fedavg,0,4,33,True,False,0.4664053751399776,0.4975,1.9379567108154296,0.7570093457943925,1.0,0.999,1.0,
108,fedavg,0,4,54,True,False,0.5655095184770437,0.5115,2.020520462036133,0.06074766355140187,0.9988801791713325,0.992,1.0,
108,fedavg,0,4,56,True,False,0.42833146696528557,0.4825,2.136032928466797,0.9345794392523364,1.0,1.0,0.9895833333333334,
108,fedavg,0,4,98,True,False,0.5722284434490481,0.553,1.6221327056884767,0.3925233644859813,0.9994400895856663,0.997,1.0,
110,fedavg,0,4,0,False,False,0.6349384098544233,0.6135,1.4029327697753906,0.43457943925233644,0.6696528555431132,0.642,0.6354166666666666,
110,fedavg,0,4,1,False,False,0.6058230683090706,0.576,1.5742028503417969,0.32710280373831774,0.648936170212766,0.5995,0.5833333333333334,
110,fedavg,0,4,2,False,False,0.5856662933930571,0.6145,1.412758544921875,0.8551401869158879,0.6741321388577828,0.6405,0.8229166666666666,
110,fedavg,0,4,3,False,False,0.5391937290033595,0.496,2.3023143005371094,0.13551401869158877,0.3673012318029115,0.3355,0.375,
110,fedavg,0,4,4,False,False,0.683090705487122,0.706,1.0867334747314452,0.897196261682243,0.9854423292273237,0.982,1.0,
110,fedavg,0,4,5,False,True,0.6562150055991041,0.6425,1.3783895568847657,0.5280373831775701,0.7889137737961927,0.763,0.7916666666666666,
110,fedavg,0,4,6,False,False,0.6528555431131019,0.634,1.1970983428955078,0.4766355140186916,0.8840985442329228,0.8265,0.7395833333333334,
110,fedavg,0,4,7,False,False,0.6578947368421053,0.631,1.327893524169922,0.40654205607476634,0.7026875699888018,0.6795,0.5729166666666666,
110,fedavg,0,4,8,False,False,0.6326987681970885,0.6185,1.5088482055664063,0.5,0.8342665173572228,0.8105,0.7604166666666666,
110,fedavg,0,4,9,False,False,0.6752519596864501,0.6365,1.4968277435302735,0.3130841121495327,0.8370660694288914,0.7885,0.7604166666666666,
110,fedavg,0,4,33,True,False,0.4664053751399776,0.4975,1.9379567108154296,0.7570093457943925,1.0,0.999,1.0,
110,fedavg,0,4,54,True,False,0.5655095184770437,0.5115,2.020520462036133,0.06074766355140187,0.9988801791713325,0.992,0.9895833333333334,
110,fedavg,0,4,56,True,False,0.42833146696528557,0.4825,2.136032928466797,0.9345794392523364,1.0,1.0,0.9895833333333334,
110,fedavg,0,4,98,True,False,0.5436730123180291,0.5255,1.8148955841064454,0.37383177570093457,1.0,0.9975,1.0,
112,fedavg,0,4,0,False,False,0.6349384098544233,0.6135,1.4029327697753906,0.43457943925233644,0.6696528555431132,0.642,0.6666666666666666,
112,fedavg,0,4,1,False,False,0.6058230683090706,0.576,1.5742028503417969,0.32710280373831774,0.648936170212766,0.5995,0.5729166666666666,
112,fedavg,0,4,2,False,False,0.5856662933930571,0.6145,1.412758544921875,0.8551401869158879,0.6746920492721165,0.641,0.7916666666666666,
112,fedavg,0,4,3,False,True,0.612541993281075,0.5785,1.7861805572509766,0.29439252336448596,0.6119820828667413,0.5645,0.5208333333333334,
112,fedavg,0,4,4,False,False,0.683090705487122,0.706,1.0867334747314452,0.897196261682243,0.9848824188129899,0.9815,1.0,
112,fedavg,0,4,5,False,False,0.6562150055991041,0.6425,1.3783895568847657,0.5280373831775701,0.7889137737961927,0.763,0.78125,
112,fedavg,0,4,6,False,False,0.6528555431131019,0.634,1.1970983428955078,0.4766355140186916,0.8840985442329228,0.8265,0.75,
112,fedavg,0,4,7,False,False,0.6836506159014557,0.6485,1.225237579345703,0.35514018691588783,0.6634938409854423,0.6395,0.625,
112,fedavg,0,4,8,False,False,0.6326987681970885,0.6185,1.5088482055664063,0.5,0.8342665173572228,0.8105,0.78125,
112,fedavg,0,4,9,False,False,0.6752519596864501,0.6365,1.4968277435302735,0.3130841121495327,0.8370660694288914,0.7885,0.75,
112,fedavg,0,4,33,True,False,0.4664053751399776,0.4975,1.9379567108154296,0.7570093457943925,1.0,0.999,1.0,
112,fedavg,0,4,54,True,False,0.5655095184770437,0.5115,2.020520462036133,0.06074766355140187,0.9988801791713325,0.992,1.0,
112,fedavg,0,4,56,True,False,0.42833146696528557,0.4825,2.136032928466797,0.9345794392523364,1.0,1.0,1.0,
112,fedavg,0,4,98,True,False,0.5425531914893618,0.5245,1.8228502655029297,0.37383177570093457,0.9994400895856663,0.997,1.0,
114,fedavg,0,4,0,False,False,0.6349384098544233,0.6135,1.4029327697753906,0.43457943925233644,0.6696528555431132,0.642,0.65625,
114,fedavg,0,4,1,False,False,0.6058230683090706,0.576,1.5742028503417969,0.32710280373831774,0.648936170212766,0.5995,0.6145833333333334,
114,fedavg,0,4,2,False,False,0.5856662933930571,0.6145,1.412758544921875,0.8551401869158879,0.6746920492721165,0.641,0.78125,
114,fedavg,0,4,3,False,True,0.6528555431131019,0.609,1.606103515625,0.24299065420560748,0.8113101903695409,0.7585,0.6875,
114,fedavg,0,4,4,False,False,0.683090705487122,0.706,1.0867334747314452,0.897196261682243,0.9848824188129899,0.9815,1.0,
114,fedavg,0,4,5,False,False,0.6562150055991041,0.6425,1.3783895568847657,0.5280373831775701,0.7889137737961927,0.763,0.7916666666666666,
114,fedavg,0,4,6,False,False,0.6528555431131019,0.634,1.1970983428955078,0.4766355140186916,0.8840985442329228,0.8265,0.75,
114,fedavg,0,4,7,False,False,0.6836506159014557,0.6485,1.225237579345703,0.35514018691588783,0.6634938409854423,0.6395,0.59375,
114,fedavg,0,4,8,False,False,0.6326987681970885,0.6185,1.5088482055664063,0.5,0.8342665173572228,0.8105,0.6979166666666666,
114,fedavg,0,4,9,False,False,0.6752519596864501,0.6365,1.4968277435302735,0.3130841121495327,0.8370660694288914,0.7885,0.7708333333333334,
114,fedavg,0,4,33,True,False,0.4664053751399776,0.4975,1.9379567108154296,0.7570093457943925,1.0,0.999,1.0,
114,fedavg,0,4,54,True,False,0.5655095184770437,0.5115,2.020520462036133,0.06074766355140187,0.9988801791713325,0.992,1.0,
114,fedavg,0,4,56,True,False,0.42833146696528557,0.4825,2.136032928466797,0.9345794392523364,1.0,1.0,0.9895833333333334,
114,fedavg,0,4,98,True,False,0.541993281075028,0.5235,1.8323641815185547,0.3691588785046729,1.0,0.9975,1.0,
116,fedavg,0,4,0,False,False,0.6349384098544233,0.6135,1.4029327697753906,0.43457943925233644,0.6696528555431132,0.642,0.6666666666666666,
116,fedavg,0,4,1,False,False,0.6058230683090706,0.576,1.5742028503417969,0.32710280373831774,0.648936170212766,0.5995,0.65625,
116,fedavg,0,4,2,False,False,0.5856662933930571,0.6145,1.412758544921875,0.8551401869158879,0.6741321388577828,0.6405,0.71875,
116,fedavg,0,4,3,False,True,0.6937290033594625,0.6525,1.3545878753662108,0.308411214953271,0.6842105263157895,0.64,0.5208333333333334,
116,fedavg,0,4,4,False,False,0.683090705487122,0.706,1.0867334747314452,0.897196261682243,0.9848824188129899,0.9815,1.0,
116,fedavg,0,4,5,False,False,0.6175811870100785,0.597,1.7143675231933593,0.4252336448598131,0.34210526315789475,0.3325,0.4895833333333333,
116,fedavg,0,4,6,False,False,0.6528555431131019,0.634,1.1970983428955078,0.4766355140186916,0.8840985442329228,0.8265,0.75,
116,fedavg,0,4,7,False,False,0.6836506159014557,0.6485,1.225237579345703,0.35514018691588783,0.6634938409854423,0.6395,0.5416666666666666,
116,fedavg,0,4,8,False,False,0.6326987681970885,0.6185,1.5088482055664063,0.5,0.8342665173572228,0.8105,0.7083333333333334,
116,fedavg,0,4,9,False,False,0.6752519596864501,0.6365,1.4968277435302735,0.3130841121495327,0.8370660694288914,0.7885,0.75,
116,fedavg,0,4,33,True,False,0.4664053751399776,0.4975,1.9379567108154296,0.7570093457943925,1.0,0.999,1.0,
116,fedavg,0,4,54,True,False,0.5655095184770437,0.5115,2.020520462036133,0.06074766355140187,0.9988801791713325,0.992,1.0,
116,fedavg,0,4,56,True,False,0.42833146696528557,0.4825,2.136032928466797,0.9345794392523364,1.0,1.0,1.0,
116,fedavg,0,4,98,True,False,0.5414333706606943,0.523,1.8335260620117189,0.3691588785046729,0.9988801791713325,0.9965,1.0,
118,fedavg,0,4,0,False,False,0.6349384098544233,0.6135,1.4029327697753906,0.43457943925233644,0.6690929451287794,0.6415,0.6666666666666666,
118,fedavg,0,4,1,False,False,0.6058230683090706,0.576,1.5742028503417969,0.32710280373831774,0.6478163493840985,0.598,0.6145833333333334,
118,fedavg,0,4,2,False,True,0.5240761478163494,0.554,2.155016799926758,0.8037383177570093,0.6875699888017918,0.6935,0.7916666666666666,
118,fedavg,0,4,3,False,False,0.6937290033594625,0.6525,1.3545878753662108,0.308411214953271,0.6853303471444568,0.6415,0.5104166666666666,
118,fedavg,0,4,4,False,False,0.683090705487122,0.706,1.0867334747314452,0.897196261682243,0.9843225083986562,0.981,1.0,
118,fedavg,0,4,5,False,False,0.6175811870100785,0.597,1.7143675231933593,0.4252336448598131,0.34434490481522956,0.3345,0.4791666666666667,
118,fedavg,0,4,6,False,False,0.6528555431131019,0.634,1.1970983428955078,0.4766355140186916,0.883538633818589,0.826,0.7083333333333334,
118,fedavg,0,4,7,False,False,0.6836506159014557,0.6485,1.225237579345703,0.35514018691588783,0.6634938409854423,0.6395,0.625,
118,fedavg,0,4,8,False,False,0.6326987681970885,0.6185,1.5088482055664063,0.5,0.8353863381858903,0.812,0.7395833333333334,
118,fedavg,0,4,9,False,False,0.6556550951847704,0.618,1.5183874969482423,0.3037383177570093,0.4400895856662934,0.4045,0.4583333333333333,
118,fedavg,0,4,33,True,False,0.4664053751399776,0.4975,1.9379567108154296,0.7570093457943925,1.0,0.999,1.0,
118,fedavg,0,4,54,True,False,0.5655095184770437,0.5115,2.020520462036133,0.06074766355140187,0.9988801791713325,0.992,1.0,
118,fedavg,0,4,56,True,False,0.4552071668533034,0.492,2.115899108886719,0.7990654205607477,1.0,1.0,1.0,
118,fedavg,0,4,98,True,False,0.5436730123180291,0.526,1.818453826904297,0.37850467289719625,1.0,0.9975,1.0,
120,fedavg,0,4,0,False,False,0.6349384098544233,0.6135,1.4029327697753906,0.43457943925233644,0.667973124300112,0.6405,0.6979166666666666,
120,fedavg,0,4,1,False,False,0.6058230683090706,0.576,1.5742028503417969,0.32710280373831774,0.6483762597984323,0.599,0.625,
120,fedavg,0,4,2,False,False,0.5240761478163494,0.554,2.155016799926758,0.8037383177570093,0.6875699888017918,0.6935,0.8854166666666666,
120,fedavg,0,4,3,False,False,0.6864501679731243,0.6625,1.3427576446533203,0.46261682242990654,0.9008958566629339,0.873,0.6875,
120,fedavg,0,4,4,False,False,0.683090705487122,0.706,1.0867334747314452,0.897196261682243,0.9848824188129899,0.9815,1.0,
120,fedavg,0,4,5,False,False,0.6175811870100785,0.597,1.7143675231933593,0.4252336448598131,0.34434490481522956,0.3345,0.5104166666666666,
120,fedavg,0,4,6,False,False,0.6528555431131019,0.634,1.1970983428955078,0.4766355140186916,0.8840985442329228,0.8265,0.7604166666666666,
120,fedavg,0,4,7,False,True,0.6310190369540873,0.6015,1.5185623931884766,0.35514018691588783,0.7469204927211646,0.721,0.6666666666666666,
120,fedavg,0,4,8,False,False,0.6326987681970885,0.6185,1.5088482055664063,0.5,0.8353863381858903,0.812,0.7708333333333334,
120,fedavg,0,4,9,False,False,0.6556550951847704,0.618,1.5183874969482423,0.3037383177570093,0.4400895856662934,0.405,0.4583333333333333,
120,fedavg,0,4,33,True,True,0.5576707726763718,0.529,1.9628746032714843,0.2897196261682243,0.9966405375139977,0.986,1.0,
120,fedavg,0,4,54,True,False,0.5655095184770437,0.5115,2.020520462036133,0.06074766355140187,0.9988801791713325,0.9915,1.0,
120,fedavg,0,4,56,True,False,0.4552071668533034,0.492,2.115899108886719,0.7990654205607477,1.0,1.0,1.0,
120,fedavg,0,4,98,True,False,0.5431131019036954,0.5245,1.8232936248779297,0.3691588785046729,1.0,0.9975,1.0,
122,fedavg,0,4,0,False,False,0.6349384098544233,0.6135,1.4029327697753906,0.43457943925233644,0.6690929451287794,0.6415,0.6666666666666666,
122,fedavg,0,4,1,False,False,0.6058230683090706,0.576,1.5742028503417969,0.32710280373831774,0.648936170212766,0.5995,0.6354166666666666,
122,fedavg,0,4,2,False,False,0.5240761478163494,0.554,2.155016799926758,0.8037383177570093,0.687010078387458,0.6935,0.8645833333333334,
122,fedavg,0,4,3,False,False,0.6864501679731243,0.6625,1.3427576446533203,0.46261682242990654,0.9020156774916014,0.874,0.7708333333333334,
122,fedavg,0,4,4,False,False,0.683090705487122,0.706,1.0867334747314452,0.897196261682243,0.9848824188129899,0.9815,1.0,
122,fedavg,0,4,5,False,False,0.7351623740201567,0.7215,1.0000442504882812,0.6074766355140186,0.8756998880179171,0.8465,0.90625,
122,fedavg,0,4,6,False,False,0.6528555431131019,0.634,1.1970983428955078,0.4766355140186916,0.8846584546472565,0.827,0.7604166666666666,
122,fedavg,0,4,7,False,False,0.6310190369540873,0.6015,1.5185623931884766,0.35514018691588783,0.7486002239641657,0.7235,0.6875,
122,fedavg,0,4,8,False,False,0.6326987681970885,0.6185,1.5088482055664063,0.5,0.8353863381858903,0.812,0.71875,
122,fedavg,0,4,9,False,False,0.6556550951847704,0.618,1.5183874969482423,0.3037383177570093,0.4412094064949608,0.406,0.5104166666666666,
122,fedavg,0,4,33,True,False,0.5576707726763718,0.529,1.9628746032714843,0.2897196261682243,0.9966405375139977,0.9855,0.96875,
122,fedavg,0,4,54,True,False,0.58006718924972,0.555,1.6832120361328125,0.34579439252336447,1.0,0.999,1.0,
122,fedavg,0,4,56,True,False,0.4552071668533034,0.492,2.115899108886719,0.7990654205607477,1.0,1.0,1.0,
122,fedavg,0,4,98,True,False,0.5436730123180291,0.525,1.823897415161133,0.3691588785046729,1.0,0.9975,1.0,
124,fedavg,0,4,0,False,False,0.6349384098544233,0.6135,1.4029327697753906,0.43457943925233644,0.6690929451287794,0.6415,0.6458333333333334,
124,fedavg,0,4,1,False,False,0.6058230683090706,0.576,1.5742028503417969,0.32710280373831774,0.648936170212766,0.5995,0.6145833333333334,
124,fedavg,0,4,2,False,False,0.5240761478163494,0.554,2.155016799926758,0.8037383177570093,0.687010078387458,0.6935,0.84375,
124,fedavg,0,4,3,False,False,0.6864501679731243,0.6625,1.3427576446533203,0.46261682242990654,0.9020156774916014,0.874,0.7083333333333334,
124,fedavg,0,4,4,False,False,0.683090705487122,0.706,1.0867334747314452,0.897196261682243,0.9848824188129899,0.9815,1.0,
124,fedavg,0,4,5,False,False,0.7351623740201567,0.7215,1.0000442504882812,0.6074766355140186,0.8756998880179171,0.8465,0.875,
124,fedavg,0,4,6,False,False,0.6528555431131019,0.634,1.1970983428955078,0.4766355140186916,0.8846584546472565,0.827,0.7083333333333334,
124,fedavg,0,4,7,False,False,0.6310190369540873,0.6015,1.5185623931884766,0.35514018691588783,0.7486002239641657,0.7235,0.6458333333333334,
124,fedavg,0,4,8,False,False,0.6326987681970885,0.6185,1.5088482055664063,0.5,0.8353863381858903,0.812,0.75,
124,fedavg,0,4,9,False,False,0.6556550951847704,0.618,1.5183874969482423,0.3037383177570093,0.4412094064949608,0.406,0.5208333333333334,
124,fedavg,0,4,33,True,False,0.5576707726763718,0.529,1.9628746032714843,0.2897196261682243,0.9966405375139977,0.9855,0.9895833333333334,
124,fedavg,0,4,54,True,False,0.58006718924972,0.555,1.6832120361328125,0.34579439252336447,1.0,0.999,1.0,
124,fedavg,0,4,56,True,False,0.4552071668533034,0.492,2.115899108886719,0.7990654205607477,1.0,1.0,1.0,
124,fedavg,0,4,98,True,False,0.5447928331466965,0.5265,1.815866928100586,0.37383177570093457,0.9994400895856663,0.997,1.0,
126,fedavg,0,4,0,False,False,0.6349384098544233,0.6135,1.4029327697753906,0.43457943925233644,0.6690929451287794,0.6415,0.6875,
126,fedavg,0,4,1,False,False,0.6058230683090706,0.576,1.5742028503417969,0.32710280373831774,0.648936170212766,0.5995,0.6145833333333334,
126,fedavg,0,4,2,False,False,0.5240761478163494,0.554,2.155016799926758,0.8037383177570093,0.687010078387458,0.6935,0.8229166666666666,
126,fedavg,0,4,3,False,False,0.6864501679731243,0.6625,1.3427576446533203,0.46261682242990654,0.9020156774916014,0.874,0.7083333333333334,
126,fedavg,0,4,4,False,True,0.6427771556550952,0.6705,1.3905435028076172,0.9018691588785047,0.9608062709966405,0.9515,0.9895833333333334,
126,fedavg,0,4,5,False,False,0.7351623740201567,0.7215,1.0000442504882812,0.6074766355140186,0.8756998880179171,0.8465,0.8541666666666666,
126,fedavg,0,4,6,False,False,0.6528555431131019,0.634,1.1970983428955078,0.4766355140186916,0.8846584546472565,0.827,0.71875,
126,fedavg,0,4,7,False,False,0.6310190369540873,0.6015,1.5185623931884766,0.35514018691588783,0.7486002239641657,0.7235,0.6041666666666666,
126,fedavg,0,4,8,False,False,0.685330347144457,0.6755,1.2335001602172853,0.5934579439252337,0.7894736842105263,0.7695,0.75,
126,fedavg,0,4,9,False,False,0.6556550951847704,0.618,1.5183874969482423,0.3037383177570093,0.4406494960806271,0.4055,0.5104166666666666,
126,fedavg,0,4,33,True,False,0.5576707726763718,0.529,1.9628746032714843,0.2897196261682243,0.9966405375139977,0.9855,0.9895833333333334,
126,fedavg,0,4,54,True,False,0.58006718924972,0.555,1.6832120361328125,0.34579439252336447,1.0,0.999,1.0,
126,fedavg,0,4,56,True,False,0.4552071668533034,0.492,2.115899108886719,0.7990654205607477,1.0,1.0,1.0,
126,fedavg,0,4,98,True,False,0.541993281075028,0.5245,1.8183694000244142,0.37850467289719625,1.0,0.9975,1.0,
128,fedavg,0,4,0,False,True,0.6159014557670772,0.605,1.6166246337890624,0.514018691588785,0.3202687569988802,0.319,0.4791666666666667,
128,fedavg,0,4,1,False,False,0.6058230683090706,0.576,1.5742028503417969,0.32710280373831774,0.648936170212766,0.5995,0.65625,
128,fedavg,0,4,2,False,False,0.5240761478163494,0.554,2.155016799926758,0.8037383177570093,0.687010078387458,0.6935,0.8958333333333334,
128,fedavg,0,4,3,False,False,0.6864501679731243,0.6625,1.3427576446533203,0.46261682242990654,0.9020156774916014,0.874,0.7291666666666666,
128,fedavg,0,4,4,False,False,0.6427771556550952,0.6705,1.3905435028076172,0.9018691588785047,0.9608062709966405,0.9515,0.9895833333333334,
128,fedavg,0,4,5,False,False,0.7351623740201567,0.7215,1.0000442504882812,0.6074766355140186,0.8756998880179171,0.8465,0.9166666666666666,
128,fedavg,0,4,6,False,False,0.6528555431131019,0.634,1.1970983428955078,0.4766355140186916,0.8846584546472565,0.827,0.75,
128,fedavg,0,4,7,False,False,0.6310190369540873,0.6015,1.5185623931884766,0.35514018691588783,0.7486002239641657,0.7235,0.65625,
128,fedavg,0,4,8,False,False,0.685330347144457,0.6755,1.2335001602172853,0.5934579439252337,0.7894736842105263,0.7695,0.6875,
128,fedavg,0,4,9,False,True,0.7217245240761478,0.693,1.1645044708251953,0.4532710280373832,0.8628219484882419,0.831,0.7916666666666666,
128,fedavg,0,4,33,True,False,0.5576707726763718,0.529,1.9628746032714843,0.2897196261682243,0.9966405375139977,0.9855,1.0,
128,fedavg,0,4,54,True,False,0.58006718924972,0.555,1.6832120361328125,0.34579439252336447,1.0,0.999,1.0,
128,fedavg,0,4,56,True,False,0.4552071668533034,0.492,2.115899108886719,0.7990654205607477,1.0,1.0,1.0,
128,fedavg,0,4,98,True,False,0.541993281075028,0.5235,1.8300054168701172,0.3691588785046729,1.0,0.9975,1.0,
130,fedavg,0,4,0,False,False,0.6982082866741322,0.689,1.115673225402832,0.6121495327102804,0.5884658454647257,0.5675,0.6041666666666666,
130,fedavg,0,4,1,False,False,0.6058230683090706,0.576,1.5742028503417969,0.32710280373831774,0.648936170212766,0.5995,0.59375,
130,fedavg,0,4,2,False,False,0.5240761478163494,0.554,2.155016799926758,0.8037383177570093,0.687010078387458,0.6935,0.8645833333333334,
130,fedavg,0,4,3,False,False,0.6864501679731243,0.6625,1.3427576446533203,0.46261682242990654,0.9020156774916014,0.874,0.6875,
130,fedavg,0,4,4,False,False,0.6427771556550952,0.6705,1.3905435028076172,0.9018691588785047,0.9608062709966405,0.9515,0.9895833333333334,
130,fedavg,0,4,5,False,False,0.7351623740201567,0.7215,1.0000442504882812,0.6074766355140186,0.8756998880179171,0.8465,0.84375,
130,fedavg,0,4,6,False,False,0.6528555431131019,0.634,1.1970983428955078,0.4766355140186916,0.8846584546472565,0.827,0.71875,
130,fedavg,0,4,7,False,False,0.6310190369540873,0.6015,1.5185623931884766,0.35514018691588783,0.7486002239641657,0.7235,0.6666666666666666,
130,fedavg,0,4,8,False,False,0.685330347144457,0.6755,1.2335001602172853,0.5934579439252337,0.7894736842105263,0.7695,0.7083333333333334,
130,fedavg,0,4,9,False,True,0.7306830907054871,0.711,1.11020174407959,0.5467289719626168,0.8202687569988801,0.787,0.7291666666666666,
130,fedavg,0,4,33,True,False,0.5576707726763718,0.529,1.9628746032714843,0.2897196261682243,0.9966405375139977,0.9855,1.0,
130,fedavg,0,4,54,True,False,0.58006718924972,0.555,1.6832120361328125,0.34579439252336447,1.0,0.999,1.0,
130,fedavg,0,4,56,True,False,0.4552071668533034,0.492,2.115899108886719,0.7990654205607477,1.0,1.0,1.0,
130,fedavg,0,4,98,True,False,0.5431131019036954,0.5245,1.8262056884765625,0.3691588785046729,0.9994400895856663,0.997,1.0,
132,fedavg,0,4,0,False,False,0.6982082866741322,0.689,1.115673225402832,0.6121495327102804,0.5884658454647257,0.5675,0.6041666666666666,
132,fedavg,0,4,1,False,False,0.6058230683090706,0.576,1.5742028503417969,0.32710280373831774,0.648936170212766,0.5995,0.6354166666666666,
132,fedavg,0,4,2,False,False,0.5240761478163494,0.554,2.155016799926758,0.8037383177570093,0.687010078387458,0.6935,0.84375,
132,fedavg,0,4,3,False,False,0.6864501679731243,0.6625,1.3427576446533203,0.46261682242990654,0.9020156774916014,0.874,0.71875,
132,fedavg,0,4,4,False,False,0.6427771556550952,0.6705,1.3905435028076172,0.9018691588785047,0.9608062709966405,0.9515,0.9895833333333334,
132,fedavg,0,4,5,False,False,0.7351623740201567,0.7215,1.0000442504882812,0.6074766355140186,0.8756998880179171,0.8465,0.875,
132,fedavg,0,4,6,False,False,0.6528555431131019,0.634,1.1970983428955078,0.4766355140186916,0.8846584546472565,0.827,0.78125,
132,fedavg,0,4,7,False,False,0.7082866741321389,0.675,1.187428077697754,0.397196261682243,0.7883538633818589,0.757,0.75,
132,fedavg,0,4,8,False,False,0.685330347144457,0.6755,1.2335001602172853,0.5934579439252337,0.7894736842105263,0.7695,0.6770833333333334,
132,fedavg,0,4,9,False,False,0.7306830907054871,0.711,1.11020174407959,0.5467289719626168,0.8202687569988801,0.787,0.7604166666666666,
132,fedavg,0,4,33,True,False,0.5576707726763718,0.529,1.9628746032714843,0.2897196261682243,0.9966405375139977,0.9855,0.9895833333333334,
132,fedavg,0,4,54,True,False,0.58006718924972,0.555,1.6832120361328125,0.34579439252336447,1.0,0.999,1.0,
132,fedavg,0,4,56,True,False,0.4552071668533034,0.492,2.115899108886719,0.7990654205607477,1.0,1.0,1.0,
132,fedavg,0,4,98,True,False,0.5414333706606943,0.523,1.8366179809570313,0.3691588785046729,1.0,0.9975,1.0,
134,fedavg,0,4,0,False,False,0.6982082866741322,0.689,1.115673225402832,0.6121495327102804,0.5879059350503919,0.567,0.6458333333333334,
134,fedavg,0,4,1,False,False,0.5251959686450167,0.498,2.1925799713134766,0.27102803738317754,0.2211646136618141,0.2085,0.3333333333333333,
134,fedavg,0,4,2,False,False,0.5240761478163494,0.554,2.155016799926758,0.8037383177570093,0.6886898096304591,0.695,0.8854166666666666,
134,fedavg,0,4,3,False,False,0.6864501679731243,0.6625,1.3427576446533203,0.46261682242990654,0.9014557670772676,0.8735,0.75,
134,fedavg,0,4,4,False,False,0.6427771556550952,0.6705,1.3905435028076172,0.9018691588785047,0.9613661814109743,0.952,0.9895833333333334,
134,fedavg,0,4,5,False,False,0.7351623740201567,0.7215,1.0000442504882812,0.6074766355140186,0.8756998880179171,0.846,0.8958333333333334,
134,fedavg,0,4,6,False,False,0.6528555431131019,0.634,1.1970983428955078,0.4766355140186916,0.8863381858902576,0.829,0.7708333333333334,
134,fedavg,0,4,7,False,False,0.7082866741321389,0.675,1.187428077697754,0.397196261682243,0.7889137737961927,0.758,0.71875,
134,fedavg,0,4,8,False,False,0.685330347144457,0.6755,1.2335001602172853,0.5934579439252337,0.79003359462486,0.7695,0.6666666666666666,
134,fedavg,0,4,9,False,False,0.7306830907054871,0.711,1.11020174407959,0.5467289719626168,0.816909294512878,0.7845,0.7916666666666666,
134,fedavg,0,4,33,True,False,0.5576707726763718,0.529,1.9628746032714843,0.2897196261682243,0.996080627099664,0.985,1.0,
134,fedavg,0,4,54,True,False,0.58006718924972,0.555,1.6832120361328125,0.34579439252336447,1.0,0.999,1.0,
134,fedavg,0,4,56,True,False,0.49104143337066064,0.5175,2.1602706451416016,0.7383177570093458,0.9972004479283315,0.993,1.0,
134,fedavg,0,4,98,True,False,0.5408734602463605,0.523,1.8307926330566406,0.37383177570093457,0.9994400895856663,0.997,1.0,
136,fedavg,0,4,0,False,False,0.6982082866741322,0.689,1.115673225402832,0.6121495327102804,0.5834266517357223,0.5615,0.6354166666666666,
136,fedavg,0,4,1,False,False,0.5251959686450167,0.498,2.1925799713134766,0.27102803738317754,0.21780515117581187,0.2045,0.3854166666666667,
136,fedavg,0,4,2,False,False,0.5240761478163494,0.554,2.155016799926758,0.8037383177570093,0.6842105263157895,0.6895,0.9583333333333334,
136,fedavg,0,4,3,False,False,0.6858902575587906,0.6525,1.4292172088623047,0.37383177570093457,0.8812989921612542,0.8405,0.8645833333333334,
136,fedavg,0,4,4,False,False,0.6427771556550952,0.6705,1.3905435028076172,0.9018691588785047,0.9596864501679732,0.951,0.9895833333333334,
136,fedavg,0,4,5,False,False,0.6808510638297872,0.6805,1.3205574798583983,0.677570093457944,0.8779395296752519,0.866,0.875,
136,fedavg,0,4,6,False,False,0.6528555431131019,0.634,1.1970983428955078,0.4766355140186916,0.8840985442329228,0.8265,0.7291666666666666,
136,fedavg,0,4,7,False,True,0.7217245240761478,0.7125,1.0022819900512696,0.6355140186915887,0.9260918253079508,0.917,0.90625,
136,fedavg,0,4,8,False,False,0.685330347144457,0.6755,1.2335001602172853,0.5934579439252337,0.7877939529675252,0.7665,0.6145833333333334,
136,fedavg,0,4,9,False,False,0.7306830907054871,0.711,1.11020174407959,0.5467289719626168,0.8163493840985442,0.7825,0.8020833333333334,
136,fedavg,0,4,33,True,True,0.5963045912653975,0.616,1.4076283798217772,0.780373831775701,0.9972004479283315,0.992,0.9791666666666666,
136,fedavg,0,4,54,True,False,0.58006718924972,0.555,1.6832120361328125,0.34579439252336447,1.0,0.999,1.0,
136,fedavg,0,4,56,True,False,0.49104143337066064,0.5175,2.1602706451416016,0.7383177570093458,0.9972004479283315,0.9935,1.0,
136,fedavg,0,4,98,True,True,0.4641657334826428,0.4505,2.5545413818359375,0.3364485981308411,0.9983202687569989,0.996,1.0,
138,fedavg,0,4,0,False,False,0.6735722284434491,0.6595,1.293739730834961,0.5420560747663551,0.9244120940649496,0.9045,0.8333333333333334,
138,fedavg,0,4,1,False,False,0.5251959686450167,0.498,2.1925799713134766,0.27102803738317754,0.2211646136618141,0.2075,0.3958333333333333,
138,fedavg,0,4,2,False,False,0.5240761478163494,0.554,2.155016799926758,0.8037383177570093,0.6842105263157895,0.6895,0.9479166666666666,
138,fedavg,0,4,3,False,False,0.6858902575587906,0.6525,1.4292172088623047,0.37383177570093457,0.8807390817469205,0.84,0.8333333333333334,
138,fedavg,0,4,4,False,False,0.6427771556550952,0.6705,1.3905435028076172,0.9018691588785047,0.9602463605823068,0.952,0.9895833333333334,
138,fedavg,0,4,5,False,False,0.6808510638297872,0.6805,1.3205574798583983,0.677570093457944,0.879619260918253,0.8675,0.875,
138,fedavg,0,4,6,False,False,0.6528555431131019,0.634,1.1970983428955078,0.4766355140186916,0.8829787234042553,0.8255,0.7708333333333334,
138,fedavg,0,4,7,False,False,0.7217245240761478,0.7125,1.0022819900512696,0.6355140186915887,0.9266517357222844,0.9175,0.8541666666666666,
138,fedavg,0,4,8,False,False,0.685330347144457,0.6755,1.2335001602172853,0.5934579439252337,0.7866741321388577,0.766,0.6875,
138,fedavg,0,4,9,False,False,0.7306830907054871,0.711,1.11020174407959,0.5467289719626168,0.8152295632698768,0.7825,0.7916666666666666,
138,fedavg,0,4,33,True,False,0.5963045912653975,0.616,1.4076283798217772,0.780373831775701,0.9972004479283315,0.992,0.9791666666666666,
138,fedavg,0,4,54,True,False,0.58006718924972,0.555,1.6832120361328125,0.34579439252336447,1.0,0.999,1.0,
138,fedavg,0,4,56,True,True,0.5733482642777156,0.6015,1.6794517211914062,0.8364485981308412,0.9994400895856663,0.997,1.0,
138,fedavg,0,4,98,True,False,0.4764837625979843,0.464,2.2696883392333986,0.3598130841121495,1.0,0.9975,1.0,
140,fedavg,0,4,0,False,False,0.6735722284434491,0.6595,1.293739730834961,0.5420560747663551,0.925531914893617,0.9065,0.8333333333333334,
140,fedavg,0,4,1,False,False,0.5251959686450167,0.498,2.1925799713134766,0.27102803738317754,0.2206047032474804,0.208,0.4166666666666667,
140,fedavg,0,4,2,False,False,0.5240761478163494,0.554,2.155016799926758,0.8037383177570093,0.6886898096304591,0.693,0.9479166666666666,
140,fedavg,0,4,3,False,True,0.6903695408734603,0.659,1.3168064422607422,0.397196261682243,0.938969764837626,0.9,0.9270833333333334,
140,fedavg,0,4,4,False,False,0.6243001119820828,0.6485,1.3897485198974608,0.8504672897196262,0.7295632698768197,0.704,0.84375,
140,fedavg,0,4,5,False,False,0.6808510638297872,0.6805,1.3205574798583983,0.677570093457944,0.8790593505039194,0.867,0.90625,
140,fedavg,0,4,6,False,False,0.6528555431131019,0.634,1.1970983428955078,0.4766355140186916,0.8846584546472565,0.827,0.71875,
140,fedavg,0,4,7,False,False,0.7217245240761478,0.7125,1.0022819900512696,0.6355140186915887,0.9266517357222844,0.918,0.8958333333333334,
140,fedavg,0,4,8,False,True,0.6237402015677491,0.619,1.7151224365234374,0.5794392523364486,0.8348264277715566,0.827,0.7916666666666666,
140,fedavg,0,4,9,False,False,0.7306830907054871,0.711,1.11020174407959,0.5467289719626168,0.8174692049272116,0.7845,0.7604166666666666,
140,fedavg,0,4,33,True,False,0.5963045912653975,0.616,1.4076283798217772,0.780373831775701,0.9972004479283315,0.992,0.9791666666666666,
140,fedavg,0,4,54,True,False,0.58006718924972,0.555,1.6832120361328125,0.34579439252336447,1.0,0.999,1.0,
140,fedavg,0,4,56,True,False,0.6164613661814109,0.646,1.337736587524414,0.8925233644859814,1.0,1.0,1.0,
140,fedavg,0,4,98,True,False,0.4764837625979843,0.464,2.2700468292236327,0.3598130841121495,0.9988801791713325,0.9965,1.0,
142,fedavg,0,4,0,False,False,0.6735722284434491,0.6595,1.293739730834961,0.5420560747663551,0.925531914893617,0.9065,0.875,
142,fedavg,0,4,1,False,False,0.5251959686450167,0.498,2.1925799713134766,0.27102803738317754,0.21948488241881298,0.207,0.4270833333333333,
142,fedavg,0,4,2,False,False,0.5240761478163494,0.554,2.155016799926758,0.8037383177570093,0.6886898096304591,0.693,0.9479166666666666,
142,fedavg,0,4,3,False,True,0.7284434490481523,0.6945,1.1835036163330077,0.411214953271028,0.9171332586786114,0.8865,0.8645833333333334,
142,fedavg,0,4,4,False,False,0.6243001119820828,0.6485,1.3897485198974608,0.8504672897196262,0.7295632698768197,0.704,0.8645833333333334,
142,fedavg,0,4,5,False,True,0.6730123180291153,0.6635,1.3119312133789063,0.5841121495327103,0.8891377379619261,0.868,0.875,
142,fedavg,0,4,6,False,False,0.6528555431131019,0.634,1.1970983428955078,0.4766355140186916,0.8846584546472565,0.827,0.7291666666666666,
142,fedavg,0,4,7,False,False,0.7217245240761478,0.7125,1.0022819900512696,0.6355140186915887,0.9266517357222844,0.918,0.875,
142,fedavg,0,4,8,False,False,0.6237402015677491,0.619,1.7151224365234374,0.5794392523364486,0.8353863381858903,0.8275,0.7604166666666666,
142,fedavg,0,4,9,False,False,0.7306830907054871,0.711,1.11020174407959,0.5467289719626168,0.816909294512878,0.784,0.78125,
142,fedavg,0,4,33,True,False,0.5963045912653975,0.616,1.4076283798217772,0.780373831775701,0.9972004479283315,0.992,0.9895833333333334,
142,fedavg,0,4,54,True,False,0.58006718924972,0.555,1.6832120361328125,0.34579439252336447,1.0,0.999,1.0,
142,fedavg,0,4,56,True,False,0.6164613661814109,0.646,1.337736587524414,0.8925233644859814,1.0,0.9995,1.0,
142,fedavg,0,4,98,True,False,0.477043673012318,0.464,2.2767978515625,0.35514018691588783,0.9988801791713325,0.9965,1.0,
144,fedavg,0,4,0,False,False,0.6735722284434491,0.6595,1.293739730834961,0.5420560747663551,0.925531914893617,0.9065,0.8229166666666666,
144,fedavg,0,4,1,False,False,0.5251959686450167,0.498,2.1925799713134766,0.27102803738317754,0.21948488241881298,0.207,0.4166666666666667,
144,fedavg,0,4,2,False,False,0.5240761478163494,0.554,2.155016799926758,0.8037383177570093,0.6886898096304591,0.693,0.9375,
144,fedavg,0,4,3,False,False,0.7284434490481523,0.6945,1.1835036163330077,0.411214953271028,0.9171332586786114,0.8865,0.8333333333333334,
144,fedavg,0,4,4,False,False,0.6243001119820828,0.6485,1.3897485198974608,0.8504672897196262,0.7295632698768197,0.704,0.8645833333333334,
144,fedavg,0,4,5,False,False,0.6825307950727884,0.664,1.3387665557861328,0.5093457943925234,0.8398656215005599,0.8125,0.8645833333333334,
144,fedavg,0,4,6,False,False,0.6528555431131019,0.634,1.1970983428955078,0.4766355140186916,0.8846584546472565,0.827,0.7395833333333334,
144,fedavg,0,4,7,False,False,0.7217245240761478,0.7125,1.0022819900512696,0.6355140186915887,0.9266517357222844,0.918,0.8854166666666666,
144,fedavg,0,4,8,False,False,0.6237402015677491,0.619,1.7151224365234374,0.5794392523364486,0.8353863381858903,0.8275,0.8229166666666666,
144,fedavg,0,4,9,False,False,0.7306830907054871,0.711,1.11020174407959,0.5467289719626168,0.816909294512878,0.784,0.7604166666666666,
144,fedavg,0,4,33,True,False,0.5963045912653975,0.616,1.4076283798217772,0.780373831775701,0.9972004479283315,0.992,0.9895833333333334,
144,fedavg,0,4,54,True,False,0.58006718924972,0.555,1.6832120361328125,0.34579439252336447,1.0,0.999,1.0,
144,fedavg,0,4,56,True,False,0.6164613661814109,0.646,1.337736587524414,0.8925233644859814,1.0,0.9995,1.0,
144,fedavg,0,4,98,True,False,0.47480403135498317,0.4625,2.29264274597168,0.3598130841121495,1.0,0.9975,1.0,
146,fedavg,0,4,0,False,False,0.6735722284434491,0.6595,1.293739730834961,0.5420560747663551,0.9210526315789473,0.901,0.9166666666666666,
146,fedavg,0,4,1,False,False,0.5251959686450167,0.498,2.1925799713134766,0.27102803738317754,0.21724524076147816,0.2035,0.3854166666666667,
146,fedavg,0,4,2,False,True,0.6377379619260919,0.658,1.271205795288086,0.8271028037383178,0.9059350503919373,0.8995,0.9583333333333334,
146,fedavg,0,4,3,False,False,0.7284434490481523,0.6945,1.1835036163330077,0.411214953271028,0.916013437849944,0.884,0.8229166666666666,
146,fedavg,0,4,4,False,False,0.6243001119820828,0.6485,1.3897485198974608,0.8504672897196262,0.7284434490481523,0.702,0.875,
146,fedavg,0,4,5,False,False,0.6825307950727884,0.664,1.3387665557861328,0.5093457943925234,0.8398656215005599,0.8115,0.8854166666666666,
146,fedavg,0,4,6,False,False,0.5649496080627099,0.5575,1.5995942077636718,0.4953271028037383,0.5957446808510638,0.548,0.4791666666666667,
146,fedavg,0,4,7,False,False,0.7217245240761478,0.7125,1.0022819900512696,0.6355140186915887,0.9288913773796192,0.919,0.90625,
146,fedavg,0,4,8,False,True,0.706047032474804,0.703,1.174390151977539,0.677570093457944,0.9092945128779395,0.8975,0.8854166666666666,
146,fedavg,0,4,9,False,False,0.7306830907054871,0.711,1.11020174407959,0.5467289719626168,0.8157894736842105,0.7825,0.8125,
146,fedavg,0,4,33,True,False,0.5963045912653975,0.616,1.4076283798217772,0.780373831775701,0.9972004479283315,0.992,0.9895833333333334,
146,fedavg,0,4,54,True,False,0.58006718924972,0.555,1.6832120361328125,0.34579439252336447,1.0,0.999,1.0,
146,fedavg,0,4,56,True,False,0.6164613661814109,0.646,1.337736587524414,0.8925233644859814,1.0,0.9995,1.0,
146,fedavg,0,4,98,True,True,0.589585666293393,0.5485,1.8281641540527345,0.205607476635514,0.9932810750279956,0.978,1.0,
148,fedavg,0,4,0,False,False,0.6735722284434491,0.6595,1.293739730834961,0.5420560747663551,0.9210526315789473,0.901,0.9166666666666666,
148,fedavg,0,4,1,False,False,0.5251959686450167,0.498,2.1925799713134766,0.27102803738317754,0.21780515117581187,0.204,0.3958333333333333,
148,fedavg,0,4,2,False,False,0.687010078387458,0.7025,1.0935935668945314,0.8317757009345794,0.9680851063829787,0.9635,0.96875,
148,fedavg,0,4,3,False,False,0.7284434490481523,0.6945,1.1835036163330077,0.411214953271028,0.916013437849944,0.884,0.8645833333333334,
148,fedavg,0,4,4,False,False,0.6243001119820828,0.6485,1.3897485198974608,0.8504672897196262,0.7284434490481523,0.7015,0.8958333333333334,
148,fedavg,0,4,5,False,False,0.6825307950727884,0.664,1.3387665557861328,0.5093457943925234,0.8404255319148937,0.812,0.84375,
148,fedavg,0,4,6,False,False,0.5649496080627099,0.5575,1.5995942077636718,0.4953271028037383,0.593505039193729,0.546,0.4791666666666667,
148,fedavg,0,4,7,False,False,0.7217245240761478,0.7125,1.0022819900512696,0.6355140186915887,0.9288913773796192,0.919,0.90625,
148,fedavg,0,4,8,False,False,0.706047032474804,0.703,1.174390151977539,0.677570093457944,0.9092945128779395,0.8975,0.8645833333333334,
148,fedavg,0,4,9,False,False,0.7306830907054871,0.711,1.11020174407959,0.5467289719626168,0.8157894736842105,0.7825,0.8229166666666666,
148,fedavg,0,4,33,True,False,0.5963045912653975,0.616,1.4076283798217772,0.780373831775701,0.9972004479283315,0.992,0.9895833333333334,
148,fedavg,0,4,54,True,False,0.58006718924972,0.555,1.6832120361328125,0.34579439252336447,1.0,0.999,1.0,
148,fedavg,0,4,56,True,False,0.6164613661814109,0.646,1.337736587524414,0.8925233644859814,1.0,0.9995,1.0,
148,fedavg,0,4,98,True,False,0.5386338185890258,0.5155,2.120253936767578,0.32242990654205606,0.9994400895856663,0.994,1.0,
150,fedavg,0,4,0,False,False,0.6735722284434491,0.6595,1.293739730834961,0.5420560747663551,0.9232922732362822,0.9035,0.9166666666666666,
150,fedavg,0,4,1,False,False,0.5251959686450167,0.498,2.1925799713134766,0.27102803738317754,0.21780515117581187,0.2055,0.3541666666666667,
150,fedavg,0,4,2,False,False,0.6842105263157895,0.703,1.0889852600097656,0.8598130841121495,0.9305711086226204,0.923,0.9791666666666666,
150,fedavg,0,4,3,False,False,0.7284434490481523,0.6945,1.1835036163330077,0.411214953271028,0.9193729003359462,0.886,0.8541666666666666,
150,fedavg,0,4,4,False,False,0.6243001119820828,0.6485,1.3897485198974608,0.8504672897196262,0.7267637178051511,0.7,0.8854166666666666,
150,fedavg,0,4,5,False,False,0.6825307950727884,0.664,1.3387665557861328,0.5093457943925234,0.8387458006718925,0.8095,0.8541666666666666,
150,fedavg,0,4,6,False,False,0.5649496080627099,0.5575,1.5995942077636718,0.4953271028037383,0.6035834266517357,0.556,0.5,
150,fedavg,0,4,7,False,False,0.7217245240761478,0.7125,1.0022819900512696,0.6355140186915887,0.9300111982082867,0.92,0.9166666666666666,
150,fedavg,0,4,8,False,False,0.706047032474804,0.703,1.174390151977539,0.677570093457944,0.9092945128779395,0.8975,0.8645833333333334,
150,fedavg,0,4,9,False,False,0.7306830907054871,0.711,1.11020174407959,0.5467289719626168,0.8180291153415453,0.785,0.8229166666666666,
150,fedavg,0,4,33,True,False,0.5963045912653975,0.616,1.4076283798217772,0.780373831775701,0.9972004479283315,0.992,0.9895833333333334,
150,fedavg,0,4,54,True,False,0.58006718924972,0.555,1.6832120361328125,0.34579439252336447,1.0,0.999,1.0,
150,fedavg,0,4,56,True,True,0.5369540873460246,0.551,1.8517459564208985,0.6682242990654206,1.0,0.998,1.0,
150,fedavg,0,4,98,True,False,0.538073908174692,0.516,2.1289305114746093,0.3317757009345794,0.9994400895856663,0.9935,1.0,
