round,defense,seed,bad_client_num,client_id,is_malicious,participated_this_round,acc,mta,clean_loss,acc_target_class,asr_targeted,asr_unfiltered,asr_paper,asr_paper_frozen
2,fedavg,0,4,0,False,False,0.11310190369540873,0.101,2.303148483276367,0.0,0.0,0.0,0.0,
2,fedavg,0,4,1,False,False,0.003919372900335949,0.101,2.302078918457031,0.9112149532710281,0.9395296752519597,0.891,0.9479166666666666,
2,fedavg,0,4,2,False,False,0.11310190369540873,0.101,2.3029470672607424,0.0,0.0,0.0,0.0,
2,fedavg,0,4,3,False,False,0.0,0.107,2.3027999572753908,1.0,1.0,1.0,1.0,
2,fedavg,0,4,4,False,False,0.1243001119820829,0.1115,2.302261276245117,0.004672897196261682,0.05767077267637178,0.0515,0.020833333333333332,
2,fedavg,0,4,5,False,True,0.11310190369540873,0.101,2.9859898986816407,0.0,0.0,0.0,0.0,
2,fedavg,0,4,6,False,False,0.11310190369540873,0.101,2.3035677795410154,0.0,0.0,0.0,0.0,
2,fedavg,0,4,7,False,False,0.11534154535274355,0.103,2.303795593261719,0.0,0.0,0.0,0.0,
2,fedavg,0,4,8,False,False,0.11758118701007836,0.105,2.3022007598876955,0.0,0.0,0.0,0.0,
2,fedavg,0,4,9,False,False,0.09966405375139975,0.089,2.3027066345214844,0.0,0.0,0.0,0.0,
2,fedavg,0,4,33,True,False,0.0,0.107,2.3029324340820314,1.0,1.0,1.0,1.0,
2,fedavg,0,4,54,True,False,0.11310190369540873,0.101,2.303069854736328,0.0,0.0,0.0,0.0,
2,fedavg,0,4,56,True,False,0.04255319148936165,0.1325,2.3021236724853518,0.883177570093458,0.6853303471444568,0.648,0.7291666666666666,
2,fedavg,0,4,98,True,False,0.10022396416573354,0.096,2.979620361328125,0.06074766355140187,0.010638297872340425,0.013,0.010416666666666666,
4,fedavg,0,4,0,False,False,0.11310190369540873,0.101,2.303148483276367,0.0,0.0,0.0,0.0,
4,fedavg,0,4,1,False,False,0.003919372900335949,0.101,2.302078918457031,0.9112149532710281,0.9630459126539753,0.9265,0.9583333333333334,
4,fedavg,0,4,2,False,False,0.11310190369540873,0.101,2.3029470672607424,0.0,0.0,0.0,0.0,
4,fedavg,0,4,3,False,False,0.0,0.107,2.3027999572753908,1.0,1.0,1.0,1.0,
4,fedavg,0,4,4,False,False,0.1243001119820829,0.1115,2.302261276245117,0.004672897196261682,0.06606942889137737,0.059,0.020833333333333332,
4,fedavg,0,4,5,False,False,0.11478163493840987,0.1025,2.923051483154297,0.0,0.0,0.0,0.0,
4,fedavg,0,4,6,False,False,0.11310190369540873,0.101,2.3035677795410154,0.0,0.0,0.0,0.0,
4,fedavg,0,4,7,False,True,0.12094064949608063,0.108,2.8936676330566407,0.0,0.0,0.0,0.0,
4,fedavg,0,4,8,False,False,0.11758118701007836,0.105,2.3022007598876955,0.0,0.0,0.0,0.0,
4,fedavg,0,4,9,False,False,0.09966405375139975,0.089,2.3027066345214844,0.0,0.0,0.0,0.0,
4,fedavg,0,4,33,True,False,0.0,0.107,2.3029324340820314,1.0,1.0,1.0,1.0,
4,fedavg,0,4,54,True,True,0.1220604703247481,0.109,3.4462835083007812,0.0,0.0,0.0,0.0,
4,fedavg,0,4,56,True,False,0.04255319148936165,0.1325,2.3021236724853518,0.883177570093458,0.6814109742441209,0.6365,0.7291666666666666,
4,fedavg,0,4,98,True,False,0.11702127659574468,0.1405,2.7345813903808596,0.3364485981308411,0.04591265397536394,0.0715,0.010416666666666666,
6,fedavg,0,4,0,False,True,0.1142217245240762,0.102,2.8901864318847656,0.0,0.0,0.0,0.0,
6,fedavg,0,4,1,False,False,0.003919372900335949,0.101,2.302078918457031,0.9112149532710281,0.9490481522956327,0.903,0.9583333333333334,
6,fedavg,0,4,2,False,True,0.09966405375139975,0.089,3.0238250122070314,0.0,0.0,0.0,0.0,
6,fedavg,0,4,3,False,False,0.0,0.107,2.3027999572753908,1.0,1.0,1.0,1.0,
6,fedavg,0,4,4,False,False,0.1243001119820829,0.1115,2.302261276245117,0.004672897196261682,0.04983202687569989,0.0445,0.020833333333333332,
6,fedavg,0,4,5,False,False,0.11478163493840987,0.1025,2.923051483154297,0.0,0.0,0.0,0.0,
6,fedavg,0,4,6,False,True,0.13829787234042556,0.1235,2.545417510986328,0.0,0.0,0.0,0.0,
6,fedavg,0,4,7,False,False,0.12094064949608063,0.108,2.8936676330566407,0.0,0.0,0.0,0.0,
6,fedavg,0,4,8,False,False,0.11758118701007836,0.105,2.3022007598876955,0.0,0.0,0.0,0.0,
6,fedavg,0,4,9,False,True,0.11310190369540873,0.101,3.1004814453125,0.0,0.0,0.0,0.0,
6,fedavg,0,4,33,True,False,0.0,0.107,2.3029324340820314,1.0,1.0,1.0,1.0,
6,fedavg,0,4,54,True,False,0.1220604703247481,0.109,3.4462835083007812,0.0,0.0,0.0,0.0,
6,fedavg,0,4,56,True,True,0.10134378499440089,0.137,3.2832848510742187,0.43457943925233644,0.05711086226203808,0.0835,0.10416666666666667,
6,fedavg,0,4,98,True,True,0.25531914893617025,0.2535,2.228852005004883,0.2383177570093458,0.025755879059350503,0.0425,0.041666666666666664,
8,fedavg,0,4,0,False,False,0.1142217245240762,0.102,2.8901864318847656,0.0,0.0,0.0,0.0,
8,fedavg,0,4,1,False,False,0.003919372900335949,0.101,2.302078918457031,0.9112149532710281,0.9322508398656215,0.884,0.9270833333333334,
8,fedavg,0,4,2,False,False,0.09966405375139975,0.089,3.0238250122070314,0.0,0.0,0.0,0.0,
8,fedavg,0,4,3,False,False,0.1321388577827548,0.118,3.17527294921875,0.0,0.0,0.0,0.0,
8,fedavg,0,4,4,False,False,0.1243001119820829,0.1115,2.302261276245117,0.004672897196261682,0.06942889137737962,0.062,0.020833333333333332,
8,fedavg,0,4,5,False,False,0.11478163493840987,0.1025,2.923051483154297,0.0,0.0,0.0,0.0,
8,fedavg,0,4,6,False,False,0.13829787234042556,0.1235,2.545417510986328,0.0,0.0,0.0,0.0,
8,fedavg,0,4,7,False,False,0.12094064949608063,0.108,2.8936676330566407,0.0,0.0,0.0,0.0,
8,fedavg,0,4,8,False,False,0.11758118701007836,0.105,2.3022007598876955,0.0,0.0,0.0,0.0,
8,fedavg,0,4,9,False,False,0.11310190369540873,0.101,3.1004814453125,0.0,0.0,0.0,0.0,
8,fedavg,0,4,33,True,False,0.0,0.107,2.3029324340820314,1.0,1.0,1.0,1.0,
8,fedavg,0,4,54,True,False,0.19876819708846583,0.1825,2.896728454589844,0.04672897196261682,0.01959686450167973,0.02,0.0,
8,fedavg,0,4,56,True,False,0.10134378499440089,0.137,3.2832848510742187,0.43457943925233644,0.07222844344904815,0.106,0.13541666666666666,
8,fedavg,0,4,98,True,False,0.20044792833146696,0.2255,2.2958238067626953,0.43457943925233644,0.07894736842105263,0.106,0.041666666666666664,
10,fedavg,0,4,0,False,False,0.1142217245240762,0.102,2.8901864318847656,0.0,0.0,0.0,0.0,
10,fedavg,0,4,1,False,False,0.003919372900335949,0.101,2.302078918457031,0.9112149532710281,0.9496080627099664,0.913,0.9479166666666666,
10,fedavg,0,4,2,False,False,0.09966405375139975,0.089,3.0238250122070314,0.0,0.0,0.0,0.0,
10,fedavg,0,4,3,False,False,0.1321388577827548,0.118,3.17527294921875,0.0,0.0,0.0,0.0,
10,fedavg,0,4,4,False,False,0.1243001119820829,0.1115,2.302261276245117,0.004672897196261682,0.07278835386338185,0.065,0.020833333333333332,
10,fedavg,0,4,5,False,True,0.1243001119820829,0.111,4.208348999023437,0.0,0.0,0.0,0.0,
10,fedavg,0,4,6,False,False,0.13829787234042556,0.1235,2.545417510986328,0.0,0.0,0.0,0.0,
10,fedavg,0,4,7,False,False,0.12094064949608063,0.108,2.8936676330566407,0.0,0.0,0.0,0.0,
10,fedavg,0,4,8,False,False,0.11758118701007836,0.105,2.3022007598876955,0.0,0.0,0.0,0.0,
10,fedavg,0,4,9,False,False,0.15173572228443444,0.1355,3.041478088378906,0.0,0.0,0.0,0.0,
10,fedavg,0,4,33,True,False,0.07838745800671898,0.1725,2.6261958923339845,0.9579439252336449,0.8292273236282195,0.8415,0.7395833333333334,
10,fedavg,0,4,54,True,False,0.19876819708846583,0.1825,2.896728454589844,0.04672897196261682,0.020156774916013438,0.0205,0.0,
10,fedavg,0,4,56,True,False,0.10134378499440089,0.137,3.2832848510742187,0.43457943925233644,0.0755879059350504,0.1095,0.125,
10,fedavg,0,4,98,True,False,0.20268756998880177,0.2305,2.2871009521484376,0.46261682242990654,0.08286674132138858,0.1115,0.041666666666666664,
12,fedavg,0,4,0,False,False,0.1142217245240762,0.102,2.8901864318847656,0.0,0.0,0.0,0.0,
12,fedavg,0,4,1,False,False,0.003919372900335949,0.101,2.302078918457031,0.9112149532710281,0.9652855543113102,0.9325,0.96875,
12,fedavg,0,4,2,False,True,0.10918253079507279,0.1505,3.0187350158691406,0.4953271028037383,0.09854423292273236,0.14,0.13541666666666666,
12,fedavg,0,4,3,False,True,0.12989921612541988,0.116,3.4253648071289065,0.0,0.0,0.0,0.0,
12,fedavg,0,4,4,False,False,0.1243001119820829,0.1115,2.302261276245117,0.004672897196261682,0.06494960806270997,0.058,0.020833333333333332,
12,fedavg,0,4,5,False,False,0.2049272116461366,0.183,2.3880755767822266,0.0,0.0,0.0,0.0,
12,fedavg,0,4,6,False,False,0.13829787234042556,0.1235,2.545417510986328,0.0,0.0,0.0,0.0,
12,fedavg,0,4,7,False,False,0.12094064949608063,0.108,2.8936676330566407,0.0,0.0,0.0,0.0,
12,fedavg,0,4,8,False,False,0.11702127659574468,0.1045,2.9432581481933595,0.0,0.0,0.0,0.0,
12,fedavg,0,4,9,False,False,0.15173572228443444,0.1355,3.041478088378906,0.0,0.0,0.0,0.0,
12,fedavg,0,4,33,True,False,0.07838745800671898,0.1725,2.6261958923339845,0.9579439252336449,0.8437849944008958,0.8555,0.75,
12,fedavg,0,4,54,True,False,0.1993281075027995,0.178,4.126875915527344,0.0,0.0011198208286674132,0.001,0.0,
12,fedavg,0,4,56,True,False,0.10134378499440089,0.137,3.2832848510742187,0.43457943925233644,0.07950727883538634,0.115,0.14583333333333334,
12,fedavg,0,4,98,True,False,0.1998880179171333,0.2295,2.2891442413330076,0.4766355140186916,0.08902575587905935,0.12,0.041666666666666664,
14,fedavg,0,4,0,False,False,0.1142217245240762,0.102,2.8901864318847656,0.0,0.0,0.0,0.0,
14,fedavg,0,4,1,False,False,0.003919372900335949,0.101,2.302078918457031,0.9112149532710281,0.9652855543113102,0.9325,0.9583333333333334,
14,fedavg,0,4,2,False,False,0.10918253079507279,0.1505,3.0187350158691406,0.4953271028037383,0.09854423292273236,0.14,0.13541666666666666,
14,fedavg,0,4,3,False,False,0.12989921612541988,0.116,3.4253648071289065,0.0,0.0,0.0,0.0,
14,fedavg,0,4,4,False,False,0.1243001119820829,0.1115,2.302261276245117,0.004672897196261682,0.06494960806270997,0.058,0.020833333333333332,
14,fedavg,0,4,5,False,False,0.2049272116461366,0.183,2.3880755767822266,0.0,0.0,0.0,0.0,
14,fedavg,0,4,6,False,False,0.13829787234042556,0.1235,2.545417510986328,0.0,0.0,0.0,0.0,
14,fedavg,0,4,7,False,False,0.12094064949608063,0.108,2.8936676330566407,0.0,0.0,0.0,0.0,
14,fedavg,0,4,8,False,False,0.11702127659574468,0.1045,2.9432581481933595,0.0,0.0,0.0,0.0,
14,fedavg,0,4,9,False,False,0.15173572228443444,0.1355,3.041478088378906,0.0,0.0,0.0,0.0,
14,fedavg,0,4,33,True,False,0.07838745800671898,0.1725,2.6261958923339845,0.9579439252336449,0.8437849944008958,0.8555,0.71875,
14,fedavg,0,4,54,True,False,0.1993281075027995,0.178,4.126875915527344,0.0,0.0011198208286674132,0.001,0.0,
14,fedavg,0,4,56,True,False,0.10134378499440089,0.137,3.2832848510742187,0.43457943925233644,0.07950727883538634,0.115,0.13541666666666666,
14,fedavg,0,4,98,True,False,0.1993281075027995,0.225,2.300148727416992,0.4392523364485981,0.08790593505039193,0.1175,0.052083333333333336,
16,fedavg,0,4,0,False,False,0.1142217245240762,0.102,2.8901864318847656,0.0,0.0,0.0,0.0,
16,fedavg,0,4,1,False,False,0.003919372900335949,0.101,2.302078918457031,0.9112149532710281,0.961926091825308,0.929,0.9583333333333334,
16,fedavg,0,4,2,False,True,0.24692049272116456,0.287,2.157135406494141,0.6214953271028038,0.1763717805151176,0.2165,0.1875,
16,fedavg,0,4,3,False,True,0.27547592385218367,0.246,2.439075408935547,0.0,0.0,0.0,0.0,
16,fedavg,0,4,4,False,False,0.1243001119820829,0.1115,2.302261276245117,0.004672897196261682,0.0593505039193729,0.053,0.020833333333333332,
16,fedavg,0,4,5,False,False,0.2049272116461366,0.183,2.3880755767822266,0.0,0.0,0.0,0.0,
16,fedavg,0,4,6,False,False,0.13829787234042556,0.1235,2.545417510986328,0.0,0.0,0.0,0.0,
16,fedavg,0,4,7,False,False,0.12094064949608063,0.108,2.8936676330566407,0.0,0.0,0.0,0.0,
16,fedavg,0,4,8,False,False,0.11702127659574468,0.1045,2.9432581481933595,0.0,0.0,0.0,0.0,
16,fedavg,0,4,9,False,False,0.15173572228443444,0.1355,3.041478088378906,0.0,0.0,0.0,0.0,
16,fedavg,0,4,33,True,True,0.22340425531914898,0.2935,2.0509452514648436,0.8785046728971962,0.5352743561030235,0.5635,0.5,
16,fedavg,0,4,54,True,False,0.1993281075027995,0.178,4.126875915527344,0.0,0.0011198208286674132,0.001,0.0,
16,fedavg,0,4,56,True,True,0.14501679731243,0.2275,2.7218257141113282,0.9158878504672897,0.5632698768197089,0.6005,0.53125,
16,fedavg,0,4,98,True,False,0.19820828667413215,0.229,2.295758575439453,0.48598130841121495,0.08902575587905935,0.12,0.041666666666666664,
18,fedavg,0,4,0,False,False,0.1142217245240762,0.102,2.8901864318847656,0.0,0.0,0.0,0.0,
18,fedavg,0,4,1,False,False,0.003919372900335949,0.101,2.302078918457031,0.9112149532710281,0.961926091825308,0.929,0.96875,
18,fedavg,0,4,2,False,False,0.24972004479283316,0.2925,2.267641052246094,0.6495327102803738,0.2788353863381859,0.301,0.2604166666666667,
18,fedavg,0,4,3,False,False,0.27547592385218367,0.246,2.439075408935547,0.0,0.0,0.0,0.0,
18,fedavg,0,4,4,False,False,0.1243001119820829,0.1115,2.302261276245117,0.004672897196261682,0.0593505039193729,0.053,0.020833333333333332,
18,fedavg,0,4,5,False,False,0.2049272116461366,0.183,2.3880755767822266,0.0,0.0,0.0,0.0,
18,fedavg,0,4,6,False,False,0.2357222844344905,0.2145,2.6070126342773436,0.037383177570093455,0.0005599104143337066,0.004,0.0,
18,fedavg,0,4,7,False,False,0.12094064949608063,0.108,2.8936676330566407,0.0,0.0,0.0,0.0,
18,fedavg,0,4,8,False,False,0.11702127659574468,0.1045,2.9432581481933595,0.0,0.0,0.0,0.0,
18,fedavg,0,4,9,False,False,0.15173572228443444,0.1355,3.041478088378906,0.0,0.0,0.0,0.0,
18,fedavg,0,4,33,True,False,0.3135498320268757,0.3025,2.2504183654785157,0.2102803738317757,0.023516237402015677,0.037,0.03125,
18,fedavg,0,4,54,True,False,0.1993281075027995,0.178,4.126875915527344,0.0,0.0011198208286674132,0.001,0.0,
18,fedavg,0,4,56,True,False,0.14501679731243,0.2275,2.7218257141113282,0.9158878504672897,0.5632698768197089,0.6005,0.53125,
18,fedavg,0,4,98,True,False,0.2715565509518477,0.2845,1.9284178924560547,0.3925233644859813,0.055991041433370664,0.081,0.010416666666666666,
20,fedavg,0,4,0,False,False,0.1142217245240762,0.102,2.8901864318847656,0.0,0.0,0.0,0.0,
20,fedavg,0,4,1,False,False,0.003919372900335949,0.101,2.302078918457031,0.9112149532710281,0.9624860022396416,0.9295,0.96875,
20,fedavg,0,4,2,False,False,0.29955207166853304,0.325,2.0341927337646486,0.5373831775700935,0.0940649496080627,0.127,0.15625,
20,fedavg,0,4,3,False,False,0.27547592385218367,0.246,2.439075408935547,0.0,0.0,0.0,0.0,
20,fedavg,0,4,4,False,False,0.1243001119820829,0.1115,2.302261276245117,0.004672897196261682,0.0593505039193729,0.053,0.020833333333333332,
20,fedavg,0,4,5,False,False,0.2049272116461366,0.183,2.3880755767822266,0.0,0.0,0.0,0.0,
20,fedavg,0,4,6,False,False,0.2357222844344905,0.2145,2.6070126342773436,0.037383177570093455,0.0005599104143337066,0.004,0.0,
20,fedavg,0,4,7,False,False,0.12094064949608063,0.108,2.8936676330566407,0.0,0.0,0.0,0.0,
20,fedavg,0,4,8,False,False,0.11702127659574468,0.1045,2.9432581481933595,0.0,0.0,0.0,0.0,
20,fedavg,0,4,9,False,False,0.15173572228443444,0.1355,3.041478088378906,0.0,0.0,0.0,0.0,
20,fedavg,0,4,33,True,False,0.3135498320268757,0.3025,2.2504183654785157,0.2102803738317757,0.023516237402015677,0.037,0.041666666666666664,
20,fedavg,0,4,54,True,False,0.1993281075027995,0.178,4.126875915527344,0.0,0.0011198208286674132,0.001,0.0,
20,fedavg,0,4,56,True,True,0.25027995520716684,0.312,2.025474792480469,0.8271028037383178,0.2782754759238522,0.3305,0.3125,
20,fedavg,0,4,98,True,False,0.3157894736842105,0.2915,1.9913510131835936,0.08878504672897196,0.009518477043673012,0.0105,0.020833333333333332,
22,fedavg,0,4,0,False,False,0.1142217245240762,0.102,2.8901864318847656,0.0,0.0,0.0,0.0,
22,fedavg,0,4,1,False,True,0.11310190369540873,0.101,3.542559631347656,0.0,0.0,0.0,0.0,
22,fedavg,0,4,2,False,False,0.29955207166853304,0.325,2.0341927337646486,0.5373831775700935,0.0940649496080627,0.127,0.13541666666666666,
22,fedavg,0,4,3,False,False,0.27547592385218367,0.246,2.439075408935547,0.0,0.0,0.0,0.0,
22,fedavg,0,4,4,False,False,0.1243001119820829,0.1115,2.302261276245117,0.004672897196261682,0.0593505039193729,0.053,0.020833333333333332,
22,fedavg,0,4,5,False,False,0.2049272116461366,0.183,2.3880755767822266,0.0,0.0,0.0,0.0,
22,fedavg,0,4,6,False,False,0.2357222844344905,0.2145,2.6070126342773436,0.037383177570093455,0.0005599104143337066,0.004,0.0,
22,fedavg,0,4,7,False,True,0.16965285554311316,0.1515,2.6560401306152346,0.0,0.0,0.0,0.0,
22,fedavg,0,4,8,False,True,0.36338185890257557,0.3305,1.9763675537109375,0.056074766355140186,0.0011198208286674132,0.0035,0.0,
22,fedavg,0,4,9,False,False,0.15173572228443444,0.1355,3.041478088378906,0.0,0.0,0.0,0.0,
22,fedavg,0,4,33,True,False,0.36450167973124303,0.3425,1.9636349029541016,0.1588785046728972,0.016237402015677492,0.0245,0.010416666666666666,
22,fedavg,0,4,54,True,False,0.1993281075027995,0.178,4.126875915527344,0.0,0.0011198208286674132,0.001,0.0,
22,fedavg,0,4,56,True,False,0.25027995520716684,0.312,2.025474792480469,0.8271028037383178,0.2782754759238522,0.3305,0.3125,
22,fedavg,0,4,98,True,False,0.24468085106382975,0.2435,2.2283319244384767,0.2336448598130841,0.02631578947368421,0.0365,0.020833333333333332,
24,fedavg,0,4,0,False,False,0.1142217245240762,0.102,2.8901864318847656,0.0,0.0,0.0,0.0,
24,fedavg,0,4,1,False,False,0.11310190369540873,0.101,3.542559631347656,0.0,0.0,0.0,0.0,
24,fedavg,0,4,2,False,False,0.29955207166853304,0.325,2.0341927337646486,0.5373831775700935,0.0940649496080627,0.127,0.14583333333333334,
24,fedavg,0,4,3,False,False,0.27547592385218367,0.246,2.439075408935547,0.0,0.0,0.0,0.0,
24,fedavg,0,4,4,False,False,0.1243001119820829,0.1115,2.302261276245117,0.004672897196261682,0.0593505039193729,0.053,0.020833333333333332,
24,fedavg,0,4,5,False,False,0.2049272116461366,0.183,2.3880755767822266,0.0,0.0,0.0,0.0,
24,fedavg,0,4,6,False,False,0.2357222844344905,0.2145,2.6070126342773436,0.037383177570093455,0.0005599104143337066,0.004,0.0,
24,fedavg,0,4,7,False,False,0.16965285554311316,0.1515,2.6560401306152346,0.0,0.0,0.0,0.0,
24,fedavg,0,4,8,False,False,0.36338185890257557,0.3305,1.9763675537109375,0.056074766355140186,0.0011198208286674132,0.0035,0.0,
24,fedavg,0,4,9,False,False,0.15173572228443444,0.1355,3.041478088378906,0.0,0.0,0.0,0.0,
24,fedavg,0,4,33,True,False,0.36450167973124303,0.3425,1.9636349029541016,0.1588785046728972,0.016237402015677492,0.0245,0.010416666666666666,
24,fedavg,0,4,54,True,False,0.29955207166853304,0.3465,1.882298583984375,0.7383177570093458,0.34434490481522956,0.378,0.23958333333333334,
24,fedavg,0,4,56,True,False,0.25027995520716684,0.312,2.025474792480469,0.8271028037383178,0.2782754759238522,0.3305,0.3229166666666667,
24,fedavg,0,4,98,True,False,0.24300111982082861,0.242,2.224928985595703,0.2336448598130841,0.027435610302351622,0.0375,0.020833333333333332,
26,fedavg,0,4,0,False,False,0.1142217245240762,0.102,2.8901864318847656,0.0,0.0,0.0,0.0,
26,fedavg,0,4,1,False,False,0.11310190369540873,0.101,3.542559631347656,0.0,0.0,0.0,0.0,
26,fedavg,0,4,2,False,False,0.29955207166853304,0.325,2.0341927337646486,0.5373831775700935,0.09518477043673013,0.1285,0.13541666666666666,
26,fedavg,0,4,3,False,False,0.27547592385218367,0.246,2.439075408935547,0.0,0.0,0.0,0.0,
26,fedavg,0,4,4,False,False,0.1243001119820829,0.1115,2.302261276245117,0.004672897196261682,0.05879059350503919,0.0525,0.020833333333333332,
26,fedavg,0,4,5,False,False,0.2049272116461366,0.183,2.3880755767822266,0.0,0.0,0.0,0.0,
26,fedavg,0,4,6,False,False,0.2357222844344905,0.2145,2.6070126342773436,0.037383177570093455,0.0005599104143337066,0.004,0.0,
26,fedavg,0,4,7,False,False,0.16965285554311316,0.1515,2.6560401306152346,0.0,0.0,0.0,0.0,
26,fedavg,0,4,8,False,True,0.3471444568868981,0.322,2.017305908203125,0.11214953271028037,0.006718924972004479,0.013,0.0,
26,fedavg,0,4,9,False,False,0.15173572228443444,0.1355,3.041478088378906,0.0,0.0,0.0,0.0,
26,fedavg,0,4,33,True,False,0.36450167973124303,0.3425,1.9636349029541016,0.1588785046728972,0.016237402015677492,0.0245,0.010416666666666666,
26,fedavg,0,4,54,True,False,0.31243001119820824,0.3175,1.9287337493896484,0.3598130841121495,0.09182530795072788,0.099,0.041666666666666664,
26,fedavg,0,4,56,True,False,0.1814109742441209,0.218,2.785421173095703,0.5233644859813084,0.1343784994400896,0.164,0.125,
26,fedavg,0,4,98,True,False,0.2435610302351624,0.2425,2.2322582702636717,0.2336448598130841,0.026875699888017916,0.037,0.010416666666666666,
28,fedavg,0,4,0,False,False,0.1142217245240762,0.102,2.8901864318847656,0.0,0.0,0.0,0.0,
28,fedavg,0,4,1,False,False,0.12038073908174696,0.1075,3.3866095275878907,0.0,0.0,0.0,0.0,
28,fedavg,0,4,2,False,False,0.29955207166853304,0.325,2.0341927337646486,0.5373831775700935,0.09518477043673013,0.1285,0.14583333333333334,
28,fedavg,0,4,3,False,False,0.27547592385218367,0.246,2.439075408935547,0.0,0.0,0.0,0.0,
28,fedavg,0,4,4,False,False,0.1243001119820829,0.1115,2.302261276245117,0.004672897196261682,0.05879059350503919,0.0525,0.020833333333333332,
28,fedavg,0,4,5,False,False,0.4070548712206047,0.371,1.748475814819336,0.07009345794392523,0.0011198208286674132,0.004,0.0,
28,fedavg,0,4,6,False,False,0.2357222844344905,0.2145,2.6070126342773436,0.037383177570093455,0.0005599104143337066,0.004,0.0,
28,fedavg,0,4,7,False,False,0.16965285554311316,0.1515,2.6560401306152346,0.0,0.0,0.0,0.0,
28,fedavg,0,4,8,False,False,0.3471444568868981,0.322,2.017305908203125,0.11214953271028037,0.006718924972004479,0.013,0.0,
28,fedavg,0,4,9,False,False,0.15173572228443444,0.1355,3.041478088378906,0.0,0.0,0.0,0.0,
28,fedavg,0,4,33,True,False,0.36450167973124303,0.3425,1.9636349029541016,0.1588785046728972,0.016237402015677492,0.0245,0.010416666666666666,
28,fedavg,0,4,54,True,False,0.31243001119820824,0.3175,1.9287337493896484,0.3598130841121495,0.09182530795072788,0.099,0.052083333333333336,
28,fedavg,0,4,56,True,False,0.1814109742441209,0.218,2.785421173095703,0.5233644859813084,0.1343784994400896,0.164,0.10416666666666667,
28,fedavg,0,4,98,True,False,0.24524076147816354,0.243,2.2208082885742186,0.22429906542056074,0.025755879059350503,0.036,0.020833333333333332,
30,fedavg,0,4,0,False,False,0.1142217245240762,0.102,2.8901864318847656,0.0,0.0,0.0,0.0,
30,fedavg,0,4,1,False,False,0.1578947368421053,0.141,2.8539712829589843,0.0,0.0,0.0,0.0,
30,fedavg,0,4,2,False,False,0.29955207166853304,0.325,2.0341927337646486,0.5373831775700935,0.09518477043673013,0.1285,0.13541666666666666,
30,fedavg,0,4,3,False,False,0.3398656215005599,0.3035,2.289384948730469,0.0,0.0,0.0,0.0,
30,fedavg,0,4,4,False,False,0.1243001119820829,0.1115,2.302261276245117,0.004672897196261682,0.05879059350503919,0.0525,0.020833333333333332,
30,fedavg,0,4,5,False,False,0.4070548712206047,0.371,1.748475814819336,0.07009345794392523,0.0011198208286674132,0.004,0.0,
30,fedavg,0,4,6,False,False,0.2357222844344905,0.2145,2.6070126342773436,0.037383177570093455,0.0005599104143337066,0.004,0.0,
30,fedavg,0,4,7,False,False,0.16965285554311316,0.1515,2.6560401306152346,0.0,0.0,0.0,0.0,
30,fedavg,0,4,8,False,False,0.3471444568868981,0.322,2.017305908203125,0.11214953271028037,0.006718924972004479,0.013,0.0,
30,fedavg,0,4,9,False,False,0.15173572228443444,0.1355,3.041478088378906,0.0,0.0,0.0,0.0,
30,fedavg,0,4,33,True,False,0.36450167973124303,0.3425,1.9636349029541016,0.1588785046728972,0.016237402015677492,0.0245,0.010416666666666666,
30,fedavg,0,4,54,True,False,0.3348264277715566,0.321,2.0438948516845703,0.205607476635514,0.023516237402015677,0.035,0.020833333333333332,
30,fedavg,0,4,56,True,False,0.1814109742441209,0.218,2.785421173095703,0.5233644859813084,0.1343784994400896,0.164,0.11458333333333333,
30,fedavg,0,4,98,True,False,0.2435610302351624,0.242,2.221370071411133,0.22897196261682243,0.027435610302351622,0.0375,0.020833333333333332,
32,fedavg,0,4,0,False,False,0.1142217245240762,0.102,2.8901864318847656,0.0,0.0,0.0,0.0,
32,fedavg,0,4,1,False,False,0.1578947368421053,0.141,2.8539712829589843,0.0,0.0,0.0,0.0,
32,fedavg,0,4,2,False,False,0.29955207166853304,0.325,2.0341927337646486,0.5373831775700935,0.09518477043673013,0.1285,0.125,
32,fedavg,0,4,3,False,False,0.3398656215005599,0.3035,2.289384948730469,0.0,0.0,0.0,0.0,
32,fedavg,0,4,4,False,False,0.1243001119820829,0.1115,2.302261276245117,0.004672897196261682,0.060470324748040316,0.054,0.020833333333333332,
32,fedavg,0,4,5,False,False,0.4070548712206047,0.371,1.748475814819336,0.07009345794392523,0.0011198208286674132,0.004,0.0,
32,fedavg,0,4,6,False,True,0.2413213885778276,0.2155,3.176778137207031,0.0,0.0022396416573348264,0.002,0.010416666666666666,
32,fedavg,0,4,7,False,False,0.16965285554311316,0.1515,2.6560401306152346,0.0,0.0,0.0,0.0,
32,fedavg,0,4,8,False,False,0.3471444568868981,0.322,2.017305908203125,0.11214953271028037,0.006718924972004479,0.013,0.0,
32,fedavg,0,4,9,False,False,0.15173572228443444,0.1355,3.041478088378906,0.0,0.0,0.0,0.0,
32,fedavg,0,4,33,True,False,0.36450167973124303,0.3425,1.9636349029541016,0.1588785046728972,0.016237402015677492,0.0245,0.010416666666666666,
32,fedavg,0,4,54,True,True,0.32306830907054873,0.3645,1.709334716796875,0.7102803738317757,0.24020156774916013,0.28,0.14583333333333334,
32,fedavg,0,4,56,True,False,0.1814109742441209,0.218,2.785421173095703,0.5233644859813084,0.1343784994400896,0.164,0.11458333333333333,
32,fedavg,0,4,98,True,False,0.28331466965285557,0.2975,1.9964115600585937,0.4158878504672897,0.07054871220604703,0.091,0.07291666666666667,
34,fedavg,0,4,0,False,False,0.1142217245240762,0.102,2.8901864318847656,0.0,0.0,0.0,0.0,
34,fedavg,0,4,1,False,False,0.1578947368421053,0.141,2.8539712829589843,0.0,0.0,0.0,0.0,
34,fedavg,0,4,2,False,False,0.33090705487122063,0.3535,1.8513955841064453,0.5420560747663551,0.1528555431131019,0.176,0.16666666666666666,
34,fedavg,0,4,3,False,False,0.3398656215005599,0.3035,2.289384948730469,0.0,0.0,0.0,0.0,
34,fedavg,0,4,4,False,False,0.1243001119820829,0.1115,2.302261276245117,0.004672897196261682,0.060470324748040316,0.054,0.020833333333333332,
34,fedavg,0,4,5,False,True,0.3572228443449048,0.333,1.8394570922851563,0.1308411214953271,0.006159014557670772,0.0105,0.0,
34,fedavg,0,4,6,False,False,0.2413213885778276,0.2155,3.176778137207031,0.0,0.0022396416573348264,0.002,0.010416666666666666,
34,fedavg,0,4,7,False,False,0.16965285554311316,0.1515,2.6560401306152346,0.0,0.0,0.0,0.0,
34,fedavg,0,4,8,False,False,0.3471444568868981,0.322,2.017305908203125,0.11214953271028037,0.006718924972004479,0.013,0.0,
34,fedavg,0,4,9,False,False,0.15173572228443444,0.1355,3.041478088378906,0.0,0.0,0.0,0.0,
34,fedavg,0,4,33,True,False,0.36450167973124303,0.3425,1.9636349029541016,0.1588785046728972,0.016237402015677492,0.0245,0.010416666666666666,
34,fedavg,0,4,54,True,False,0.32306830907054873,0.3645,1.709334716796875,0.7102803738317757,0.24020156774916013,0.28,0.14583333333333334,
34,fedavg,0,4,56,True,False,0.1814109742441209,0.218,2.785421173095703,0.5233644859813084,0.1343784994400896,0.164,0.11458333333333333,
34,fedavg,0,4,98,True,False,0.2978723404255319,0.3235,1.913898223876953,0.5373831775700935,0.09238521836506158,0.124,0.0625,
36,fedavg,0,4,0,False,False,0.20940649496080632,0.187,3.1353379821777345,0.0,0.0,0.0,0.0,
36,fedavg,0,4,1,False,False,0.1578947368421053,0.141,2.8539712829589843,0.0,0.0,0.0,0.0,
36,fedavg,0,4,2,False,False,0.33090705487122063,0.3535,1.8513955841064453,0.5420560747663551,0.1517357222844345,0.1755,0.16666666666666666,
36,fedavg,0,4,3,False,False,0.3398656215005599,0.3035,2.289384948730469,0.0,0.0,0.0,0.0,
36,fedavg,0,4,4,False,False,0.1243001119820829,0.1115,2.302261276245117,0.004672897196261682,0.059910414333706606,0.0535,0.020833333333333332,
36,fedavg,0,4,5,False,False,0.3572228443449048,0.333,1.8394570922851563,0.1308411214953271,0.005599104143337066,0.01,0.0,
36,fedavg,0,4,6,False,False,0.2413213885778276,0.2155,3.176778137207031,0.0,0.0022396416573348264,0.002,0.010416666666666666,
36,fedavg,0,4,7,False,False,0.16965285554311316,0.1515,2.6560401306152346,0.0,0.0,0.0,0.0,
36,fedavg,0,4,8,False,False,0.3471444568868981,0.322,2.017305908203125,0.11214953271028037,0.006718924972004479,0.013,0.0,
36,fedavg,0,4,9,False,False,0.15173572228443444,0.1355,3.041478088378906,0.0,0.0,0.0,0.0,
36,fedavg,0,4,33,True,False,0.36450167973124303,0.3425,1.9636349029541016,0.1588785046728972,0.016237402015677492,0.0245,0.010416666666666666,
36,fedavg,0,4,54,True,False,0.32306830907054873,0.3645,1.709334716796875,0.7102803738317757,0.24076147816349383,0.2805,0.125,
36,fedavg,0,4,56,True,False,0.1814109742441209,0.218,2.785421173095703,0.5233644859813084,0.1343784994400896,0.164,0.11458333333333333,
36,fedavg,0,4,98,True,True,0.32978723404255317,0.3,2.06685546875,0.0514018691588785,0.022396416573348264,0.0205,0.03125,
38,fedavg,0,4,0,False,False,0.20940649496080632,0.187,3.1353379821777345,0.0,0.0,0.0,0.0,
38,fedavg,0,4,1,False,False,0.1578947368421053,0.141,2.8539712829589843,0.0,0.0,0.0,0.0,
38,fedavg,0,4,2,False,False,0.33090705487122063,0.3535,1.8513955841064453,0.5420560747663551,0.1534154535274356,0.177,0.15625,
38,fedavg,0,4,3,False,False,0.3398656215005599,0.3035,2.289384948730469,0.0,0.0,0.0,0.0,
38,fedavg,0,4,4,False,False,0.1243001119820829,0.1115,2.302261276245117,0.004672897196261682,0.05655095184770437,0.0505,0.020833333333333332,
38,fedavg,0,4,5,False,False,0.3572228443449048,0.333,1.8394570922851563,0.1308411214953271,0.006159014557670772,0.01,0.0,
38,fedavg,0,4,6,False,False,0.2413213885778276,0.2155,3.176778137207031,0.0,0.0022396416573348264,0.002,0.0,
38,fedavg,0,4,7,False,False,0.16965285554311316,0.1515,2.6560401306152346,0.0,0.0,0.0,0.0,
38,fedavg,0,4,8,False,False,0.3471444568868981,0.322,2.017305908203125,0.11214953271028037,0.006718924972004479,0.013,0.0,
38,fedavg,0,4,9,False,False,0.15173572228443444,0.1355,3.041478088378906,0.0,0.0,0.0,0.0,
38,fedavg,0,4,33,True,False,0.36450167973124303,0.3425,1.9636349029541016,0.1588785046728972,0.015677491601343786,0.024,0.010416666666666666,
38,fedavg,0,4,54,True,False,0.32306830907054873,0.3645,1.709334716796875,0.7102803738317757,0.24020156774916013,0.28,0.125,
38,fedavg,0,4,56,True,False,0.1814109742441209,0.218,2.785421173095703,0.5233644859813084,0.1349384098544233,0.1645,0.09375,
38,fedavg,0,4,98,True,False,0.3012318029115342,0.316,2.110931701660156,0.4392523364485981,0.14053751399776035,0.1495,0.041666666666666664,
40,fedavg,0,4,0,False,False,0.20772676371780519,0.1985,3.674477081298828,0.12149532710280374,0.006718924972004479,0.0145,0.010416666666666666,
40,fedavg,0,4,1,False,False,0.1578947368421053,0.141,2.8539712829589843,0.0,0.0,0.0,0.0,
40,fedavg,0,4,2,False,False,0.33090705487122063,0.3535,1.8513955841064453,0.5420560747663551,0.1528555431131019,0.177,0.15625,
40,fedavg,0,4,3,False,False,0.35610302351623735,0.318,2.146921463012695,0.0,0.0,0.0,0.0,
40,fedavg,0,4,4,False,True,0.11310190369540873,0.101,3.0021954040527343,0.0,0.0,0.0,0.0,
40,fedavg,0,4,5,False,False,0.3572228443449048,0.333,1.8394570922851563,0.1308411214953271,0.006159014557670772,0.0105,0.0,
40,fedavg,0,4,6,False,False,0.2413213885778276,0.2155,3.176778137207031,0.0,0.0022396416573348264,0.002,0.010416666666666666,
40,fedavg,0,4,7,False,True,0.33034714445688684,0.295,2.2020345916748045,0.0,0.0,0.0,0.0,
40,fedavg,0,4,8,False,False,0.2357222844344905,0.2165,3.417377716064453,0.056074766355140186,0.0005599104143337066,0.003,0.0,
40,fedavg,0,4,9,False,False,0.15173572228443444,0.1355,3.041478088378906,0.0,0.0,0.0,0.0,
40,fedavg,0,4,33,True,False,0.36450167973124303,0.3425,1.9636349029541016,0.1588785046728972,0.015677491601343786,0.0235,0.010416666666666666,
40,fedavg,0,4,54,True,False,0.32306830907054873,0.3645,1.709334716796875,0.7102803738317757,0.2374020156774916,0.2775,0.125,
40,fedavg,0,4,56,True,True,0.3292273236282195,0.389,1.8316722259521485,0.8878504672897196,0.3460246360582307,0.389,0.375,
40,fedavg,0,4,98,True,False,0.29115341545352746,0.321,1.8395618133544922,0.5700934579439252,0.1019036954087346,0.1305,0.041666666666666664,
42,fedavg,0,4,0,False,False,0.43169092945128784,0.386,2.0021219787597655,0.004672897196261682,0.0,0.0,0.0,
42,fedavg,0,4,1,False,False,0.1578947368421053,0.141,2.8539712829589843,0.0,0.0,0.0,0.0,
42,fedavg,0,4,2,False,False,0.33090705487122063,0.3535,1.8513955841064453,0.5420560747663551,0.1528555431131019,0.177,0.16666666666666666,
42,fedavg,0,4,3,False,False,0.35610302351623735,0.318,2.146921463012695,0.0,0.0,0.0,0.0,
42,fedavg,0,4,4,False,False,0.11310190369540873,0.101,3.0021954040527343,0.0,0.0,0.0,0.0,
42,fedavg,0,4,5,False,False,0.3572228443449048,0.333,1.8394570922851563,0.1308411214953271,0.006159014557670772,0.0105,0.0,
42,fedavg,0,4,6,False,False,0.2413213885778276,0.2155,3.176778137207031,0.0,0.0022396416573348264,0.002,0.010416666666666666,
42,fedavg,0,4,7,False,False,0.33034714445688684,0.295,2.2020345916748045,0.0,0.0,0.0,0.0,
42,fedavg,0,4,8,False,False,0.2357222844344905,0.2165,3.417377716064453,0.056074766355140186,0.0005599104143337066,0.003,0.0,
42,fedavg,0,4,9,False,False,0.15173572228443444,0.1355,3.041478088378906,0.0,0.0,0.0,0.0,
42,fedavg,0,4,33,True,False,0.36450167973124303,0.3425,1.9636349029541016,0.1588785046728972,0.015677491601343786,0.024,0.010416666666666666,
42,fedavg,0,4,54,True,False,0.3163493840985442,0.3345,2.0079300079345703,0.48598130841121495,0.23908174692049272,0.2485,0.17708333333333334,
42,fedavg,0,4,56,True,False,0.3292273236282195,0.389,1.8316722259521485,0.8878504672897196,0.3471444568868981,0.3905,0.3645833333333333,
42,fedavg,0,4,98,True,False,0.29003359462486,0.3205,1.8355895385742187,0.5747663551401869,0.1013437849944009,0.13,0.041666666666666664,
44,fedavg,0,4,0,False,False,0.43169092945128784,0.386,2.0021219787597655,0.004672897196261682,0.0,0.0,0.0,
44,fedavg,0,4,1,False,False,0.1578947368421053,0.141,2.8539712829589843,0.0,0.0,0.0,0.0,
44,fedavg,0,4,2,False,False,0.33090705487122063,0.3535,1.8513955841064453,0.5420560747663551,0.1528555431131019,0.177,0.16666666666666666,
44,fedavg,0,4,3,False,False,0.35610302351623735,0.318,2.146921463012695,0.0,0.0,0.0,0.0,
44,fedavg,0,4,4,False,False,0.11310190369540873,0.101,3.0021954040527343,0.0,0.0,0.0,0.0,
44,fedavg,0,4,5,False,False,0.3572228443449048,0.333,1.8394570922851563,0.1308411214953271,0.006159014557670772,0.0105,0.0,
44,fedavg,0,4,6,False,False,0.2413213885778276,0.2155,3.176778137207031,0.0,0.0022396416573348264,0.002,0.010416666666666666,
44,fedavg,0,4,7,False,False,0.3729003359462486,0.335,2.198848892211914,0.018691588785046728,0.0011198208286674132,0.001,0.0,
44,fedavg,0,4,8,False,True,0.458006718924972,0.445,1.7303455505371095,0.3364485981308411,0.02631578947368421,0.049,0.020833333333333332,
44,fedavg,0,4,9,False,False,0.15173572228443444,0.1355,3.041478088378906,0.0,0.0,0.0,0.0,
44,fedavg,0,4,33,True,False,0.36450167973124303,0.3425,1.9636349029541016,0.1588785046728972,0.015677491601343786,0.024,0.010416666666666666,
44,fedavg,0,4,54,True,False,0.341545352743561,0.345,1.8606343536376952,0.37383177570093457,0.20772676371780516,0.2105,0.22916666666666666,
44,fedavg,0,4,56,True,False,0.3292273236282195,0.389,1.8316722259521485,0.8878504672897196,0.3460246360582307,0.3895,0.3854166666666667,
44,fedavg,0,4,98,True,False,0.28835386338185887,0.318,1.8359421081542968,0.5654205607476636,0.1019036954087346,0.1315,0.03125,
46,fedavg,0,4,0,False,False,0.43169092945128784,0.386,2.0021219787597655,0.004672897196261682,0.0,0.0,0.0,
46,fedavg,0,4,1,False,False,0.1578947368421053,0.141,2.8539712829589843,0.0,0.0,0.0,0.0,
46,fedavg,0,4,2,False,False,0.33090705487122063,0.3535,1.8513955841064453,0.5420560747663551,0.1539753639417693,0.178,0.15625,
46,fedavg,0,4,3,False,False,0.35610302351623735,0.318,2.146921463012695,0.0,0.0,0.0,0.0,
46,fedavg,0,4,4,False,True,0.13549832026875697,0.1285,3.2399121398925783,0.07009345794392523,0.006159014557670772,0.009,0.03125,
46,fedavg,0,4,5,False,False,0.3572228443449048,0.333,1.8394570922851563,0.1308411214953271,0.006159014557670772,0.0105,0.0,
46,fedavg,0,4,6,False,False,0.2413213885778276,0.2155,3.176778137207031,0.0,0.0022396416573348264,0.002,0.010416666666666666,
46,fedavg,0,4,7,False,False,0.43337066069428887,0.3885,1.7507821350097656,0.014018691588785047,0.0005599104143337066,0.0005,0.0,
46,fedavg,0,4,8,False,False,0.458006718924972,0.445,1.7303455505371095,0.3364485981308411,0.02631578947368421,0.049,0.020833333333333332,
46,fedavg,0,4,9,False,False,0.15173572228443444,0.1355,3.041478088378906,0.0,0.0,0.0,0.0,
46,fedavg,0,4,33,True,True,0.4591265397536394,0.445,1.634300994873047,0.32710280373831774,0.05431131019036954,0.07,0.08333333333333333,
46,fedavg,0,4,54,True,False,0.341545352743561,0.345,1.8606343536376952,0.37383177570093457,0.20660694288913775,0.2095,0.21875,
46,fedavg,0,4,56,True,False,0.3292273236282195,0.389,1.8316722259521485,0.8878504672897196,0.3471444568868981,0.39,0.3854166666666667,
46,fedavg,0,4,98,True,False,0.28667413213885773,0.3165,1.8378525848388672,0.5654205607476636,0.10078387458006718,0.13,0.041666666666666664,
48,fedavg,0,4,0,False,False,0.43169092945128784,0.386,2.0021219787597655,0.004672897196261682,0.0,0.0,0.0,
48,fedavg,0,4,1,False,False,0.1578947368421053,0.141,2.8539712829589843,0.0,0.0,0.0,0.0,
48,fedavg,0,4,2,False,False,0.33090705487122063,0.3535,1.8513955841064453,0.5420560747663551,0.1539753639417693,0.178,0.16666666666666666,
48,fedavg,0,4,3,False,False,0.4092945128779395,0.3655,2.0627059478759766,0.0,0.0,0.0,0.0,
48,fedavg,0,4,4,False,False,0.13549832026875697,0.1285,3.2399121398925783,0.07009345794392523,0.006159014557670772,0.009,0.03125,
48,fedavg,0,4,5,False,False,0.3572228443449048,0.333,1.8394570922851563,0.1308411214953271,0.006159014557670772,0.0105,0.0,
48,fedavg,0,4,6,False,False,0.2413213885778276,0.2155,3.176778137207031,0.0,0.0022396416573348264,0.002,0.010416666666666666,
48,fedavg,0,4,7,False,False,0.43337066069428887,0.3885,1.7507821350097656,0.014018691588785047,0.0005599104143337066,0.0005,0.0,
48,fedavg,0,4,8,False,False,0.458006718924972,0.445,1.7303455505371095,0.3364485981308411,0.02631578947368421,0.049,0.020833333333333332,
48,fedavg,0,4,9,False,False,0.15173572228443444,0.1355,3.041478088378906,0.0,0.0,0.0,0.0,
48,fedavg,0,4,33,True,False,0.4591265397536394,0.445,1.634300994873047,0.32710280373831774,0.05431131019036954,0.07,0.08333333333333333,
48,fedavg,0,4,54,True,False,0.341545352743561,0.345,1.8606343536376952,0.37383177570093457,0.20660694288913775,0.2095,0.23958333333333334,
48,fedavg,0,4,56,True,False,0.3292273236282195,0.389,1.8316722259521485,0.8878504672897196,0.3471444568868981,0.39,0.3645833333333333,
48,fedavg,0,4,98,True,False,0.28667413213885773,0.3165,1.8410170288085939,0.5654205607476636,0.09966405375139978,0.1285,0.041666666666666664,
50,fedavg,0,4,0,False,False,0.37905935050391937,0.3685,2.0445495910644533,0.2803738317757009,0.014557670772676373,0.026,0.0,
50,fedavg,0,4,1,False,False,0.1578947368421053,0.141,2.8539712829589843,0.0,0.0,0.0,0.0,
50,fedavg,0,4,2,False,False,0.33090705487122063,0.3535,1.8513955841064453,0.5420560747663551,0.1539753639417693,0.178,0.15625,
50,fedavg,0,4,3,False,False,0.4092945128779395,0.3655,2.0627059478759766,0.0,0.0,0.0,0.0,
50,fedavg,0,4,4,False,True,0.43169092945128784,0.464,1.5159996337890624,0.7336448598130841,0.24972004479283313,0.2835,0.3958333333333333,
50,fedavg,0,4,5,False,False,0.3572228443449048,0.333,1.8394570922851563,0.1308411214953271,0.006159014557670772,0.0105,0.0,
50,fedavg,0,4,6,False,False,0.2413213885778276,0.2155,3.176778137207031,0.0,0.0022396416573348264,0.002,0.010416666666666666,
50,fedavg,0,4,7,False,False,0.43337066069428887,0.3885,1.7507821350097656,0.014018691588785047,0.0005599104143337066,0.0005,0.0,
50,fedavg,0,4,8,False,False,0.458006718924972,0.445,1.7303455505371095,0.3364485981308411,0.02631578947368421,0.049,0.020833333333333332,
50,fedavg,0,4,9,False,False,0.42329227323628216,0.378,1.854588409423828,0.0,0.0,0.0,0.0,
50,fedavg,0,4,33,True,False,0.4591265397536394,0.445,1.634300994873047,0.32710280373831774,0.05431131019036954,0.07,0.08333333333333333,
50,fedavg,0,4,54,True,False,0.341545352743561,0.345,1.8606343536376952,0.37383177570093457,0.20660694288913775,0.2095,0.23958333333333334,
50,fedavg,0,4,56,True,False,0.3292273236282195,0.389,1.8316722259521485,0.8878504672897196,0.3471444568868981,0.39,0.375,
50,fedavg,0,4,98,True,False,0.29171332586786114,0.322,1.8371001434326173,0.5747663551401869,0.1019036954087346,0.1315,0.041666666666666664,
52,fedavg,0,4,0,False,False,0.37905935050391937,0.3685,2.0445495910644533,0.2803738317757009,0.014557670772676373,0.0265,0.0,
52,fedavg,0,4,1,False,False,0.1578947368421053,0.141,2.8539712829589843,0.0,0.0,0.0,0.0,
52,fedavg,0,4,2,False,False,0.33090705487122063,0.3535,1.8513955841064453,0.5420560747663551,0.14837625979843225,0.1725,0.15625,
52,fedavg,0,4,3,False,False,0.4092945128779395,0.3655,2.0627059478759766,0.0,0.0,0.0,0.0,
52,fedavg,0,4,4,False,False,0.43169092945128784,0.464,1.5159996337890624,0.7336448598130841,0.24692049272116462,0.2805,0.40625,
52,fedavg,0,4,5,False,False,0.3572228443449048,0.333,1.8394570922851563,0.1308411214953271,0.006159014557670772,0.0105,0.0,
52,fedavg,0,4,6,False,False,0.2413213885778276,0.2155,3.176778137207031,0.0,0.002799552071668533,0.0025,0.0,
52,fedavg,0,4,7,False,False,0.43337066069428887,0.3885,1.7507821350097656,0.014018691588785047,0.0005599104143337066,0.0005,0.0,
52,fedavg,0,4,8,False,False,0.458006718924972,0.445,1.7303455505371095,0.3364485981308411,0.025755879059350503,0.0485,0.020833333333333332,
52,fedavg,0,4,9,False,False,0.42329227323628216,0.378,1.854588409423828,0.0,0.0,0.0,0.0,
52,fedavg,0,4,33,True,False,0.4591265397536394,0.445,1.634300994873047,0.32710280373831774,0.0509518477043673,0.0665,0.09375,
52,fedavg,0,4,54,True,False,0.341545352743561,0.345,1.8606343536376952,0.37383177570093457,0.2043673012318029,0.207,0.20833333333333334,
52,fedavg,0,4,56,True,False,0.1371780515117581,0.229,4.238774017333984,0.9953271028037384,0.8717805151175811,0.8825,0.7916666666666666,
52,fedavg,0,4,98,True,True,0.3941769316909295,0.4125,1.6701795349121094,0.5654205607476636,0.42609182530795076,0.418,0.5833333333333334,
54,fedavg,0,4,0,False,False,0.37905935050391937,0.3685,2.0445495910644533,0.2803738317757009,0.014557670772676373,0.0265,0.0,
54,fedavg,0,4,1,False,False,0.1578947368421053,0.141,2.8539712829589843,0.0,0.0,0.0,0.0,
54,fedavg,0,4,2,False,False,0.4008958566629339,0.4275,1.65089599609375,0.6495327102803738,0.1506159014557671,0.1695,0.17708333333333334,
54,fedavg,0,4,3,False,False,0.4092945128779395,0.3655,2.0627059478759766,0.0,0.0,0.0,0.0,
54,fedavg,0,4,4,False,False,0.43169092945128784,0.464,1.5159996337890624,0.7336448598130841,0.24692049272116462,0.2805,0.40625,
54,fedavg,0,4,5,False,True,0.524636058230683,0.4825,1.532194793701172,0.1308411214953271,0.008958566629339306,0.0125,0.0,
54,fedavg,0,4,6,False,False,0.2413213885778276,0.2155,3.176778137207031,0.0,0.002799552071668533,0.0025,0.0,
54,fedavg,0,4,7,False,False,0.43337066069428887,0.3885,1.7507821350097656,0.014018691588785047,0.0005599104143337066,0.0005,0.0,
54,fedavg,0,4,8,False,False,0.458006718924972,0.445,1.7303455505371095,0.3364485981308411,0.025755879059350503,0.0485,0.020833333333333332,
54,fedavg,0,4,9,False,False,0.42329227323628216,0.378,1.854588409423828,0.0,0.0,0.0,0.0,
54,fedavg,0,4,33,True,False,0.4591265397536394,0.445,1.634300994873047,0.32710280373831774,0.0509518477043673,0.0665,0.08333333333333333,
54,fedavg,0,4,54,True,False,0.341545352743561,0.345,1.8606343536376952,0.37383177570093457,0.2038073908174692,0.2065,0.20833333333333334,
54,fedavg,0,4,56,True,False,0.1371780515117581,0.229,4.238774017333984,0.9953271028037384,0.8717805151175811,0.882,0.8229166666666666,
54,fedavg,0,4,98,True,False,0.4020156774916014,0.434,1.5304304809570313,0.7009345794392523,0.5862262038073908,0.571,0.5104166666666666,
56,fedavg,0,4,0,False,False,0.37905935050391937,0.3685,2.0445495910644533,0.2803738317757009,0.014557670772676373,0.0265,0.0,
56,fedavg,0,4,1,False,True,0.4193729003359462,0.4225,1.6419665069580078,0.4485981308411215,0.0509518477043673,0.0715,0.09375,
56,fedavg,0,4,2,False,False,0.4008958566629339,0.4275,1.65089599609375,0.6495327102803738,0.1506159014557671,0.1695,0.17708333333333334,
56,fedavg,0,4,3,False,False,0.4092945128779395,0.3655,2.0627059478759766,0.0,0.0,0.0,0.0,
56,fedavg,0,4,4,False,False,0.27043673012318026,0.3385,1.922432830810547,0.9065420560747663,0.46920492721164614,0.5015,0.6666666666666666,
56,fedavg,0,4,5,False,False,0.524636058230683,0.4825,1.532194793701172,0.1308411214953271,0.008958566629339306,0.0125,0.0,
56,fedavg,0,4,6,False,False,0.2413213885778276,0.2155,3.176778137207031,0.0,0.002799552071668533,0.0025,0.010416666666666666,
56,fedavg,0,4,7,False,False,0.43337066069428887,0.3885,1.7507821350097656,0.014018691588785047,0.0005599104143337066,0.0005,0.0,
56,fedavg,0,4,8,False,False,0.458006718924972,0.445,1.7303455505371095,0.3364485981308411,0.025755879059350503,0.0485,0.020833333333333332,
56,fedavg,0,4,9,False,False,0.42329227323628216,0.378,1.854588409423828,0.0,0.0,0.0,0.0,
56,fedavg,0,4,33,True,False,0.4591265397536394,0.445,1.634300994873047,0.32710280373831774,0.0509518477043673,0.0665,0.09375,
56,fedavg,0,4,54,True,False,0.341545352743561,0.345,1.8606343536376952,0.37383177570093457,0.2038073908174692,0.2065,0.20833333333333334,
56,fedavg,0,4,56,True,False,0.1371780515117581,0.229,4.238774017333984,0.9953271028037384,0.8717805151175811,0.882,0.8229166666666666,
56,fedavg,0,4,98,True,False,0.39809630459126544,0.4305,1.5328297576904297,0.7009345794392523,0.5867861142217246,0.5715,0.5208333333333334,
58,fedavg,0,4,0,False,False,0.37905935050391937,0.3685,2.0445495910644533,0.2803738317757009,0.014557670772676373,0.0265,0.0,
58,fedavg,0,4,1,False,False,0.4193729003359462,0.4225,1.6419665069580078,0.4485981308411215,0.0509518477043673,0.0715,0.09375,
58,fedavg,0,4,2,False,True,0.26539753639417696,0.3335,2.416189392089844,0.9018691588785047,0.4764837625979843,0.498,0.3645833333333333,
58,fedavg,0,4,3,False,False,0.4092945128779395,0.3655,2.0627059478759766,0.0,0.0,0.0,0.0,
58,fedavg,0,4,4,False,False,0.27043673012318026,0.3385,1.922432830810547,0.9065420560747663,0.46920492721164614,0.5015,0.6458333333333334,
58,fedavg,0,4,5,False,False,0.524636058230683,0.4825,1.532194793701172,0.1308411214953271,0.008958566629339306,0.0125,0.0,
58,fedavg,0,4,6,False,False,0.2413213885778276,0.2155,3.176778137207031,0.0,0.002799552071668533,0.0025,0.0,
58,fedavg,0,4,7,False,True,0.46752519596864506,0.4175,1.9276115417480468,0.0,0.0,0.0,0.0,
58,fedavg,0,4,8,False,False,0.458006718924972,0.445,1.7303455505371095,0.3364485981308411,0.025755879059350503,0.0485,0.020833333333333332,
58,fedavg,0,4,9,False,False,0.42329227323628216,0.378,1.854588409423828,0.0,0.0,0.0,0.0,
58,fedavg,0,4,33,True,False,0.4591265397536394,0.445,1.634300994873047,0.32710280373831774,0.0509518477043673,0.0665,0.09375,
58,fedavg,0,4,54,True,False,0.341545352743561,0.345,1.8606343536376952,0.37383177570093457,0.2038073908174692,0.2065,0.1875,
58,fedavg,0,4,56,True,False,0.1371780515117581,0.229,4.238774017333984,0.9953271028037384,0.8717805151175811,0.8825,0.8229166666666666,
58,fedavg,0,4,98,True,False,0.4014557670772676,0.434,1.5313863067626954,0.705607476635514,0.5890257558790594,0.574,0.5208333333333334,
60,fedavg,0,4,0,False,False,0.37905935050391937,0.3685,2.0445495910644533,0.2803738317757009,0.014557670772676373,0.0265,0.0,
60,fedavg,0,4,1,False,False,0.4193729003359462,0.4225,1.6419665069580078,0.4485981308411215,0.05431131019036954,0.0745,0.09375,
60,fedavg,0,4,2,False,False,0.26539753639417696,0.3335,2.416189392089844,0.9018691588785047,0.48824188129899215,0.5115,0.3333333333333333,
60,fedavg,0,4,3,False,False,0.4092945128779395,0.3655,2.0627059478759766,0.0,0.0,0.0,0.0,
60,fedavg,0,4,4,False,False,0.27043673012318026,0.3385,1.922432830810547,0.9065420560747663,0.47592385218365063,0.5085,0.6354166666666666,
60,fedavg,0,4,5,False,False,0.524636058230683,0.4825,1.532194793701172,0.1308411214953271,0.008958566629339306,0.0125,0.0,
60,fedavg,0,4,6,False,False,0.2413213885778276,0.2155,3.176778137207031,0.0,0.002799552071668533,0.0025,0.0,
60,fedavg,0,4,7,False,False,0.46752519596864506,0.4175,1.9276115417480468,0.0,0.0,0.0,0.0,
60,fedavg,0,4,8,False,False,0.458006718924972,0.445,1.7303455505371095,0.3364485981308411,0.025755879059350503,0.0485,0.020833333333333332,
60,fedavg,0,4,9,False,False,0.5022396416573348,0.451,1.7475887908935548,0.02336448598130841,0.0005599104143337066,0.0005,0.0,
60,fedavg,0,4,33,True,False,0.4591265397536394,0.445,1.634300994873047,0.32710280373831774,0.055431131019036954,0.0705,0.0625,
60,fedavg,0,4,54,True,False,0.3107502799552072,0.3085,2.3393052825927736,0.2897196261682243,0.12262038073908174,0.1265,0.09375,
60,fedavg,0,4,56,True,False,0.1371780515117581,0.229,4.238774017333984,0.9953271028037384,0.8768197088465846,0.8865,0.8125,
60,fedavg,0,4,98,True,False,0.3840985442329228,0.4095,1.7194920501708983,0.6214953271028038,0.48824188129899215,0.4755,0.3229166666666667,
62,fedavg,0,4,0,False,False,0.37905935050391937,0.3685,2.0445495910644533,0.2803738317757009,0.014557670772676373,0.027,0.0,
62,fedavg,0,4,1,False,False,0.4193729003359462,0.4225,1.6419665069580078,0.4485981308411215,0.054871220604703244,0.075,0.10416666666666667,
62,fedavg,0,4,2,False,False,0.26539753639417696,0.3335,2.416189392089844,0.9018691588785047,0.48936170212765956,0.513,0.34375,
62,fedavg,0,4,3,False,False,0.4092945128779395,0.3655,2.0627059478759766,0.0,0.0,0.0,0.0,
62,fedavg,0,4,4,False,False,0.3012318029115342,0.3515,2.358219421386719,0.7710280373831776,0.17245240761478164,0.222,0.4479166666666667,
62,fedavg,0,4,5,False,False,0.524636058230683,0.4825,1.532194793701172,0.1308411214953271,0.0083986562150056,0.012,0.0,
62,fedavg,0,4,6,False,False,0.2413213885778276,0.2155,3.176778137207031,0.0,0.002799552071668533,0.0025,0.010416666666666666,
62,fedavg,0,4,7,False,False,0.46752519596864506,0.4175,1.9276115417480468,0.0,0.0,0.0,0.0,
62,fedavg,0,4,8,False,False,0.458006718924972,0.445,1.7303455505371095,0.3364485981308411,0.025755879059350503,0.0485,0.020833333333333332,
62,fedavg,0,4,9,False,False,0.5022396416573348,0.451,1.7475887908935548,0.02336448598130841,0.0005599104143337066,0.0005,0.0,
62,fedavg,0,4,33,True,False,0.42609182530795076,0.431,1.640526824951172,0.4719626168224299,0.45128779395296753,0.422,0.4479166666666667,
62,fedavg,0,4,54,True,False,0.4927211646136618,0.4875,1.4445984802246095,0.4439252336448598,0.26819708846584545,0.2615,0.3229166666666667,
62,fedavg,0,4,56,True,False,0.1371780515117581,0.229,4.238774017333984,0.9953271028037384,0.8790593505039194,0.889,0.8020833333333334,
62,fedavg,0,4,98,True,False,0.3505039193729004,0.3905,1.750842025756836,0.7242990654205608,0.36002239641657335,0.376,0.3125,
64,fedavg,0,4,0,False,False,0.37905935050391937,0.3685,2.0445495910644533,0.2803738317757009,0.014557670772676373,0.027,0.0,
64,fedavg,0,4,1,False,False,0.4193729003359462,0.4225,1.6419665069580078,0.4485981308411215,0.05431131019036954,0.0745,0.09375,
64,fedavg,0,4,2,False,False,0.26539753639417696,0.3335,2.416189392089844,0.9018691588785047,0.4888017917133259,0.5125,0.3229166666666667,
64,fedavg,0,4,3,False,False,0.4092945128779395,0.3655,2.0627059478759766,0.0,0.0,0.0,0.0,
64,fedavg,0,4,4,False,False,0.22900335946248596,0.258,3.6968220825195313,0.5,0.11478163493840986,0.135,0.2604166666666667,
64,fedavg,0,4,5,False,False,0.524636058230683,0.4825,1.532194793701172,0.1308411214953271,0.0083986562150056,0.012,0.0,
64,fedavg,0,4,6,False,False,0.2413213885778276,0.2155,3.176778137207031,0.0,0.002799552071668533,0.0025,0.010416666666666666,
64,fedavg,0,4,7,False,False,0.46752519596864506,0.4175,1.9276115417480468,0.0,0.0,0.0,0.0,
64,fedavg,0,4,8,False,False,0.458006718924972,0.445,1.7303455505371095,0.3364485981308411,0.025755879059350503,0.0485,0.020833333333333332,
64,fedavg,0,4,9,False,False,0.5022396416573348,0.451,1.7475887908935548,0.02336448598130841,0.0005599104143337066,0.0005,0.0,
64,fedavg,0,4,33,True,False,0.42609182530795076,0.431,1.640526824951172,0.4719626168224299,0.4507278835386338,0.4215,0.46875,
64,fedavg,0,4,54,True,False,0.4927211646136618,0.4875,1.4445984802246095,0.4439252336448598,0.26931690929451285,0.2625,0.3020833333333333,
64,fedavg,0,4,56,True,False,0.1371780515117581,0.229,4.238774017333984,0.9953271028037384,0.8784994400895857,0.8885,0.7916666666666666,
64,fedavg,0,4,98,True,False,0.34882418812989924,0.389,1.7558323364257813,0.7242990654205608,0.35498320268757,0.3705,0.3229166666666667,
66,fedavg,0,4,0,False,False,0.368421052631579,0.3325,2.0666383361816405,0.03271028037383177,0.002799552071668533,0.003,0.0,
66,fedavg,0,4,1,False,True,0.4092945128779395,0.371,2.0168199462890626,0.0514018691588785,0.0033594624860022394,0.0035,0.0,
66,fedavg,0,4,2,False,False,0.43449048152295633,0.4545,1.5782586517333985,0.6214953271028038,0.12038073908174692,0.1545,0.15625,
66,fedavg,0,4,3,False,False,0.4092945128779395,0.3655,2.0627059478759766,0.0,0.0,0.0,0.0,
66,fedavg,0,4,4,False,False,0.3398656215005599,0.362,2.1423933563232422,0.5467289719626168,0.2866741321388578,0.2845,0.3958333333333333,
66,fedavg,0,4,5,False,False,0.524636058230683,0.4825,1.532194793701172,0.1308411214953271,0.0083986562150056,0.012,0.0,
66,fedavg,0,4,6,False,False,0.2413213885778276,0.2155,3.176778137207031,0.0,0.002799552071668533,0.0025,0.010416666666666666,
66,fedavg,0,4,7,False,False,0.46752519596864506,0.4175,1.9276115417480468,0.0,0.0,0.0,0.0,
66,fedavg,0,4,8,False,False,0.458006718924972,0.445,1.7303455505371095,0.3364485981308411,0.025755879059350503,0.0485,0.020833333333333332,
66,fedavg,0,4,9,False,False,0.5022396416573348,0.451,1.7475887908935548,0.02336448598130841,0.0005599104143337066,0.0005,0.0,
66,fedavg,0,4,33,True,False,0.42609182530795076,0.431,1.640526824951172,0.4719626168224299,0.4507278835386338,0.4215,0.4375,
66,fedavg,0,4,54,True,False,0.4927211646136618,0.4875,1.4445984802246095,0.4439252336448598,0.26931690929451285,0.2625,0.3020833333333333,
66,fedavg,0,4,56,True,False,0.1371780515117581,0.229,4.238774017333984,0.9953271028037384,0.8784994400895857,0.8885,0.8125,
66,fedavg,0,4,98,True,False,0.3493840985442329,0.39,1.7585567474365233,0.7289719626168224,0.3572228443449048,0.3725,0.3333333333333333,
68,fedavg,0,4,0,False,False,0.368421052631579,0.3325,2.0666383361816405,0.03271028037383177,0.0033594624860022394,0.004,0.0,
68,fedavg,0,4,1,False,False,0.4092945128779395,0.371,2.0168199462890626,0.0514018691588785,0.0022396416573348264,0.0025,0.0,
68,fedavg,0,4,2,False,False,0.31746920492721165,0.3155,2.257062454223633,0.29906542056074764,0.02967525195968645,0.038,0.052083333333333336,
68,fedavg,0,4,3,False,False,0.541993281075028,0.485,1.5264249114990234,0.009345794392523364,0.0005599104143337066,0.0005,0.0,
68,fedavg,0,4,4,False,False,0.3398656215005599,0.362,2.1423933563232422,0.5467289719626168,0.2777155655095185,0.2755,0.375,
68,fedavg,0,4,5,False,False,0.3885778275475924,0.356,1.9098244323730469,0.08411214953271028,0.007278835386338186,0.008,0.0,
68,fedavg,0,4,6,False,False,0.2413213885778276,0.2155,3.176778137207031,0.0,0.002799552071668533,0.0025,0.0,
68,fedavg,0,4,7,False,False,0.46752519596864506,0.4175,1.9276115417480468,0.0,0.0,0.0,0.0,
68,fedavg,0,4,8,False,False,0.458006718924972,0.445,1.7303455505371095,0.3364485981308411,0.02631578947368421,0.0485,0.020833333333333332,
68,fedavg,0,4,9,False,False,0.5022396416573348,0.451,1.7475887908935548,0.02336448598130841,0.0005599104143337066,0.0005,0.0,
68,fedavg,0,4,33,True,False,0.42609182530795076,0.431,1.640526824951172,0.4719626168224299,0.513437849944009,0.484,0.5208333333333334,
68,fedavg,0,4,54,True,False,0.4927211646136618,0.4875,1.4445984802246095,0.4439252336448598,0.3393057110862262,0.3335,0.3645833333333333,
68,fedavg,0,4,56,True,False,0.1371780515117581,0.229,4.238774017333984,0.9953271028037384,0.9048152295632699,0.9125,0.8958333333333334,
68,fedavg,0,4,98,True,False,0.41601343784994405,0.3805,2.048859619140625,0.08411214953271028,0.11702127659574468,0.106,0.84375,
70,fedavg,0,4,0,False,False,0.368421052631579,0.3325,2.0666383361816405,0.03271028037383177,0.002799552071668533,0.003,0.0,
70,fedavg,0,4,1,False,False,0.4092945128779395,0.371,2.0168199462890626,0.0514018691588785,0.0022396416573348264,0.002,0.0,
70,fedavg,0,4,2,False,False,0.31746920492721165,0.3155,2.257062454223633,0.29906542056074764,0.025755879059350503,0.0345,0.052083333333333336,
70,fedavg,0,4,3,False,False,0.541993281075028,0.485,1.5264249114990234,0.009345794392523364,0.0005599104143337066,0.0005,0.0,
70,fedavg,0,4,4,False,False,0.3398656215005599,0.362,2.1423933563232422,0.5467289719626168,0.2877939529675252,0.289,0.3854166666666667,
70,fedavg,0,4,5,False,False,0.3885778275475924,0.356,1.9098244323730469,0.08411214953271028,0.005599104143337066,0.008,0.0,
70,fedavg,0,4,6,False,False,0.2413213885778276,0.2155,3.176778137207031,0.0,0.002799552071668533,0.0025,0.0,
70,fedavg,0,4,7,False,False,0.46752519596864506,0.4175,1.9276115417480468,0.0,0.0,0.0,0.0,
70,fedavg,0,4,8,False,True,0.3527435610302352,0.34,2.3825408630371094,0.2336448598130841,0.008958566629339306,0.021,0.03125,
70,fedavg,0,4,9,False,False,0.5022396416573348,0.451,1.7475887908935548,0.02336448598130841,0.0011198208286674132,0.001,0.0,
70,fedavg,0,4,33,True,False,0.42609182530795076,0.431,1.640526824951172,0.4719626168224299,0.5851063829787234,0.5625,0.5416666666666666,
70,fedavg,0,4,54,True,False,0.4927211646136618,0.4875,1.4445984802246095,0.4439252336448598,0.3505039193729003,0.35,0.375,
70,fedavg,0,4,56,True,True,0.2071668533034714,0.28,2.3902857666015627,0.8878504672897196,0.7827547592385219,0.7845,0.875,
70,fedavg,0,4,98,True,False,0.4227323628219485,0.4445,1.574184066772461,0.6261682242990654,0.7262038073908175,0.708,0.84375,
72,fedavg,0,4,0,False,False,0.368421052631579,0.3325,2.0666383361816405,0.03271028037383177,0.002799552071668533,0.003,0.0,
72,fedavg,0,4,1,False,False,0.4092945128779395,0.371,2.0168199462890626,0.0514018691588785,0.0022396416573348264,0.0025,0.0,
72,fedavg,0,4,2,False,False,0.4070548712206047,0.4645,1.5637535552978516,0.9439252336448598,0.41209406494960804,0.4535,0.3125,
72,fedavg,0,4,3,False,False,0.541993281075028,0.485,1.5264249114990234,0.009345794392523364,0.0011198208286674132,0.001,0.0,
72,fedavg,0,4,4,False,False,0.3398656215005599,0.362,2.1423933563232422,0.5467289719626168,0.2973124300111982,0.2985,0.4270833333333333,
72,fedavg,0,4,5,False,False,0.3885778275475924,0.356,1.9098244323730469,0.08411214953271028,0.006159014557670772,0.0085,0.0,
72,fedavg,0,4,6,False,False,0.40537513997760355,0.382,1.9744319610595704,0.18691588785046728,0.055431131019036954,0.0615,0.14583333333333334,
72,fedavg,0,4,7,False,False,0.46752519596864506,0.4175,1.9276115417480468,0.0,0.0,0.0,0.0,
72,fedavg,0,4,8,False,False,0.3527435610302352,0.34,2.3825408630371094,0.2336448598130841,0.009518477043673012,0.0225,0.03125,
72,fedavg,0,4,9,False,False,0.5022396416573348,0.451,1.7475887908935548,0.02336448598130841,0.0011198208286674132,0.001,0.0,
72,fedavg,0,4,33,True,False,0.42609182530795076,0.431,1.640526824951172,0.4719626168224299,0.5615901455767077,0.5435,0.5520833333333334,
72,fedavg,0,4,54,True,False,0.4927211646136618,0.4875,1.4445984802246095,0.4439252336448598,0.3404255319148936,0.341,0.3958333333333333,
72,fedavg,0,4,56,True,True,0.3913773796192609,0.449,1.750844482421875,0.9299065420560748,0.9165733482642777,0.916,0.9375,
72,fedavg,0,4,98,True,False,0.4249720044792833,0.4465,1.570924774169922,0.6261682242990654,0.6875699888017918,0.671,0.8541666666666666,
74,fedavg,0,4,0,False,False,0.368421052631579,0.3325,2.0666383361816405,0.03271028037383177,0.0016797312430011197,0.002,0.0,
74,fedavg,0,4,1,False,True,0.4692049272116461,0.438,1.7475244598388673,0.17757009345794392,0.008958566629339306,0.016,0.0,
74,fedavg,0,4,2,False,False,0.4070548712206047,0.4645,1.5637535552978516,0.9439252336448598,0.38689809630459127,0.431,0.3125,
74,fedavg,0,4,3,False,False,0.541993281075028,0.485,1.5264249114990234,0.009345794392523364,0.0005599104143337066,0.0005,0.0,
74,fedavg,0,4,4,False,False,0.3398656215005599,0.362,2.1423933563232422,0.5467289719626168,0.27435610302351626,0.2775,0.3958333333333333,
74,fedavg,0,4,5,False,False,0.3885778275475924,0.356,1.9098244323730469,0.08411214953271028,0.006159014557670772,0.009,0.0,
74,fedavg,0,4,6,False,False,0.40537513997760355,0.382,1.9744319610595704,0.18691588785046728,0.04591265397536394,0.053,0.07291666666666667,
74,fedavg,0,4,7,False,False,0.46752519596864506,0.4175,1.9276115417480468,0.0,0.0,0.0,0.0,
74,fedavg,0,4,8,False,False,0.48264277715565507,0.4505,1.8127523345947265,0.1822429906542056,0.007278835386338186,0.016,0.010416666666666666,
74,fedavg,0,4,9,False,False,0.5750279955207167,0.5155,1.5624955139160157,0.018691588785046728,0.0,0.0,0.0,
74,fedavg,0,4,33,True,False,0.42609182530795076,0.431,1.640526824951172,0.4719626168224299,0.6926091825307951,0.6655,0.6979166666666666,
74,fedavg,0,4,54,True,False,0.4927211646136618,0.4875,1.4445984802246095,0.4439252336448598,0.4664053751399776,0.4635,0.4479166666666667,
74,fedavg,0,4,56,True,False,0.3913773796192609,0.449,1.750844482421875,0.9299065420560748,0.9725643896976484,0.972,0.9583333333333334,
74,fedavg,0,4,98,True,True,0.4451287793952967,0.4505,1.5272994689941406,0.4953271028037383,0.8936170212765957,0.868,0.9791666666666666,
76,fedavg,0,4,0,False,False,0.368421052631579,0.3325,2.0666383361816405,0.03271028037383177,0.0022396416573348264,0.003,0.0,
76,fedavg,0,4,1,False,False,0.4692049272116461,0.438,1.7475244598388673,0.17757009345794392,0.009518477043673012,0.0165,0.010416666666666666,
76,fedavg,0,4,2,False,False,0.4070548712206047,0.4645,1.5637535552978516,0.9439252336448598,0.3919372900335946,0.4365,0.3333333333333333,
76,fedavg,0,4,3,False,False,0.541993281075028,0.485,1.5264249114990234,0.009345794392523364,0.0011198208286674132,0.001,0.0,
76,fedavg,0,4,4,False,False,0.3398656215005599,0.362,2.1423933563232422,0.5467289719626168,0.2765957446808511,0.2785,0.4166666666666667,
76,fedavg,0,4,5,False,False,0.3885778275475924,0.356,1.9098244323730469,0.08411214953271028,0.005599104143337066,0.008,0.0,
76,fedavg,0,4,6,False,False,0.40537513997760355,0.382,1.9744319610595704,0.18691588785046728,0.04927211646136618,0.056,0.08333333333333333,
76,fedavg,0,4,7,False,False,0.46752519596864506,0.4175,1.9276115417480468,0.0,0.0,0.0,0.0,
76,fedavg,0,4,8,False,False,0.48264277715565507,0.4505,1.8127523345947265,0.1822429906542056,0.007838745800671893,0.0155,0.010416666666666666,
76,fedavg,0,4,9,False,False,0.5750279955207167,0.5155,1.5624955139160157,0.018691588785046728,0.0,0.0,0.0,
76,fedavg,0,4,33,True,False,0.42609182530795076,0.431,1.640526824951172,0.4719626168224299,0.6881298992161254,0.661,0.6458333333333334,
76,fedavg,0,4,54,True,False,0.4927211646136618,0.4875,1.4445984802246095,0.4439252336448598,0.4518477043673012,0.4505,0.4270833333333333,
76,fedavg,0,4,56,True,True,0.40817469204927215,0.4255,1.7396326751708984,0.5700934579439252,0.673572228443449,0.664,0.7291666666666666,
76,fedavg,0,4,98,True,False,0.4686450167973124,0.4875,1.4091609497070312,0.6448598130841121,0.9462486002239642,0.933,0.96875,
78,fedavg,0,4,0,False,True,0.27491601343785,0.2535,4.585268035888672,0.07476635514018691,0.037513997760358346,0.0415,0.0,
78,fedavg,0,4,1,False,False,0.4692049272116461,0.438,1.7475244598388673,0.17757009345794392,0.0083986562150056,0.014,0.0,
78,fedavg,0,4,2,False,False,0.4070548712206047,0.4645,1.5637535552978516,0.9439252336448598,0.39361702127659576,0.4365,0.3229166666666667,
78,fedavg,0,4,3,False,False,0.541993281075028,0.485,1.5264249114990234,0.009345794392523364,0.0005599104143337066,0.0005,0.0,
78,fedavg,0,4,4,False,False,0.3398656215005599,0.362,2.1423933563232422,0.5467289719626168,0.26595744680851063,0.2675,0.375,
78,fedavg,0,4,5,False,False,0.3885778275475924,0.356,1.9098244323730469,0.08411214953271028,0.005039193729003359,0.006,0.0,
78,fedavg,0,4,6,False,False,0.40537513997760355,0.382,1.9744319610595704,0.18691588785046728,0.040313549832026875,0.0475,0.07291666666666667,
78,fedavg,0,4,7,False,False,0.46752519596864506,0.4175,1.9276115417480468,0.0,0.0,0.0,0.0,
78,fedavg,0,4,8,False,False,0.48264277715565507,0.4505,1.8127523345947265,0.1822429906542056,0.007838745800671893,0.0155,0.010416666666666666,
78,fedavg,0,4,9,False,False,0.5750279955207167,0.5155,1.5624955139160157,0.018691588785046728,0.0,0.0,0.0,
78,fedavg,0,4,33,True,False,0.42609182530795076,0.431,1.640526824951172,0.4719626168224299,0.700447928331467,0.6725,0.6979166666666666,
78,fedavg,0,4,54,True,False,0.4686450167973124,0.4575,1.4864993286132813,0.3644859813084112,0.9708846584546472,0.931,0.9791666666666666,
78,fedavg,0,4,56,True,False,0.40817469204927215,0.4255,1.7396326751708984,0.5700934579439252,0.6836506159014558,0.67,0.7604166666666666,
78,fedavg,0,4,98,True,False,0.46696528555431127,0.4845,1.4129732055664062,0.6308411214953271,0.9451287793952967,0.929,0.9791666666666666,
80,fedavg,0,4,0,False,False,0.27491601343785,0.2535,4.585268035888672,0.07476635514018691,0.037513997760358346,0.043,0.0,
80,fedavg,0,4,1,False,False,0.4692049272116461,0.438,1.7475244598388673,0.17757009345794392,0.010638297872340425,0.0165,0.0,
80,fedavg,0,4,2,False,False,0.4070548712206047,0.4645,1.5637535552978516,0.9439252336448598,0.3812989921612542,0.4255,0.2916666666666667,
80,fedavg,0,4,3,False,True,0.4787234042553191,0.4275,1.8972961730957032,0.0,0.0,0.0,0.0,
80,fedavg,0,4,4,False,False,0.3398656215005599,0.362,2.1423933563232422,0.5467289719626168,0.2609182530795073,0.2625,0.3645833333333333,
80,fedavg,0,4,5,False,False,0.3885778275475924,0.356,1.9098244323730469,0.08411214953271028,0.006159014557670772,0.008,0.0,
80,fedavg,0,4,6,False,False,0.40537513997760355,0.382,1.9744319610595704,0.18691588785046728,0.043673012318029114,0.0505,0.10416666666666667,
80,fedavg,0,4,7,False,False,0.5503919372900337,0.5055,1.4080140380859374,0.1308411214953271,0.007278835386338186,0.011,0.0,
80,fedavg,0,4,8,False,False,0.48264277715565507,0.4505,1.8127523345947265,0.1822429906542056,0.007838745800671893,0.0155,0.010416666666666666,
80,fedavg,0,4,9,False,False,0.5750279955207167,0.5155,1.5624955139160157,0.018691588785046728,0.0,0.0,0.0,
80,fedavg,0,4,33,True,False,0.36170212765957444,0.398,1.7820154266357422,0.7009345794392523,0.9921612541993281,0.9755,0.9791666666666666,
80,fedavg,0,4,54,True,False,0.4686450167973124,0.4575,1.4864993286132813,0.3644859813084112,0.977043673012318,0.948,0.9895833333333334,
80,fedavg,0,4,56,True,False,0.40817469204927215,0.4255,1.7396326751708984,0.5700934579439252,0.706047032474804,0.693,0.7916666666666666,
80,fedavg,0,4,98,True,False,0.46752519596864506,0.4845,1.408239532470703,0.6261682242990654,0.9524076147816349,0.9395,0.9791666666666666,
82,fedavg,0,4,0,False,False,0.27491601343785,0.2535,4.585268035888672,0.07476635514018691,0.03807390817469205,0.0435,0.0,
82,fedavg,0,4,1,False,False,0.4692049272116461,0.438,1.7475244598388673,0.17757009345794392,0.010638297872340425,0.0165,0.0,
82,fedavg,0,4,2,False,False,0.4070548712206047,0.4645,1.5637535552978516,0.9439252336448598,0.3807390817469205,0.425,0.3125,
82,fedavg,0,4,3,False,False,0.4787234042553191,0.4275,1.8972961730957032,0.0,0.0,0.0,0.0,
82,fedavg,0,4,4,False,False,0.3398656215005599,0.362,2.1423933563232422,0.5467289719626168,0.261478163493841,0.263,0.3645833333333333,
82,fedavg,0,4,5,False,False,0.3885778275475924,0.356,1.9098244323730469,0.08411214953271028,0.006159014557670772,0.008,0.0,
82,fedavg,0,4,6,False,True,0.45744680851063835,0.4685,1.541929428100586,0.5607476635514018,0.11590145576707726,0.1345,0.0625,
82,fedavg,0,4,7,False,False,0.5503919372900337,0.5055,1.4080140380859374,0.1308411214953271,0.006718924972004479,0.0105,0.0,
82,fedavg,0,4,8,False,False,0.5184770436730124,0.4755,1.8315673522949218,0.11682242990654206,0.0083986562150056,0.012,0.0,
82,fedavg,0,4,9,False,False,0.5750279955207167,0.5155,1.5624955139160157,0.018691588785046728,0.0,0.0,0.0,
82,fedavg,0,4,33,True,False,0.36170212765957444,0.398,1.7820154266357422,0.7009345794392523,0.9927211646136618,0.9765,0.9895833333333334,
82,fedavg,0,4,54,True,False,0.4686450167973124,0.4575,1.4864993286132813,0.3644859813084112,0.977043673012318,0.9475,0.9895833333333334,
82,fedavg,0,4,56,True,False,0.40817469204927215,0.4255,1.7396326751708984,0.5700934579439252,0.7043673012318029,0.692,0.8020833333333334,
82,fedavg,0,4,98,True,False,0.46696528555431127,0.484,1.4111920776367188,0.6261682242990654,0.9507278835386338,0.938,0.9791666666666666,
84,fedavg,0,4,0,False,False,0.27491601343785,0.2535,4.585268035888672,0.07476635514018691,0.03807390817469205,0.0435,0.0,
84,fedavg,0,4,1,False,False,0.4692049272116461,0.438,1.7475244598388673,0.17757009345794392,0.010638297872340425,0.0165,0.0,
84,fedavg,0,4,2,False,False,0.4070548712206047,0.4645,1.5637535552978516,0.9439252336448598,0.3807390817469205,0.425,0.3333333333333333,
84,fedavg,0,4,3,False,False,0.4787234042553191,0.4275,1.8972961730957032,0.0,0.0,0.0,0.0,
84,fedavg,0,4,4,False,False,0.3157894736842105,0.357,2.3271641845703126,0.7009345794392523,0.1612541993281075,0.1885,0.3020833333333333,
84,fedavg,0,4,5,False,False,0.3885778275475924,0.356,1.9098244323730469,0.08411214953271028,0.006159014557670772,0.008,0.0,
84,fedavg,0,4,6,False,False,0.45744680851063835,0.4685,1.541929428100586,0.5607476635514018,0.11646136618141098,0.135,0.07291666666666667,
84,fedavg,0,4,7,False,False,0.5503919372900337,0.5055,1.4080140380859374,0.1308411214953271,0.006718924972004479,0.0105,0.0,
84,fedavg,0,4,8,False,False,0.5184770436730124,0.4755,1.8315673522949218,0.11682242990654206,0.0083986562150056,0.012,0.0,
84,fedavg,0,4,9,False,False,0.5750279955207167,0.5155,1.5624955139160157,0.018691588785046728,0.0,0.0,0.0,
84,fedavg,0,4,33,True,False,0.36170212765957444,0.398,1.7820154266357422,0.7009345794392523,0.9921612541993281,0.976,0.9791666666666666,
84,fedavg,0,4,54,True,False,0.4686450167973124,0.4575,1.4864993286132813,0.3644859813084112,0.9764837625979843,0.9465,1.0,
84,fedavg,0,4,56,True,False,0.40817469204927215,0.4255,1.7396326751708984,0.5700934579439252,0.7043673012318029,0.6915,0.78125,
84,fedavg,0,4,98,True,False,0.46696528555431127,0.4855,1.4095694732666015,0.6401869158878505,0.9518477043673013,0.939,0.9791666666666666,
86,fedavg,0,4,0,False,False,0.27491601343785,0.2535,4.585268035888672,0.07476635514018691,0.040313549832026875,0.0445,0.0,
86,fedavg,0,4,1,False,False,0.4692049272116461,0.438,1.7475244598388673,0.17757009345794392,0.010638297872340425,0.0175,0.0,
86,fedavg,0,4,2,False,False,0.4070548712206047,0.4645,1.5637535552978516,0.9439252336448598,0.38465845464725645,0.4285,0.3229166666666667,
86,fedavg,0,4,3,False,True,0.4036954087346024,0.3605,2.394437057495117,0.0,0.0,0.0,0.0,
86,fedavg,0,4,4,False,False,0.3157894736842105,0.357,2.3271641845703126,0.7009345794392523,0.16517357222844345,0.192,0.3333333333333333,
86,fedavg,0,4,5,False,False,0.3885778275475924,0.356,1.9098244323730469,0.08411214953271028,0.006718924972004479,0.0095,0.0,
86,fedavg,0,4,6,False,False,0.45744680851063835,0.4685,1.541929428100586,0.5607476635514018,0.12150055991041434,0.1395,0.08333333333333333,
86,fedavg,0,4,7,False,False,0.5503919372900337,0.5055,1.4080140380859374,0.1308411214953271,0.007838745800671893,0.0115,0.0,
86,fedavg,0,4,8,False,False,0.5184770436730124,0.4755,1.8315673522949218,0.11682242990654206,0.006718924972004479,0.01,0.0,
86,fedavg,0,4,9,False,False,0.5750279955207167,0.5155,1.5624955139160157,0.018691588785046728,0.0,0.0005,0.0,
86,fedavg,0,4,33,True,False,0.36170212765957444,0.398,1.7820154266357422,0.7009345794392523,0.9916013437849944,0.975,0.9895833333333334,
86,fedavg,0,4,54,True,False,0.4686450167973124,0.4575,1.4864993286132813,0.3644859813084112,0.973124300111982,0.941,1.0,
86,fedavg,0,4,56,True,False,0.341545352743561,0.3545,2.077312759399414,0.46261682242990654,0.7379619260918253,0.711,0.8541666666666666,
86,fedavg,0,4,98,True,False,0.46528555431131025,0.4825,1.4184205017089844,0.6261682242990654,0.944568868980963,0.9305,0.9791666666666666,
88,fedavg,0,4,0,False,False,0.27491601343785,0.2535,4.585268035888672,0.07476635514018691,0.03527435610302351,0.0435,0.010416666666666666,
88,fedavg,0,4,1,False,False,0.4692049272116461,0.438,1.7475244598388673,0.17757009345794392,0.007278835386338186,0.0115,0.0,
88,fedavg,0,4,2,False,False,0.4070548712206047,0.4645,1.5637535552978516,0.9439252336448598,0.3684210526315789,0.413,0.3229166666666667,
88,fedavg,0,4,3,False,False,0.4036954087346024,0.3605,2.394437057495117,0.0,0.0,0.0,0.0,
88,fedavg,0,4,4,False,False,0.3157894736842105,0.357,2.3271641845703126,0.7009345794392523,0.13829787234042554,0.1655,0.28125,
88,fedavg,0,4,5,False,False,0.44120940649496077,0.424,1.7698529357910155,0.2803738317757009,0.03135498320268757,0.04,0.010416666666666666,
88,fedavg,0,4,6,False,False,0.45744680851063835,0.4685,1.541929428100586,0.5607476635514018,0.09966405375139978,0.1165,0.0625,
88,fedavg,0,4,7,False,False,0.5503919372900337,0.5055,1.4080140380859374,0.1308411214953271,0.009518477043673012,0.014,0.0,
88,fedavg,0,4,8,False,False,0.5184770436730124,0.4755,1.8315673522949218,0.11682242990654206,0.006159014557670772,0.0095,0.0,
88,fedavg,0,4,9,False,True,0.36618141097424417,0.337,2.4259168701171876,0.09345794392523364,0.03471444568868981,0.0375,0.020833333333333332,
88,fedavg,0,4,33,True,False,0.36170212765957444,0.398,1.7820154266357422,0.7009345794392523,0.9977603583426652,0.9905,1.0,
88,fedavg,0,4,54,True,False,0.4686450167973124,0.4575,1.4864993286132813,0.3644859813084112,0.9899216125419933,0.973,1.0,
88,fedavg,0,4,56,True,False,0.19484882418812988,0.2775,3.0900941467285157,0.9672897196261683,1.0,1.0,1.0,
88,fedavg,0,4,98,True,False,0.4787234042553191,0.45,1.6185244140625,0.2102803738317757,0.738521836506159,0.709,0.9791666666666666,
90,fedavg,0,4,0,False,False,0.27491601343785,0.2535,4.585268035888672,0.07476635514018691,0.03807390817469205,0.045,0.010416666666666666,
90,fedavg,0,4,1,False,False,0.4692049272116461,0.438,1.7475244598388673,0.17757009345794392,0.010078387458006719,0.016,0.0,
90,fedavg,0,4,2,False,False,0.4070548712206047,0.4645,1.5637535552978516,0.9439252336448598,0.37793952967525196,0.423,0.34375,
90,fedavg,0,4,3,False,False,0.4036954087346024,0.3605,2.394437057495117,0.0,0.0,0.0,0.0,
90,fedavg,0,4,4,False,False,0.3157894736842105,0.357,2.3271641845703126,0.7009345794392523,0.15677491601343785,0.184,0.3125,
90,fedavg,0,4,5,False,False,0.44120940649496077,0.424,1.7698529357910155,0.2803738317757009,0.03303471444568869,0.041,0.010416666666666666,
90,fedavg,0,4,6,False,False,0.45744680851063835,0.4685,1.541929428100586,0.5607476635514018,0.11422172452407615,0.1315,0.052083333333333336,
90,fedavg,0,4,7,False,False,0.5503919372900337,0.5055,1.4080140380859374,0.1308411214953271,0.006718924972004479,0.0105,0.0,
90,fedavg,0,4,8,False,False,0.5184770436730124,0.4755,1.8315673522949218,0.11682242990654206,0.007278835386338186,0.0115,0.0,
90,fedavg,0,4,9,False,False,0.4305711086226204,0.3865,2.1262190399169922,0.018691588785046728,0.0011198208286674132,0.0015,0.0,
90,fedavg,0,4,33,True,False,0.36170212765957444,0.398,1.7820154266357422,0.7009345794392523,0.9949608062709966,0.9815,0.9895833333333334,
90,fedavg,0,4,54,True,True,0.5643896976483762,0.5475,1.2320979309082032,0.40654205607476634,0.9966405375139977,0.982,1.0,
90,fedavg,0,4,56,True,True,0.41881298992161253,0.4655,1.7840501708984375,0.8551401869158879,0.8219484882418813,0.83,0.9375,
90,fedavg,0,4,98,True,False,0.4708846584546472,0.4485,1.6298055267333984,0.2616822429906542,0.8936170212765957,0.8605,0.9583333333333334,
92,fedavg,0,4,0,False,False,0.4176931690929452,0.4125,2.08725959777832,0.3691588785046729,0.08230683090705487,0.104,0.09375,
92,fedavg,0,4,1,False,False,0.4692049272116461,0.438,1.7475244598388673,0.17757009345794392,0.010078387458006719,0.016,0.0,
92,fedavg,0,4,2,False,False,0.4070548712206047,0.4645,1.5637535552978516,0.9439252336448598,0.37905935050391937,0.424,0.3229166666666667,
92,fedavg,0,4,3,False,False,0.4036954087346024,0.3605,2.394437057495117,0.0,0.0,0.0,0.0,
92,fedavg,0,4,4,False,True,0.46192609182530797,0.4225,2.109587158203125,0.09345794392523364,0.25027995520716684,0.2275,0.2708333333333333,
92,fedavg,0,4,5,False,False,0.44120940649496077,0.424,1.7698529357910155,0.2803738317757009,0.03303471444568869,0.041,0.010416666666666666,
92,fedavg,0,4,6,False,False,0.45744680851063835,0.4685,1.541929428100586,0.5607476635514018,0.11646136618141098,0.1335,0.052083333333333336,
92,fedavg,0,4,7,False,False,0.5503919372900337,0.5055,1.4080140380859374,0.1308411214953271,0.006718924972004479,0.0105,0.0,
92,fedavg,0,4,8,False,False,0.5184770436730124,0.4755,1.8315673522949218,0.11682242990654206,0.007278835386338186,0.011,0.0,
92,fedavg,0,4,9,False,False,0.4305711086226204,0.3865,2.1262190399169922,0.018691588785046728,0.0005599104143337066,0.001,0.0,
92,fedavg,0,4,33,True,False,0.36170212765957444,0.398,1.7820154266357422,0.7009345794392523,0.9938409854423292,0.9795,0.9791666666666666,
92,fedavg,0,4,54,True,False,0.5643896976483762,0.5475,1.2320979309082032,0.40654205607476634,0.9966405375139977,0.9785,1.0,
92,fedavg,0,4,56,True,False,0.41881298992161253,0.4655,1.7840501708984375,0.8551401869158879,0.8180291153415453,0.8265,0.9479166666666666,
92,fedavg,0,4,98,True,False,0.4720044792833147,0.451,1.6254259033203124,0.2757009345794392,0.8919372900335947,0.8565,0.96875,
94,fedavg,0,4,0,False,False,0.4176931690929452,0.4125,2.08725959777832,0.3691588785046729,0.06494960806270997,0.0845,0.08333333333333333,
94,fedavg,0,4,1,False,False,0.4692049272116461,0.438,1.7475244598388673,0.17757009345794392,0.009518477043673012,0.0155,0.0,
94,fedavg,0,4,2,False,False,0.4070548712206047,0.4645,1.5637535552978516,0.9439252336448598,0.38465845464725645,0.429,0.3541666666666667,
94,fedavg,0,4,3,False,False,0.4423292273236282,0.3955,1.8376903228759767,0.004672897196261682,0.0005599104143337066,0.0005,0.0,
94,fedavg,0,4,4,False,False,0.46192609182530797,0.4225,2.109587158203125,0.09345794392523364,0.23684210526315788,0.2145,0.22916666666666666,
94,fedavg,0,4,5,False,False,0.44120940649496077,0.424,1.7698529357910155,0.2803738317757009,0.0335946248600224,0.041,0.010416666666666666,
94,fedavg,0,4,6,False,False,0.45744680851063835,0.4685,1.541929428100586,0.5607476635514018,0.11198208286674133,0.1265,0.08333333333333333,
94,fedavg,0,4,7,False,False,0.5503919372900337,0.5055,1.4080140380859374,0.1308411214953271,0.006159014557670772,0.009,0.0,
94,fedavg,0,4,8,False,False,0.5184770436730124,0.4755,1.8315673522949218,0.11682242990654206,0.0083986562150056,0.012,0.0,
94,fedavg,0,4,9,False,False,0.4305711086226204,0.3865,2.1262190399169922,0.018691588785046728,0.0,0.0005,0.0,
94,fedavg,0,4,33,True,False,0.36170212765957444,0.398,1.7820154266357422,0.7009345794392523,0.9820828667413214,0.965,0.9791666666666666,
94,fedavg,0,4,54,True,True,0.593505039193729,0.597,1.12992147064209,0.6261682242990654,0.9977603583426652,0.9925,1.0,
94,fedavg,0,4,56,True,False,0.41881298992161253,0.4655,1.7840501708984375,0.8551401869158879,0.7777155655095185,0.7875,0.9166666666666666,
94,fedavg,0,4,98,True,False,0.47312430011198203,0.452,1.6226640167236328,0.2757009345794392,0.8555431131019037,0.8195,0.9270833333333334,
96,fedavg,0,4,0,False,False,0.4176931690929452,0.4125,2.08725959777832,0.3691588785046729,0.06662933930571109,0.0865,0.052083333333333336,
96,fedavg,0,4,1,False,False,0.4692049272116461,0.438,1.7475244598388673,0.17757009345794392,0.010078387458006719,0.0155,0.0,
96,fedavg,0,4,2,False,False,0.4070548712206047,0.4645,1.5637535552978516,0.9439252336448598,0.3919372900335946,0.4355,0.3645833333333333,
96,fedavg,0,4,3,False,False,0.4423292273236282,0.3955,1.8376903228759767,0.004672897196261682,0.0005599104143337066,0.0005,0.0,
96,fedavg,0,4,4,False,False,0.45464725643896975,0.463,1.6575899810791015,0.5327102803738317,0.26763717805151177,0.272,0.3958333333333333,
96,fedavg,0,4,5,False,False,0.44120940649496077,0.424,1.7698529357910155,0.2803738317757009,0.03303471444568869,0.0395,0.010416666666666666,
96,fedavg,0,4,6,False,False,0.583986562150056,0.5735,1.2204958724975585,0.48598130841121495,0.40929451287793955,0.3955,0.3229166666666667,
96,fedavg,0,4,7,False,False,0.5503919372900337,0.5055,1.4080140380859374,0.1308411214953271,0.006159014557670772,0.009,0.0,
96,fedavg,0,4,8,False,False,0.5184770436730124,0.4755,1.8315673522949218,0.11682242990654206,0.0083986562150056,0.011,0.0,
96,fedavg,0,4,9,False,False,0.4305711086226204,0.3865,2.1262190399169922,0.018691588785046728,0.0005599104143337066,0.001,0.0,
96,fedavg,0,4,33,True,False,0.36170212765957444,0.398,1.7820154266357422,0.7009345794392523,0.9720044792833147,0.9475,0.9895833333333334,
96,fedavg,0,4,54,True,False,0.593505039193729,0.597,1.12992147064209,0.6261682242990654,0.9972004479283315,0.9825,1.0,
96,fedavg,0,4,56,True,False,0.41881298992161253,0.4655,1.7840501708984375,0.8551401869158879,0.7390817469204927,0.7505,0.8958333333333334,
96,fedavg,0,4,98,True,False,0.47032474804031354,0.448,1.6294934692382812,0.2616822429906542,0.8152295632698768,0.7695,0.9479166666666666,
98,fedavg,0,4,0,False,False,0.4176931690929452,0.4125,2.08725959777832,0.3691588785046729,0.07950727883538634,0.1,0.13541666666666666,
98,fedavg,0,4,1,False,False,0.4692049272116461,0.438,1.7475244598388673,0.17757009345794392,0.009518477043673012,0.015,0.0,
98,fedavg,0,4,2,False,False,0.4070548712206047,0.4645,1.5637535552978516,0.9439252336448598,0.387458006718925,0.4315,0.3541666666666667,
98,fedavg,0,4,3,False,False,0.4423292273236282,0.3955,1.8376903228759767,0.004672897196261682,0.0,0.0,0.0,
98,fedavg,0,4,4,False,False,0.45464725643896975,0.463,1.6575899810791015,0.5327102803738317,0.2530795072788354,0.262,0.4166666666666667,
98,fedavg,0,4,5,False,False,0.44120940649496077,0.424,1.7698529357910155,0.2803738317757009,0.03303471444568869,0.0395,0.010416666666666666,
98,fedavg,0,4,6,False,False,0.583986562150056,0.5735,1.2204958724975585,0.48598130841121495,0.4395296752519597,0.4265,0.2916666666666667,
98,fedavg,0,4,7,False,False,0.5503919372900337,0.5055,1.4080140380859374,0.1308411214953271,0.007278835386338186,0.011,0.0,
98,fedavg,0,4,8,False,False,0.5184770436730124,0.4755,1.8315673522949218,0.11682242990654206,0.007278835386338186,0.011,0.0,
98,fedavg,0,4,9,False,False,0.4305711086226204,0.3865,2.1262190399169922,0.018691588785046728,0.0005599104143337066,0.001,0.0,
98,fedavg,0,4,33,True,True,0.37178051511758115,0.434,1.8645153045654297,0.9532710280373832,0.9893617021276596,0.9875,0.9791666666666666,
98,fedavg,0,4,54,True,True,0.5369540873460246,0.491,1.580348892211914,0.10747663551401869,0.9602463605823068,0.8875,0.9270833333333334,
98,fedavg,0,4,56,True,False,0.40761478163493836,0.444,1.854369369506836,0.7476635514018691,0.8398656215005599,0.8365,0.9270833333333334,
98,fedavg,0,4,98,True,False,0.4720044792833147,0.452,1.6266576690673828,0.2850467289719626,0.8404255319148937,0.7975,0.9583333333333334,
100,fedavg,0,4,0,False,False,0.4176931690929452,0.4125,2.08725959777832,0.3691588785046729,0.0671892497200448,0.087,0.10416666666666667,
100,fedavg,0,4,1,False,True,0.4322508398656215,0.451,1.9804979248046874,0.6074766355140186,0.18197088465845465,0.2045,0.19791666666666666,
100,fedavg,0,4,2,False,False,0.4070548712206047,0.4645,1.5637535552978516,0.9439252336448598,0.3650615901455767,0.41,0.3020833333333333,
100,fedavg,0,4,3,False,False,0.4423292273236282,0.3955,1.8376903228759767,0.004672897196261682,0.0,0.0,0.0,
100,fedavg,0,4,4,False,False,0.45688689809630456,0.4605,1.7231380462646484,0.49065420560747663,0.10862262038073908,0.1275,0.375,
100,fedavg,0,4,5,False,False,0.44120940649496077,0.424,1.7698529357910155,0.2803738317757009,0.027995520716685332,0.0375,0.010416666666666666,
100,fedavg,0,4,6,False,False,0.583986562150056,0.5735,1.2204958724975585,0.48598130841121495,0.41097424412094063,0.395,0.2708333333333333,
100,fedavg,0,4,7,False,False,0.5503919372900337,0.5055,1.4080140380859374,0.1308411214953271,0.008958566629339306,0.013,0.0,
100,fedavg,0,4,8,False,False,0.5184770436730124,0.4755,1.8315673522949218,0.11682242990654206,0.005039193729003359,0.0085,0.0,
100,fedavg,0,4,9,False,False,0.4305711086226204,0.3865,2.1262190399169922,0.018691588785046728,0.0005599104143337066,0.001,0.0,
100,fedavg,0,4,33,True,False,0.5638297872340425,0.589,1.1185355834960937,0.7990654205607477,0.9288913773796192,0.9295,0.8125,
100,fedavg,0,4,54,True,False,0.5369540873460246,0.491,1.580348892211914,0.10747663551401869,0.9854423292273237,0.9395,0.96875,
100,fedavg,0,4,56,True,False,0.40761478163493836,0.444,1.854369369506836,0.7476635514018691,0.8924972004479284,0.897,0.9583333333333334,
100,fedavg,0,4,98,True,True,0.39753639417693165,0.394,2.1000164642333985,0.3644859813084112,0.9042553191489362,0.892,0.9895833333333334,
102,fedavg,0,4,0,False,False,0.4176931690929452,0.4125,2.08725959777832,0.3691588785046729,0.0671892497200448,0.087,0.11458333333333333,
102,fedavg,0,4,1,False,False,0.4322508398656215,0.451,1.9804979248046874,0.6074766355140186,0.18197088465845465,0.2045,0.20833333333333334,
102,fedavg,0,4,2,False,False,0.4070548712206047,0.4645,1.5637535552978516,0.9439252336448598,0.3628219484882419,0.408,0.3020833333333333,
102,fedavg,0,4,3,False,False,0.4423292273236282,0.3955,1.8376903228759767,0.004672897196261682,0.0,0.0,0.0,
102,fedavg,0,4,4,False,True,0.5907054871220605,0.583,1.2032388381958008,0.5186915887850467,0.41265397536394177,0.406,0.6666666666666666,
102,fedavg,0,4,5,False,True,0.383538633818589,0.3625,1.997834243774414,0.18691588785046728,0.027435610302351622,0.0315,0.010416666666666666,
102,fedavg,0,4,6,False,False,0.583986562150056,0.5735,1.2204958724975585,0.48598130841121495,0.40929451287793955,0.393,0.21875,
102,fedavg,0,4,7,False,False,0.5503919372900337,0.5055,1.4080140380859374,0.1308411214953271,0.008958566629339306,0.0135,0.0,
102,fedavg,0,4,8,False,False,0.5184770436730124,0.4755,1.8315673522949218,0.11682242990654206,0.005039193729003359,0.0085,0.0,
102,fedavg,0,4,9,False,False,0.4305711086226204,0.3865,2.1262190399169922,0.018691588785046728,0.0005599104143337066,0.001,0.0,
102,fedavg,0,4,33,True,False,0.5638297872340425,0.589,1.1185355834960937,0.7990654205607477,0.9300111982082867,0.9305,0.7708333333333334,
102,fedavg,0,4,54,True,False,0.5369540873460246,0.491,1.580348892211914,0.10747663551401869,0.9854423292273237,0.941,0.9479166666666666,
102,fedavg,0,4,56,True,False,0.40761478163493836,0.444,1.854369369506836,0.7476635514018691,0.8952967525195968,0.8995,0.96875,
102,fedavg,0,4,98,True,False,0.4966405375139977,0.473,1.5863809356689453,0.2757009345794392,0.975363941769317,0.968,1.0,
104,fedavg,0,4,0,False,False,0.4176931690929452,0.4125,2.08725959777832,0.3691588785046729,0.0671892497200448,0.087,0.10416666666666667,
104,fedavg,0,4,1,False,False,0.4322508398656215,0.451,1.9804979248046874,0.6074766355140186,0.18197088465845465,0.2045,0.19791666666666666,
104,fedavg,0,4,2,False,False,0.4070548712206047,0.4645,1.5637535552978516,0.9439252336448598,0.3628219484882419,0.408,0.28125,
104,fedavg,0,4,3,False,False,0.4423292273236282,0.3955,1.8376903228759767,0.004672897196261682,0.0,0.0,0.0,
104,fedavg,0,4,4,False,False,0.5907054871220605,0.583,1.2032388381958008,0.5186915887850467,0.41265397536394177,0.406,0.6979166666666666,
104,fedavg,0,4,5,False,False,0.383538633818589,0.3625,1.997834243774414,0.18691588785046728,0.027435610302351622,0.0315,0.020833333333333332,
104,fedavg,0,4,6,False,False,0.583986562150056,0.5735,1.2204958724975585,0.48598130841121495,0.40985442329227323,0.3935,0.2604166666666667,
104,fedavg,0,4,7,False,False,0.5503919372900337,0.5055,1.4080140380859374,0.1308411214953271,0.008958566629339306,0.0135,0.0,
104,fedavg,0,4,8,False,False,0.5184770436730124,0.4755,1.8315673522949218,0.11682242990654206,0.005039193729003359,0.0085,0.0,
104,fedavg,0,4,9,False,False,0.47480403135498317,0.436,2.1969586639404297,0.11214953271028037,0.055431131019036954,0.0565,0.10416666666666667,
104,fedavg,0,4,33,True,False,0.5638297872340425,0.589,1.1185355834960937,0.7990654205607477,0.9300111982082867,0.9305,0.8125,
104,fedavg,0,4,54,True,False,0.5369540873460246,0.491,1.580348892211914,0.10747663551401869,0.9854423292273237,0.941,0.9791666666666666,
104,fedavg,0,4,56,True,False,0.40761478163493836,0.444,1.854369369506836,0.7476635514018691,0.8952967525195968,0.8995,0.9791666666666666,
104,fedavg,0,4,98,True,False,0.4966405375139977,0.4725,1.5857130432128905,0.27102803738317754,0.9759238521836506,0.968,0.9791666666666666,
106,fedavg,0,4,0,False,False,0.4176931690929452,0.4125,2.08725959777832,0.3691588785046729,0.06550951847704367,0.0855,0.07291666666666667,
106,fedavg,0,4,1,False,False,0.4322508398656215,0.451,1.9804979248046874,0.6074766355140186,0.1791713325867861,0.2015,0.20833333333333334,
106,fedavg,0,4,2,False,False,0.5705487122060471,0.576,1.1798590240478515,0.6214953271028038,0.593505039193729,0.606,0.6145833333333334,
106,fedavg,0,4,3,False,False,0.4423292273236282,0.3955,1.8376903228759767,0.004672897196261682,0.0,0.0,0.0,
106,fedavg,0,4,4,False,False,0.5907054871220605,0.583,1.2032388381958008,0.5186915887850467,0.41153415453527437,0.406,0.625,
106,fedavg,0,4,5,False,True,0.33034714445688684,0.3175,2.730021484375,0.2102803738317757,0.2609182530795073,0.2555,0.22916666666666666,
106,fedavg,0,4,6,False,False,0.583986562150056,0.5735,1.2204958724975585,0.48598130841121495,0.406494960806271,0.391,0.22916666666666666,
106,fedavg,0,4,7,False,False,0.5503919372900337,0.5055,1.4080140380859374,0.1308411214953271,0.008958566629339306,0.014,0.0,
106,fedavg,0,4,8,False,False,0.5184770436730124,0.4755,1.8315673522949218,0.11682242990654206,0.005039193729003359,0.0085,0.010416666666666666,
106,fedavg,0,4,9,False,False,0.47480403135498317,0.436,2.1969586639404297,0.11214953271028037,0.055431131019036954,0.056,0.07291666666666667,
106,fedavg,0,4,33,True,False,0.5638297872340425,0.589,1.1185355834960937,0.7990654205607477,0.9300111982082867,0.9305,0.7708333333333334,
106,fedavg,0,4,54,True,False,0.5369540873460246,0.491,1.580348892211914,0.10747663551401869,0.9854423292273237,0.9435,0.9166666666666666,
106,fedavg,0,4,56,True,False,0.40761478163493836,0.444,1.854369369506836,0.7476635514018691,0.8980963045912654,0.9025,0.96875,
106,fedavg,0,4,98,True,True,0.48376259798432253,0.516,1.4455504455566406,0.7850467289719626,0.9977603583426652,0.997,1.0,
108,fedavg,0,4,0,False,False,0.4176931690929452,0.4125,2.08725959777832,0.3691588785046729,0.06494960806270997,0.085,0.08333333333333333,
108,fedavg,0,4,1,False,False,0.4322508398656215,0.451,1.9804979248046874,0.6074766355140186,0.1791713325867861,0.202,0.125,
108,fedavg,0,4,2,False,False,0.5705487122060471,0.576,1.1798590240478515,0.6214953271028038,0.5929451287793953,0.605,0.5520833333333334,
108,fedavg,0,4,3,False,False,0.4423292273236282,0.3955,1.8376903228759767,0.004672897196261682,0.0,0.0,0.0,
108,fedavg,0,4,4,False,False,0.5907054871220605,0.583,1.2032388381958008,0.5186915887850467,0.41041433370660696,0.405,0.71875,
108,fedavg,0,4,5,False,False,0.33034714445688684,0.3175,2.730021484375,0.2102803738317757,0.2609182530795073,0.255,0.22916666666666666,
108,fedavg,0,4,6,False,False,0.5856662933930571,0.5925,1.1603068237304688,0.6495327102803738,0.7183650615901456,0.7075,0.65625,
108,fedavg,0,4,7,False,False,0.5503919372900337,0.5055,1.4080140380859374,0.1308411214953271,0.0083986562150056,0.0135,0.0,
108,fedavg,0,4,8,False,False,0.5487122060470324,0.521,1.5808558197021485,0.2897196261682243,0.20996640537513997,0.2285,0.22916666666666666,
108,fedavg,0,4,9,False,True,0.40257558790593506,0.3635,2.39167887878418,0.037383177570093455,0.4305711086226204,0.3885,0.4479166666666667,
108,fedavg,0,4,33,True,False,0.5638297872340425,0.589,1.1185355834960937,0.7990654205607477,0.9300111982082867,0.9305,0.7604166666666666,
108,fedavg,0,4,54,True,False,0.5369540873460246,0.491,1.580348892211914,0.10747663551401869,0.9854423292273237,0.9435,0.9479166666666666,
108,fedavg,0,4,56,True,False,0.40761478163493836,0.444,1.854369369506836,0.7476635514018691,0.8980963045912654,0.9025,0.9583333333333334,
108,fedavg,0,4,98,True,False,0.4165733482642777,0.4505,1.6840396118164063,0.7336448598130841,0.9994400895856663,0.9975,1.0,
110,fedavg,0,4,0,False,False,0.4176931690929452,0.4125,2.08725959777832,0.3691588785046729,0.06550951847704367,0.085,0.07291666666666667,
110,fedavg,0,4,1,False,False,0.4322508398656215,0.451,1.9804979248046874,0.6074766355140186,0.1791713325867861,0.2015,0.125,
110,fedavg,0,4,2,False,False,0.5705487122060471,0.576,1.1798590240478515,0.6214953271028038,0.5929451287793953,0.605,0.5729166666666666,
110,fedavg,0,4,3,False,False,0.4423292273236282,0.3955,1.8376903228759767,0.004672897196261682,0.0,0.0,0.0,
110,fedavg,0,4,4,False,False,0.5907054871220605,0.583,1.2032388381958008,0.5186915887850467,0.41097424412094063,0.4055,0.7083333333333334,
110,fedavg,0,4,5,False,True,0.47760358342665177,0.4895,1.6948804321289062,0.5887850467289719,0.6875699888017918,0.683,0.6145833333333334,
110,fedavg,0,4,6,False,False,0.5856662933930571,0.5925,1.1603068237304688,0.6495327102803738,0.7183650615901456,0.7075,0.6458333333333334,
110,fedavg,0,4,7,False,False,0.45240761478163494,0.412,2.026285217285156,0.07476635514018691,0.21332586786114222,0.2035,0.3020833333333333,
110,fedavg,0,4,8,False,False,0.5487122060470324,0.521,1.5808558197021485,0.2897196261682243,0.2110862262038074,0.2295,0.19791666666666666,
110,fedavg,0,4,9,False,False,0.40257558790593506,0.3635,2.39167887878418,0.037383177570093455,0.4305711086226204,0.3885,0.4375,
110,fedavg,0,4,33,True,False,0.5638297872340425,0.589,1.1185355834960937,0.7990654205607477,0.9300111982082867,0.9305,0.7604166666666666,
110,fedavg,0,4,54,True,False,0.5369540873460246,0.491,1.580348892211914,0.10747663551401869,0.9860022396416573,0.9455,0.9479166666666666,
110,fedavg,0,4,56,True,False,0.40761478163493836,0.444,1.854369369506836,0.7476635514018691,0.8980963045912654,0.903,0.96875,
110,fedavg,0,4,98,True,False,0.4300111982082867,0.4445,1.601030517578125,0.5654205607476636,0.9983202687569989,0.997,1.0,
112,fedavg,0,4,0,False,False,0.4176931690929452,0.4125,2.08725959777832,0.3691588785046729,0.06494960806270997,0.0845,0.09375,
112,fedavg,0,4,1,False,False,0.4322508398656215,0.451,1.9804979248046874,0.6074766355140186,0.1791713325867861,0.202,0.13541666666666666,
112,fedavg,0,4,2,False,False,0.5705487122060471,0.576,1.1798590240478515,0.6214953271028038,0.5929451287793953,0.605,0.5625,
112,fedavg,0,4,3,False,True,0.5638297872340425,0.51,1.4208335418701172,0.06074766355140187,0.021836506159014557,0.0205,0.041666666666666664,
112,fedavg,0,4,4,False,False,0.5907054871220605,0.583,1.2032388381958008,0.5186915887850467,0.41097424412094063,0.4055,0.6770833333333334,
112,fedavg,0,4,5,False,False,0.47760358342665177,0.4895,1.6948804321289062,0.5887850467289719,0.6875699888017918,0.683,0.5625,
112,fedavg,0,4,6,False,False,0.5856662933930571,0.5925,1.1603068237304688,0.6495327102803738,0.7183650615901456,0.7075,0.6770833333333334,
112,fedavg,0,4,7,False,False,0.4792833146696529,0.429,2.03486051940918,0.009345794392523364,0.02295632698768197,0.023,0.020833333333333332,
112,fedavg,0,4,8,False,False,0.5487122060470324,0.521,1.5808558197021485,0.2897196261682243,0.2110862262038074,0.2295,0.25,
112,fedavg,0,4,9,False,False,0.40257558790593506,0.3635,2.39167887878418,0.037383177570093455,0.4305711086226204,0.3885,0.4479166666666667,
112,fedavg,0,4,33,True,False,0.5638297872340425,0.589,1.1185355834960937,0.7990654205607477,0.9300111982082867,0.9305,0.78125,
112,fedavg,0,4,54,True,False,0.5369540873460246,0.491,1.580348892211914,0.10747663551401869,0.9860022396416573,0.9455,0.9583333333333334,
112,fedavg,0,4,56,True,False,0.40761478163493836,0.444,1.854369369506836,0.7476635514018691,0.8980963045912654,0.903,0.9479166666666666,
112,fedavg,0,4,98,True,False,0.43169092945128784,0.446,1.6009187622070313,0.5654205607476636,0.9983202687569989,0.997,1.0,
114,fedavg,0,4,0,False,False,0.4176931690929452,0.4125,2.08725959777832,0.3691588785046729,0.06550951847704367,0.0845,0.08333333333333333,
114,fedavg,0,4,1,False,False,0.4322508398656215,0.451,1.9804979248046874,0.6074766355140186,0.1791713325867861,0.202,0.13541666666666666,
114,fedavg,0,4,2,False,False,0.5705487122060471,0.576,1.1798590240478515,0.6214953271028038,0.5929451287793953,0.606,0.5520833333333334,
114,fedavg,0,4,3,False,True,0.625979843225084,0.571,1.2792822647094726,0.11214953271028037,0.011758118701007838,0.013,0.020833333333333332,
114,fedavg,0,4,4,False,False,0.5907054871220605,0.583,1.2032388381958008,0.5186915887850467,0.41097424412094063,0.4055,0.65625,
114,fedavg,0,4,5,False,False,0.47760358342665177,0.4895,1.6948804321289062,0.5887850467289719,0.6875699888017918,0.683,0.6145833333333334,
114,fedavg,0,4,6,False,False,0.5856662933930571,0.5925,1.1603068237304688,0.6495327102803738,0.7183650615901456,0.7075,0.7083333333333334,
114,fedavg,0,4,7,False,False,0.4792833146696529,0.429,2.03486051940918,0.009345794392523364,0.02295632698768197,0.023,0.020833333333333332,
114,fedavg,0,4,8,False,False,0.5487122060470324,0.521,1.5808558197021485,0.2897196261682243,0.2110862262038074,0.2295,0.23958333333333334,
114,fedavg,0,4,9,False,False,0.40257558790593506,0.3635,2.39167887878418,0.037383177570093455,0.4311310190369541,0.389,0.4583333333333333,
114,fedavg,0,4,33,True,False,0.5638297872340425,0.589,1.1185355834960937,0.7990654205607477,0.9300111982082867,0.9305,0.75,
114,fedavg,0,4,54,True,False,0.5369540873460246,0.491,1.580348892211914,0.10747663551401869,0.9860022396416573,0.9455,0.9583333333333334,
114,fedavg,0,4,56,True,False,0.40761478163493836,0.444,1.854369369506836,0.7476635514018691,0.8980963045912654,0.903,0.96875,
114,fedavg,0,4,98,True,False,0.4328107502799552,0.4465,1.6035216674804686,0.5607476635514018,0.9983202687569989,0.997,1.0,
116,fedavg,0,4,0,False,False,0.4176931690929452,0.4125,2.08725959777832,0.3691588785046729,0.06550951847704367,0.0845,0.08333333333333333,
116,fedavg,0,4,1,False,False,0.4322508398656215,0.451,1.9804979248046874,0.6074766355140186,0.1791713325867861,0.202,0.125,
116,fedavg,0,4,2,False,False,0.5705487122060471,0.576,1.1798590240478515,0.6214953271028038,0.5929451287793953,0.606,0.5416666666666666,
116,fedavg,0,4,3,False,True,0.47256438969764836,0.431,2.213208999633789,0.08411214953271028,0.015677491601343786,0.015,0.010416666666666666,
116,fedavg,0,4,4,False,False,0.5907054871220605,0.583,1.2032388381958008,0.5186915887850467,0.41097424412094063,0.4055,0.65625,
116,fedavg,0,4,5,False,False,0.46192609182530797,0.4555,1.7757455444335937,0.40186915887850466,0.13101903695408734,0.133,0.052083333333333336,
116,fedavg,0,4,6,False,False,0.5856662933930571,0.5925,1.1603068237304688,0.6495327102803738,0.7183650615901456,0.7075,0.6770833333333334,
116,fedavg,0,4,7,False,False,0.4792833146696529,0.429,2.03486051940918,0.009345794392523364,0.02295632698768197,0.023,0.020833333333333332,
116,fedavg,0,4,8,False,False,0.5487122060470324,0.521,1.5808558197021485,0.2897196261682243,0.21052631578947367,0.229,0.23958333333333334,
116,fedavg,0,4,9,False,False,0.40257558790593506,0.3635,2.39167887878418,0.037383177570093455,0.4316909294512878,0.3895,0.4375,
116,fedavg,0,4,33,True,False,0.5638297872340425,0.589,1.1185355834960937,0.7990654205607477,0.9300111982082867,0.9305,0.7708333333333334,
116,fedavg,0,4,54,True,False,0.5369540873460246,0.491,1.580348892211914,0.10747663551401869,0.9860022396416573,0.9455,0.9583333333333334,
116,fedavg,0,4,56,True,False,0.40761478163493836,0.444,1.854369369506836,0.7476635514018691,0.8980963045912654,0.903,0.9479166666666666,
116,fedavg,0,4,98,True,False,0.4305711086226204,0.444,1.6016087493896485,0.5560747663551402,0.9983202687569989,0.9975,1.0,
118,fedavg,0,4,0,False,False,0.4176931690929452,0.4125,2.08725959777832,0.3691588785046729,0.06886898096304592,0.089,0.08333333333333333,
118,fedavg,0,4,1,False,False,0.4322508398656215,0.451,1.9804979248046874,0.6074766355140186,0.18197088465845465,0.205,0.15625,
118,fedavg,0,4,2,False,True,0.43896976483762595,0.4865,1.6139638671875,0.883177570093458,0.6433370660694289,0.6605,0.6354166666666666,
118,fedavg,0,4,3,False,False,0.47256438969764836,0.431,2.213208999633789,0.08411214953271028,0.0167973124300112,0.016,0.03125,
118,fedavg,0,4,4,False,False,0.5907054871220605,0.583,1.2032388381958008,0.5186915887850467,0.41153415453527437,0.405,0.6770833333333334,
118,fedavg,0,4,5,False,False,0.46192609182530797,0.4555,1.7757455444335937,0.40186915887850466,0.13213885778275475,0.135,0.052083333333333336,
118,fedavg,0,4,6,False,False,0.5856662933930571,0.5925,1.1603068237304688,0.6495327102803738,0.7150055991041433,0.704,0.6979166666666666,
118,fedavg,0,4,7,False,False,0.4792833146696529,0.429,2.03486051940918,0.009345794392523364,0.02127659574468085,0.0215,0.020833333333333332,
118,fedavg,0,4,8,False,False,0.5487122060470324,0.521,1.5808558197021485,0.2897196261682243,0.20828667413213886,0.2255,0.22916666666666666,
118,fedavg,0,4,9,False,False,0.4630459126539753,0.432,2.175609619140625,0.17289719626168223,0.10918253079507279,0.106,0.125,
118,fedavg,0,4,33,True,False,0.5638297872340425,0.589,1.1185355834960937,0.7990654205607477,0.9288913773796192,0.9295,0.7604166666666666,
118,fedavg,0,4,54,True,False,0.5369540873460246,0.491,1.580348892211914,0.10747663551401869,0.9848824188129899,0.939,0.9479166666666666,
118,fedavg,0,4,56,True,False,0.5128779395296752,0.5295,1.4889120635986328,0.6682242990654206,0.9882418812989922,0.9825,0.9895833333333334,
118,fedavg,0,4,98,True,False,0.4300111982082867,0.4445,1.6028167724609375,0.5654205607476636,0.9983202687569989,0.996,1.0,
120,fedavg,0,4,0,False,False,0.4176931690929452,0.4125,2.08725959777832,0.3691588785046729,0.07166853303471445,0.0915,0.07291666666666667,
120,fedavg,0,4,1,False,False,0.4322508398656215,0.451,1.9804979248046874,0.6074766355140186,0.18253079507278835,0.2055,0.125,
120,fedavg,0,4,2,False,False,0.43896976483762595,0.4865,1.6139638671875,0.883177570093458,0.6438969764837627,0.6615,0.625,
120,fedavg,0,4,3,False,False,0.6175811870100785,0.5675,1.279875831604004,0.14953271028037382,0.016237402015677492,0.0155,0.020833333333333332,
120,fedavg,0,4,4,False,False,0.5907054871220605,0.583,1.2032388381958008,0.5186915887850467,0.4087346024636058,0.402,0.6875,
120,fedavg,0,4,5,False,False,0.46192609182530797,0.4555,1.7757455444335937,0.40186915887850466,0.1343784994400896,0.1365,0.08333333333333333,
120,fedavg,0,4,6,False,False,0.5856662933930571,0.5925,1.1603068237304688,0.6495327102803738,0.7144456886898096,0.7035,0.6770833333333334,
120,fedavg,0,4,7,False,True,0.4540873460246361,0.4445,1.9080225982666015,0.3644859813084112,0.06494960806270997,0.064,0.020833333333333332,
120,fedavg,0,4,8,False,False,0.5487122060470324,0.521,1.5808558197021485,0.2897196261682243,0.20492721164613661,0.2215,0.25,
120,fedavg,0,4,9,False,False,0.4630459126539753,0.432,2.175609619140625,0.17289719626168223,0.11142217245240761,0.108,0.11458333333333333,
120,fedavg,0,4,33,True,True,0.5470324748040314,0.563,1.3546350860595704,0.6962616822429907,0.9742441209406495,0.973,0.8229166666666666,
120,fedavg,0,4,54,True,False,0.5369540873460246,0.491,1.580348892211914,0.10747663551401869,0.9837625979843225,0.9365,0.9479166666666666,
120,fedavg,0,4,56,True,False,0.5128779395296752,0.5295,1.4889120635986328,0.6682242990654206,0.986562150055991,0.9795,0.9895833333333334,
120,fedavg,0,4,98,True,False,0.4322508398656215,0.446,1.6034551696777344,0.5607476635514018,0.9983202687569989,0.996,1.0,
122,fedavg,0,4,0,False,False,0.4176931690929452,0.4125,2.08725959777832,0.3691588785046729,0.06998880179171332,0.0895,0.10416666666666667,
122,fedavg,0,4,1,False,False,0.4322508398656215,0.451,1.9804979248046874,0.6074766355140186,0.18309070548712206,0.2065,0.13541666666666666,
122,fedavg,0,4,2,False,False,0.43896976483762595,0.4865,1.6139638671875,0.883177570093458,0.6444568868980963,0.6625,0.6354166666666666,
122,fedavg,0,4,3,False,False,0.6175811870100785,0.5675,1.279875831604004,0.14953271028037382,0.016237402015677492,0.0155,0.020833333333333332,
122,fedavg,0,4,4,False,False,0.5907054871220605,0.583,1.2032388381958008,0.5186915887850467,0.41153415453527437,0.4045,0.6770833333333334,
122,fedavg,0,4,5,False,False,0.6578947368421053,0.64,1.0680214614868164,0.49065420560747663,0.0940649496080627,0.124,0.17708333333333334,
122,fedavg,0,4,6,False,False,0.5856662933930571,0.5925,1.1603068237304688,0.6495327102803738,0.7144456886898096,0.703,0.71875,
122,fedavg,0,4,7,False,False,0.4540873460246361,0.4445,1.9080225982666015,0.3644859813084112,0.06606942889137737,0.0645,0.020833333333333332,
122,fedavg,0,4,8,False,False,0.5487122060470324,0.521,1.5808558197021485,0.2897196261682243,0.20716685330347145,0.224,0.21875,
122,fedavg,0,4,9,False,False,0.4630459126539753,0.432,2.175609619140625,0.17289719626168223,0.11086226203807391,0.1075,0.11458333333333333,
122,fedavg,0,4,33,True,False,0.5470324748040314,0.563,1.3546350860595704,0.6962616822429907,0.9748040313549832,0.9735,0.8229166666666666,
122,fedavg,0,4,54,True,False,0.5979843225083987,0.5625,1.3785555419921875,0.26635514018691586,0.9921612541993281,0.9875,0.9375,
122,fedavg,0,4,56,True,False,0.5128779395296752,0.5295,1.4889120635986328,0.6682242990654206,0.9876819708846585,0.982,0.9791666666666666,
122,fedavg,0,4,98,True,False,0.43169092945128784,0.445,1.5966907653808593,0.5560747663551402,0.9983202687569989,0.996,1.0,
124,fedavg,0,4,0,False,False,0.4176931690929452,0.4125,2.08725959777832,0.3691588785046729,0.07110862262038074,0.0905,0.09375,
124,fedavg,0,4,1,False,False,0.4322508398656215,0.451,1.9804979248046874,0.6074766355140186,0.18309070548712206,0.206,0.125,
124,fedavg,0,4,2,False,False,0.43896976483762595,0.4865,1.6139638671875,0.883177570093458,0.6433370660694289,0.6615,0.625,
124,fedavg,0,4,3,False,False,0.6175811870100785,0.5675,1.279875831604004,0.14953271028037382,0.0167973124300112,0.016,0.020833333333333332,
124,fedavg,0,4,4,False,False,0.5907054871220605,0.583,1.2032388381958008,0.5186915887850467,0.4059350503919373,0.4,0.6770833333333334,
124,fedavg,0,4,5,False,False,0.6578947368421053,0.64,1.0680214614868164,0.49065420560747663,0.09518477043673013,0.1245,0.13541666666666666,
124,fedavg,0,4,6,False,False,0.5856662933930571,0.5925,1.1603068237304688,0.6495327102803738,0.7105263157894737,0.7,0.6770833333333334,
124,fedavg,0,4,7,False,False,0.4540873460246361,0.4445,1.9080225982666015,0.3644859813084112,0.06438969764837627,0.063,0.03125,
124,fedavg,0,4,8,False,False,0.5487122060470324,0.521,1.5808558197021485,0.2897196261682243,0.20156774916013437,0.2195,0.2604166666666667,
124,fedavg,0,4,9,False,False,0.4630459126539753,0.432,2.175609619140625,0.17289719626168223,0.11366181410974244,0.11,0.125,
124,fedavg,0,4,33,True,False,0.5470324748040314,0.563,1.3546350860595704,0.6962616822429907,0.9736842105263158,0.9705,0.8125,
124,fedavg,0,4,54,True,False,0.5979843225083987,0.5625,1.3785555419921875,0.26635514018691586,0.9910414333706606,0.9855,0.9270833333333334,
124,fedavg,0,4,56,True,False,0.5128779395296752,0.5295,1.4889120635986328,0.6682242990654206,0.986562150055991,0.979,0.9791666666666666,
124,fedavg,0,4,98,True,False,0.4300111982082867,0.445,1.6029951477050781,0.5700934579439252,0.9983202687569989,0.9955,0.9895833333333334,
126,fedavg,0,4,0,False,False,0.4176931690929452,0.4125,2.08725959777832,0.3691588785046729,0.07110862262038074,0.0905,0.09375,
126,fedavg,0,4,1,False,False,0.4322508398656215,0.451,1.9804979248046874,0.6074766355140186,0.18421052631578946,0.2065,0.13541666666666666,
126,fedavg,0,4,2,False,False,0.43896976483762595,0.4865,1.6139638671875,0.883177570093458,0.6433370660694289,0.6615,0.6770833333333334,
126,fedavg,0,4,3,False,False,0.6175811870100785,0.5675,1.279875831604004,0.14953271028037382,0.0167973124300112,0.016,0.020833333333333332,
126,fedavg,0,4,4,False,True,0.3891377379619261,0.437,2.5477889251708983,0.8364485981308412,0.4132138857782755,0.4405,0.71875,
126,fedavg,0,4,5,False,False,0.6578947368421053,0.64,1.0680214614868164,0.49065420560747663,0.09574468085106383,0.125,0.15625,
126,fedavg,0,4,6,False,False,0.5856662933930571,0.5925,1.1603068237304688,0.6495327102803738,0.7094064949608063,0.699,0.6770833333333334,
126,fedavg,0,4,7,False,False,0.4540873460246361,0.4445,1.9080225982666015,0.3644859813084112,0.06438969764837627,0.0635,0.020833333333333332,
126,fedavg,0,4,8,False,False,0.6187010078387458,0.5955,1.171797706604004,0.40186915887850466,0.20604703247480402,0.2145,0.1875,
126,fedavg,0,4,9,False,False,0.4630459126539753,0.432,2.175609619140625,0.17289719626168223,0.11422172452407615,0.1105,0.11458333333333333,
126,fedavg,0,4,33,True,False,0.5470324748040314,0.563,1.3546350860595704,0.6962616822429907,0.973124300111982,0.97,0.8020833333333334,
126,fedavg,0,4,54,True,False,0.5979843225083987,0.5625,1.3785555419921875,0.26635514018691586,0.9910414333706606,0.9855,0.9166666666666666,
126,fedavg,0,4,56,True,False,0.5128779395296752,0.5295,1.4889120635986328,0.6682242990654206,0.9860022396416573,0.9785,0.9895833333333334,
126,fedavg,0,4,98,True,False,0.43393057110862265,0.448,1.5971287384033204,0.5654205607476636,0.9977603583426652,0.9945,1.0,
128,fedavg,0,4,0,False,True,0.49104143337066064,0.4715,2.039086730957031,0.308411214953271,0.05263157894736842,0.0605,0.041666666666666664,
128,fedavg,0,4,1,False,False,0.4322508398656215,0.451,1.9804979248046874,0.6074766355140186,0.18365061590145576,0.206,0.13541666666666666,
128,fedavg,0,4,2,False,False,0.43896976483762595,0.4865,1.6139638671875,0.883177570093458,0.6433370660694289,0.6615,0.6354166666666666,
128,fedavg,0,4,3,False,False,0.6175811870100785,0.5675,1.279875831604004,0.14953271028037382,0.0167973124300112,0.016,0.020833333333333332,
128,fedavg,0,4,4,False,False,0.3891377379619261,0.437,2.5477889251708983,0.8364485981308412,0.4132138857782755,0.4405,0.7291666666666666,
128,fedavg,0,4,5,False,False,0.6578947368421053,0.64,1.0680214614868164,0.49065420560747663,0.09574468085106383,0.125,0.14583333333333334,
128,fedavg,0,4,6,False,False,0.5856662933930571,0.5925,1.1603068237304688,0.6495327102803738,0.70996640537514,0.6995,0.6770833333333334,
128,fedavg,0,4,7,False,False,0.4540873460246361,0.4445,1.9080225982666015,0.3644859813084112,0.06438969764837627,0.0635,0.03125,
128,fedavg,0,4,8,False,False,0.6187010078387458,0.5955,1.171797706604004,0.40186915887850466,0.20604703247480402,0.2145,0.20833333333333334,
128,fedavg,0,4,9,False,True,0.524636058230683,0.482,2.2498156280517576,0.1261682242990654,0.05431131019036954,0.0525,0.052083333333333336,
128,fedavg,0,4,33,True,False,0.5470324748040314,0.563,1.3546350860595704,0.6962616822429907,0.9736842105263158,0.9705,0.8229166666666666,
128,fedavg,0,4,54,True,False,0.5979843225083987,0.5625,1.3785555419921875,0.26635514018691586,0.9910414333706606,0.9855,0.9375,
128,fedavg,0,4,56,True,False,0.5128779395296752,0.5295,1.4889120635986328,0.6682242990654206,0.986562150055991,0.979,0.9895833333333334,
128,fedavg,0,4,98,True,False,0.43393057110862265,0.4475,1.5952360076904297,0.5607476635514018,0.9977603583426652,0.995,1.0,
130,fedavg,0,4,0,False,False,0.5957446808510638,0.559,1.6927883911132813,0.2523364485981308,0.030235162374020158,0.036,0.03125,
130,fedavg,0,4,1,False,False,0.4322508398656215,0.451,1.9804979248046874,0.6074766355140186,0.18421052631578946,0.207,0.125,
130,fedavg,0,4,2,False,False,0.43896976483762595,0.4865,1.6139638671875,0.883177570093458,0.6433370660694289,0.661,0.625,
130,fedavg,0,4,3,False,False,0.6175811870100785,0.5675,1.279875831604004,0.14953271028037382,0.0167973124300112,0.016,0.020833333333333332,
130,fedavg,0,4,4,False,False,0.3891377379619261,0.437,2.5477889251708983,0.8364485981308412,0.4132138857782755,0.4405,0.7291666666666666,
130,fedavg,0,4,5,False,False,0.6578947368421053,0.64,1.0680214614868164,0.49065420560747663,0.09574468085106383,0.125,0.14583333333333334,
130,fedavg,0,4,6,False,False,0.5856662933930571,0.5925,1.1603068237304688,0.6495327102803738,0.7088465845464725,0.6985,0.7083333333333334,
130,fedavg,0,4,7,False,False,0.4540873460246361,0.4445,1.9080225982666015,0.3644859813084112,0.06438969764837627,0.0635,0.020833333333333332,
130,fedavg,0,4,8,False,False,0.6187010078387458,0.5955,1.171797706604004,0.40186915887850466,0.20604703247480402,0.2145,0.17708333333333334,
130,fedavg,0,4,9,False,True,0.5638297872340425,0.554,1.4807495880126953,0.4719626168224299,0.19764837625979842,0.2035,0.25,
130,fedavg,0,4,33,True,False,0.5470324748040314,0.563,1.3546350860595704,0.6962616822429907,0.973124300111982,0.9695,0.8333333333333334,
130,fedavg,0,4,54,True,False,0.5979843225083987,0.5625,1.3785555419921875,0.26635514018691586,0.9910414333706606,0.9855,0.9479166666666666,
130,fedavg,0,4,56,True,False,0.5128779395296752,0.5295,1.4889120635986328,0.6682242990654206,0.9860022396416573,0.978,0.96875,
130,fedavg,0,4,98,True,False,0.43113101903695406,0.4455,1.605384048461914,0.5654205607476636,0.9977603583426652,0.994,1.0,
132,fedavg,0,4,0,False,False,0.5957446808510638,0.559,1.6927883911132813,0.2523364485981308,0.030235162374020158,0.036,0.020833333333333332,
132,fedavg,0,4,1,False,False,0.4322508398656215,0.451,1.9804979248046874,0.6074766355140186,0.18421052631578946,0.2065,0.17708333333333334,
132,fedavg,0,4,2,False,False,0.43896976483762595,0.4865,1.6139638671875,0.883177570093458,0.6433370660694289,0.6615,0.6458333333333334,
132,fedavg,0,4,3,False,False,0.6175811870100785,0.5675,1.279875831604004,0.14953271028037382,0.0167973124300112,0.016,0.020833333333333332,
132,fedavg,0,4,4,False,False,0.3891377379619261,0.437,2.5477889251708983,0.8364485981308412,0.4132138857782755,0.4405,0.71875,
132,fedavg,0,4,5,False,False,0.6578947368421053,0.64,1.0680214614868164,0.49065420560747663,0.09574468085106383,0.125,0.16666666666666666,
132,fedavg,0,4,6,False,False,0.5856662933930571,0.5925,1.1603068237304688,0.6495327102803738,0.70996640537514,0.6995,0.6875,
132,fedavg,0,4,7,False,False,0.4300111982082867,0.3955,2.802089569091797,0.10747663551401869,0.010078387458006719,0.0095,0.010416666666666666,
132,fedavg,0,4,8,False,False,0.6187010078387458,0.5955,1.171797706604004,0.40186915887850466,0.20548712206047032,0.214,0.20833333333333334,
132,fedavg,0,4,9,False,False,0.5638297872340425,0.554,1.4807495880126953,0.4719626168224299,0.19764837625979842,0.2035,0.2708333333333333,
132,fedavg,0,4,33,True,False,0.5470324748040314,0.563,1.3546350860595704,0.6962616822429907,0.973124300111982,0.97,0.84375,
132,fedavg,0,4,54,True,False,0.5979843225083987,0.5625,1.3785555419921875,0.26635514018691586,0.9910414333706606,0.9855,0.9375,
132,fedavg,0,4,56,True,False,0.5128779395296752,0.5295,1.4889120635986328,0.6682242990654206,0.9860022396416573,0.9785,0.9583333333333334,
132,fedavg,0,4,98,True,False,0.42889137737961924,0.4435,1.605609878540039,0.5654205607476636,0.9977603583426652,0.995,1.0,
134,fedavg,0,4,0,False,False,0.5957446808510638,0.559,1.6927883911132813,0.2523364485981308,0.030235162374020158,0.035,0.041666666666666664,
134,fedavg,0,4,1,False,False,0.528555431131019,0.559,1.3255255584716796,0.8130841121495327,0.3594624860022396,0.394,0.3125,
134,fedavg,0,4,2,False,False,0.43896976483762595,0.4865,1.6139638671875,0.883177570093458,0.6405375139977604,0.6595,0.6041666666666666,
134,fedavg,0,4,3,False,False,0.6175811870100785,0.5675,1.279875831604004,0.14953271028037382,0.01791713325867861,0.017,0.020833333333333332,
134,fedavg,0,4,4,False,False,0.3891377379619261,0.437,2.5477889251708983,0.8364485981308412,0.4322508398656215,0.4585,0.7291666666666666,
134,fedavg,0,4,5,False,False,0.6578947368421053,0.64,1.0680214614868164,0.49065420560747663,0.09518477043673013,0.1245,0.14583333333333334,
134,fedavg,0,4,6,False,False,0.5856662933930571,0.5925,1.1603068237304688,0.6495327102803738,0.6774916013437849,0.669,0.6770833333333334,
134,fedavg,0,4,7,False,False,0.4300111982082867,0.3955,2.802089569091797,0.10747663551401869,0.008958566629339306,0.008,0.010416666666666666,
134,fedavg,0,4,8,False,False,0.6187010078387458,0.5955,1.171797706604004,0.40186915887850466,0.18980963045912655,0.1995,0.17708333333333334,
134,fedavg,0,4,9,False,False,0.5638297872340425,0.554,1.4807495880126953,0.4719626168224299,0.16517357222844345,0.171,0.23958333333333334,
134,fedavg,0,4,33,True,False,0.5470324748040314,0.563,1.3546350860595704,0.6962616822429907,0.9568868980963046,0.9495,0.7916666666666666,
134,fedavg,0,4,54,True,False,0.5979843225083987,0.5625,1.3785555419921875,0.26635514018691586,0.9815229563269877,0.9645,0.90625,
134,fedavg,0,4,56,True,False,0.4249720044792833,0.4755,1.653583282470703,0.897196261682243,0.9725643896976484,0.969,0.9583333333333334,
134,fedavg,0,4,98,True,False,0.43169092945128784,0.446,1.601300537109375,0.5654205607476636,0.9944008958566629,0.9825,0.9895833333333334,
136,fedavg,0,4,0,False,False,0.5957446808510638,0.559,1.6927883911132813,0.2523364485981308,0.027435610302351622,0.033,0.020833333333333332,
136,fedavg,0,4,1,False,False,0.528555431131019,0.559,1.3255255584716796,0.8130841121495327,0.36954087346024633,0.4055,0.3645833333333333,
136,fedavg,0,4,2,False,False,0.43896976483762595,0.4865,1.6139638671875,0.883177570093458,0.641097424412094,0.6585,0.6875,
136,fedavg,0,4,3,False,False,0.47032474804031354,0.43,2.110295150756836,0.09345794392523364,0.007838745800671893,0.0075,0.010416666666666666,
136,fedavg,0,4,4,False,False,0.3891377379619261,0.437,2.5477889251708983,0.8364485981308412,0.40425531914893614,0.4325,0.65625,
136,fedavg,0,4,5,False,False,0.2021276595744681,0.1935,5.553288452148437,0.12149532710280374,0.0,0.0005,0.0,
136,fedavg,0,4,6,False,False,0.5856662933930571,0.5925,1.1603068237304688,0.6495327102803738,0.7189249720044792,0.7075,0.6354166666666666,
136,fedavg,0,4,7,False,True,0.35666293393057114,0.3505,3.23917529296875,0.29906542056074764,0.07502799552071669,0.1005,0.08333333333333333,
136,fedavg,0,4,8,False,False,0.6187010078387458,0.5955,1.171797706604004,0.40186915887850466,0.20660694288913775,0.2155,0.16666666666666666,
136,fedavg,0,4,9,False,False,0.5638297872340425,0.554,1.4807495880126953,0.4719626168224299,0.20492721164613661,0.214,0.23958333333333334,
136,fedavg,0,4,33,True,True,0.5901455767077268,0.611,1.1510399017333985,0.7850467289719626,0.9826427771556551,0.9805,0.8645833333333334,
136,fedavg,0,4,54,True,False,0.5979843225083987,0.5625,1.3785555419921875,0.26635514018691586,0.9932810750279956,0.9895,0.9583333333333334,
136,fedavg,0,4,56,True,False,0.4249720044792833,0.4755,1.653583282470703,0.897196261682243,0.9804031354983203,0.9795,0.9895833333333334,
136,fedavg,0,4,98,True,True,0.5184770436730124,0.538,1.4169859313964843,0.7009345794392523,0.9899216125419933,0.987,1.0,
138,fedavg,0,4,0,False,False,0.5587905935050392,0.5235,1.6775458984375,0.22897196261682243,0.07278835386338185,0.076,0.0625,
138,fedavg,0,4,1,False,False,0.528555431131019,0.559,1.3255255584716796,0.8130841121495327,0.36898096304591266,0.4055,0.3645833333333333,
138,fedavg,0,4,2,False,False,0.43896976483762595,0.4865,1.6139638671875,0.883177570093458,0.6388577827547592,0.6565,0.6666666666666666,
138,fedavg,0,4,3,False,False,0.47032474804031354,0.43,2.110295150756836,0.09345794392523364,0.008958566629339306,0.0085,0.010416666666666666,
138,fedavg,0,4,4,False,False,0.3891377379619261,0.437,2.5477889251708983,0.8364485981308412,0.3997760358342665,0.4285,0.65625,
138,fedavg,0,4,5,False,False,0.2021276595744681,0.1935,5.553288452148437,0.12149532710280374,0.0,0.0005,0.0,
138,fedavg,0,4,6,False,False,0.5856662933930571,0.5925,1.1603068237304688,0.6495327102803738,0.7183650615901456,0.7065,0.6354166666666666,
138,fedavg,0,4,7,False,False,0.35666293393057114,0.3505,3.23917529296875,0.29906542056074764,0.07334826427771557,0.099,0.11458333333333333,
138,fedavg,0,4,8,False,False,0.6187010078387458,0.5955,1.171797706604004,0.40186915887850466,0.20660694288913775,0.216,0.16666666666666666,
138,fedavg,0,4,9,False,False,0.5638297872340425,0.554,1.4807495880126953,0.4719626168224299,0.2026875699888018,0.212,0.22916666666666666,
138,fedavg,0,4,33,True,False,0.5901455767077268,0.611,1.1510399017333985,0.7850467289719626,0.9826427771556551,0.9805,0.8854166666666666,
138,fedavg,0,4,54,True,False,0.5979843225083987,0.5625,1.3785555419921875,0.26635514018691586,0.9932810750279956,0.9905,0.9479166666666666,
138,fedavg,0,4,56,True,True,0.4820828667413214,0.5175,1.5943367156982422,0.8130841121495327,0.9680851063829787,0.9715,0.9791666666666666,
138,fedavg,0,4,98,True,False,0.5867861142217246,0.6135,1.1170717849731446,0.8364485981308412,0.9988801791713325,0.999,1.0,
140,fedavg,0,4,0,False,False,0.5587905935050392,0.5235,1.6775458984375,0.22897196261682243,0.07278835386338185,0.076,0.052083333333333336,
140,fedavg,0,4,1,False,False,0.528555431131019,0.559,1.3255255584716796,0.8130841121495327,0.36786114221724525,0.4045,0.3541666666666667,
140,fedavg,0,4,2,False,False,0.43896976483762595,0.4865,1.6139638671875,0.883177570093458,0.6388577827547592,0.6565,0.6354166666666666,
140,fedavg,0,4,3,False,True,0.3913773796192609,0.3565,2.7095842590332033,0.06542056074766354,0.2961926091825308,0.28,0.3020833333333333,
140,fedavg,0,4,4,False,False,0.6506159014557671,0.644,1.052822654724121,0.5887850467289719,0.44400895856662936,0.4505,0.7291666666666666,
140,fedavg,0,4,5,False,False,0.2021276595744681,0.1935,5.553288452148437,0.12149532710280374,0.0,0.0005,0.0,
140,fedavg,0,4,6,False,False,0.5856662933930571,0.5925,1.1603068237304688,0.6495327102803738,0.7183650615901456,0.7075,0.6666666666666666,
140,fedavg,0,4,7,False,False,0.35666293393057114,0.3505,3.23917529296875,0.29906542056074764,0.07446808510638298,0.1,0.10416666666666667,
140,fedavg,0,4,8,False,True,0.6159014557670772,0.6015,1.2526521987915038,0.48130841121495327,0.18085106382978725,0.209,0.16666666666666666,
140,fedavg,0,4,9,False,False,0.5638297872340425,0.554,1.4807495880126953,0.4719626168224299,0.20212765957446807,0.2115,0.25,
140,fedavg,0,4,33,True,False,0.5901455767077268,0.611,1.1510399017333985,0.7850467289719626,0.9826427771556551,0.9805,0.8854166666666666,
140,fedavg,0,4,54,True,False,0.5979843225083987,0.5625,1.3785555419921875,0.26635514018691586,0.9932810750279956,0.9905,0.9791666666666666,
140,fedavg,0,4,56,True,False,0.5369540873460246,0.563,1.4015435333251953,0.780373831775701,0.9232922732362822,0.925,0.8645833333333334,
140,fedavg,0,4,98,True,False,0.5867861142217246,0.6125,1.1186995468139649,0.8271028037383178,0.9988801791713325,0.999,1.0,
142,fedavg,0,4,0,False,False,0.5587905935050392,0.5235,1.6775458984375,0.22897196261682243,0.07334826427771557,0.0765,0.0625,
142,fedavg,0,4,1,False,False,0.528555431131019,0.559,1.3255255584716796,0.8130841121495327,0.36786114221724525,0.4045,0.34375,
142,fedavg,0,4,2,False,False,0.43896976483762595,0.4865,1.6139638671875,0.883177570093458,0.6394176931690929,0.657,0.65625,
142,fedavg,0,4,3,False,True,0.5,0.463,2.016241546630859,0.1542056074766355,0.10806270996640538,0.1065,0.13541666666666666,
142,fedavg,0,4,4,False,False,0.6506159014557671,0.644,1.052822654724121,0.5887850467289719,0.44512877939529677,0.4515,0.6979166666666666,
142,fedavg,0,4,5,False,True,0.3437849944008958,0.311,3.3416578979492186,0.037383177570093455,0.006718924972004479,0.0065,0.010416666666666666,
142,fedavg,0,4,6,False,False,0.5856662933930571,0.5925,1.1603068237304688,0.6495327102803738,0.7183650615901456,0.7075,0.65625,
142,fedavg,0,4,7,False,False,0.35666293393057114,0.3505,3.23917529296875,0.29906542056074764,0.07446808510638298,0.0995,0.09375,
142,fedavg,0,4,8,False,False,0.6159014557670772,0.6015,1.2526521987915038,0.48130841121495327,0.18141097424412095,0.2095,0.16666666666666666,
142,fedavg,0,4,9,False,False,0.5638297872340425,0.554,1.4807495880126953,0.4719626168224299,0.2032474804031355,0.2125,0.23958333333333334,
142,fedavg,0,4,33,True,False,0.5901455767077268,0.611,1.1510399017333985,0.7850467289719626,0.9826427771556551,0.9805,0.8645833333333334,
142,fedavg,0,4,54,True,False,0.5979843225083987,0.5625,1.3785555419921875,0.26635514018691586,0.9932810750279956,0.99,0.9791666666666666,
142,fedavg,0,4,56,True,False,0.5369540873460246,0.563,1.4015435333251953,0.780373831775701,0.9227323628219485,0.9245,0.9375,
142,fedavg,0,4,98,True,False,0.5834266517357223,0.6105,1.1247569427490234,0.8364485981308412,0.9988801791713325,0.999,1.0,
144,fedavg,0,4,0,False,False,0.5587905935050392,0.5235,1.6775458984375,0.22897196261682243,0.07334826427771557,0.0765,0.0625,
144,fedavg,0,4,1,False,False,0.528555431131019,0.559,1.3255255584716796,0.8130841121495327,0.3684210526315789,0.405,0.3854166666666667,
144,fedavg,0,4,2,False,False,0.43896976483762595,0.4865,1.6139638671875,0.883177570093458,0.6399776035834267,0.6575,0.6666666666666666,
144,fedavg,0,4,3,False,False,0.5,0.463,2.016241546630859,0.1542056074766355,0.10862262038073908,0.107,0.15625,
144,fedavg,0,4,4,False,False,0.6506159014557671,0.644,1.052822654724121,0.5887850467289719,0.44512877939529677,0.4515,0.7083333333333334,
144,fedavg,0,4,5,False,False,0.39249720044792835,0.376,2.9811827392578123,0.2383177570093458,0.027435610302351622,0.03,0.010416666666666666,
144,fedavg,0,4,6,False,False,0.5856662933930571,0.5925,1.1603068237304688,0.6495327102803738,0.7183650615901456,0.7075,0.6458333333333334,
144,fedavg,0,4,7,False,False,0.35666293393057114,0.3505,3.23917529296875,0.29906542056074764,0.07446808510638298,0.0995,0.10416666666666667,
144,fedavg,0,4,8,False,False,0.6159014557670772,0.6015,1.2526521987915038,0.48130841121495327,0.18141097424412095,0.2095,0.13541666666666666,
144,fedavg,0,4,9,False,False,0.5638297872340425,0.554,1.4807495880126953,0.4719626168224299,0.2032474804031355,0.2125,0.25,
144,fedavg,0,4,33,True,False,0.5901455767077268,0.611,1.1510399017333985,0.7850467289719626,0.9826427771556551,0.9805,0.84375,
144,fedavg,0,4,54,True,False,0.5979843225083987,0.5625,1.3785555419921875,0.26635514018691586,0.9932810750279956,0.99,0.96875,
144,fedavg,0,4,56,True,False,0.5369540873460246,0.563,1.4015435333251953,0.780373831775701,0.9227323628219485,0.9245,0.9479166666666666,
144,fedavg,0,4,98,True,False,0.5856662933930571,0.612,1.1197320938110351,0.8317757009345794,0.9988801791713325,0.999,1.0,
146,fedavg,0,4,0,False,False,0.5587905935050392,0.5235,1.6775458984375,0.22897196261682243,0.07278835386338185,0.076,0.0625,
146,fedavg,0,4,1,False,False,0.528555431131019,0.559,1.3255255584716796,0.8130841121495327,0.36898096304591266,0.4055,0.3333333333333333,
146,fedavg,0,4,2,False,True,0.522956326987682,0.5455,1.5943514404296875,0.7336448598130841,0.38353863381858905,0.4035,0.4583333333333333,
146,fedavg,0,4,3,False,False,0.5,0.463,2.016241546630859,0.1542056074766355,0.10974244120940649,0.108,0.15625,
146,fedavg,0,4,4,False,False,0.6506159014557671,0.644,1.052822654724121,0.5887850467289719,0.44456886898096304,0.451,0.78125,
146,fedavg,0,4,5,False,False,0.39249720044792835,0.376,2.9811827392578123,0.2383177570093458,0.02631578947368421,0.029,0.010416666666666666,
146,fedavg,0,4,6,False,False,0.5123180291153415,0.487,1.42736767578125,0.2757009345794392,0.13101903695408734,0.121,0.052083333333333336,
146,fedavg,0,4,7,False,False,0.35666293393057114,0.3505,3.23917529296875,0.29906542056074764,0.07334826427771557,0.0985,0.041666666666666664,
146,fedavg,0,4,8,False,True,0.6293393057110862,0.6135,1.2015197448730468,0.48130841121495327,0.24188129899216126,0.266,0.25,
146,fedavg,0,4,9,False,False,0.5638297872340425,0.554,1.4807495880126953,0.4719626168224299,0.2032474804031355,0.2125,0.22916666666666666,
146,fedavg,0,4,33,True,False,0.5901455767077268,0.611,1.1510399017333985,0.7850467289719626,0.9826427771556551,0.9805,0.96875,
146,fedavg,0,4,54,True,False,0.5979843225083987,0.5625,1.3785555419921875,0.26635514018691586,0.9932810750279956,0.99,1.0,
146,fedavg,0,4,56,True,False,0.5369540873460246,0.563,1.4015435333251953,0.780373831775701,0.9238521836506159,0.9255,0.96875,
146,fedavg,0,4,98,True,True,0.5929451287793953,0.554,1.3512446746826172,0.22897196261682243,0.921612541993281,0.894,1.0,
148,fedavg,0,4,0,False,False,0.5587905935050392,0.5235,1.6775458984375,0.22897196261682243,0.07334826427771557,0.0765,0.0625,
148,fedavg,0,4,1,False,False,0.528555431131019,0.559,1.3255255584716796,0.8130841121495327,0.36898096304591266,0.4055,0.3645833333333333,
148,fedavg,0,4,2,False,False,0.4176931690929452,0.448,2.042927505493164,0.7009345794392523,0.21836506159014557,0.243,0.2604166666666667,
148,fedavg,0,4,3,False,False,0.5,0.463,2.016241546630859,0.1542056074766355,0.10918253079507279,0.1075,0.15625,
148,fedavg,0,4,4,False,False,0.6506159014557671,0.644,1.052822654724121,0.5887850467289719,0.44400895856662936,0.4505,0.78125,
148,fedavg,0,4,5,False,False,0.39249720044792835,0.376,2.9811827392578123,0.2383177570093458,0.026875699888017916,0.0295,0.010416666666666666,
148,fedavg,0,4,6,False,False,0.5123180291153415,0.487,1.42736767578125,0.2757009345794392,0.13101903695408734,0.1205,0.041666666666666664,
148,fedavg,0,4,7,False,False,0.35666293393057114,0.3505,3.23917529296875,0.29906542056074764,0.07334826427771557,0.0985,0.052083333333333336,
148,fedavg,0,4,8,False,False,0.6293393057110862,0.6135,1.2015197448730468,0.48130841121495327,0.24132138857782756,0.2655,0.25,
148,fedavg,0,4,9,False,False,0.5638297872340425,0.554,1.4807495880126953,0.4719626168224299,0.2026875699888018,0.212,0.23958333333333334,
148,fedavg,0,4,33,True,False,0.5901455767077268,0.611,1.1510399017333985,0.7850467289719626,0.9826427771556551,0.9805,0.96875,
148,fedavg,0,4,54,True,False,0.5979843225083987,0.5625,1.3785555419921875,0.26635514018691586,0.9932810750279956,0.9905,1.0,
148,fedavg,0,4,56,True,False,0.5369540873460246,0.563,1.4015435333251953,0.780373831775701,0.9238521836506159,0.9255,0.9583333333333334,
148,fedavg,0,4,98,True,False,0.5923852183650615,0.56,1.2888221588134765,0.2897196261682243,0.9932810750279956,0.9855,1.0,
150,fedavg,0,4,0,False,False,0.5587905935050392,0.5235,1.6775458984375,0.22897196261682243,0.07334826427771557,0.076,0.07291666666666667,
150,fedavg,0,4,1,False,False,0.528555431131019,0.559,1.3255255584716796,0.8130841121495327,0.37010078387458006,0.407,0.3541666666666667,
150,fedavg,0,4,2,False,False,0.5862262038073909,0.5385,1.5109838256835937,0.14018691588785046,0.20996640537513997,0.199,0.3020833333333333,
150,fedavg,0,4,3,False,False,0.5,0.463,2.016241546630859,0.1542056074766355,0.1103023516237402,0.1085,0.14583333333333334,
150,fedavg,0,4,4,False,False,0.6506159014557671,0.644,1.052822654724121,0.5887850467289719,0.44344904815229563,0.45,0.78125,
150,fedavg,0,4,5,False,False,0.39249720044792835,0.376,2.9811827392578123,0.2383177570093458,0.026875699888017916,0.0295,0.010416666666666666,
150,fedavg,0,4,6,False,False,0.5123180291153415,0.487,1.42736767578125,0.2757009345794392,0.13101903695408734,0.1205,0.041666666666666664,
150,fedavg,0,4,7,False,False,0.35666293393057114,0.3505,3.23917529296875,0.29906542056074764,0.07334826427771557,0.0985,0.03125,
150,fedavg,0,4,8,False,False,0.6293393057110862,0.6135,1.2015197448730468,0.48130841121495327,0.24132138857782756,0.266,0.2708333333333333,
150,fedavg,0,4,9,False,False,0.5638297872340425,0.554,1.4807495880126953,0.4719626168224299,0.2026875699888018,0.212,0.17708333333333334,
150,fedavg,0,4,33,True,False,0.5901455767077268,0.611,1.1510399017333985,0.7850467289719626,0.9832026875699889,0.981,0.9895833333333334,
150,fedavg,0,4,54,True,False,0.5979843225083987,0.5625,1.3785555419921875,0.26635514018691586,0.9932810750279956,0.9905,1.0,
150,fedavg,0,4,56,True,True,0.42889137737961924,0.486,1.792224609375,0.9626168224299065,0.9921612541993281,0.9925,1.0,
150,fedavg,0,4,98,True,False,0.5873460246360582,0.554,1.3037915344238282,0.2757009345794392,0.9938409854423292,0.9855,1.0,
