round,defense,seed,bad_client_num,client_id,is_malicious,participated_this_round,acc,mta,clean_loss,acc_target_class,asr_targeted,asr_unfiltered,asr_paper,asr_paper_frozen
2,fedavg,0,4,0,False,False,0.11310190369540873,0.101,2.303148483276367,0.0,0.0,0.0,0.0,
2,fedavg,0,4,1,False,False,0.003919372900335949,0.101,2.302078918457031,0.9112149532710281,0.9384098544232923,0.89,0.9583333333333334,
2,fedavg,0,4,2,False,False,0.11310190369540873,0.101,2.3029470672607424,0.0,0.0,0.0,0.0,
2,fedavg,0,4,3,False,False,0.0,0.107,2.3027999572753908,1.0,1.0,1.0,1.0,
2,fedavg,0,4,4,False,False,0.1243001119820829,0.1115,2.302261276245117,0.004672897196261682,0.055991041433370664,0.05,0.020833333333333332,
2,fedavg,0,4,5,False,True,0.20156774916013442,0.18,2.9339884643554686,0.0,0.0,0.0,0.0,
2,fedavg,0,4,6,False,False,0.11310190369540873,0.101,2.3035677795410154,0.0,0.0,0.0,0.0,
2,fedavg,0,4,7,False,False,0.11534154535274355,0.103,2.303795593261719,0.0,0.0,0.0,0.0,
2,fedavg,0,4,8,False,False,0.11758118701007836,0.105,2.3022007598876955,0.0,0.0,0.0,0.0,
2,fedavg,0,4,9,False,False,0.09966405375139975,0.089,2.3027066345214844,0.0,0.0,0.0,0.0,
2,fedavg,0,4,33,True,False,0.0,0.107,2.3029324340820314,1.0,1.0,1.0,1.0,
2,fedavg,0,4,54,True,False,0.11310190369540873,0.101,2.303069854736328,0.0,0.0,0.0,0.0,
2,fedavg,0,4,56,True,False,0.04255319148936165,0.1325,2.3021236724853518,0.883177570093458,0.6864501679731243,0.6515,0.7291666666666666,
2,fedavg,0,4,98,True,False,0.17469204927211646,0.2385,2.7815748901367185,0.7710280373831776,0.4932810750279955,0.5195,0.0625,
4,fedavg,0,4,0,False,False,0.11310190369540873,0.101,2.303148483276367,0.0,0.0,0.0,0.0,
4,fedavg,0,4,1,False,False,0.003919372900335949,0.101,2.302078918457031,0.9112149532710281,0.948488241881299,0.9045,0.9479166666666666,
4,fedavg,0,4,2,False,False,0.11310190369540873,0.101,2.3029470672607424,0.0,0.0,0.0,0.0,
4,fedavg,0,4,3,False,False,0.0,0.107,2.3027999572753908,1.0,1.0,1.0,1.0,
4,fedavg,0,4,4,False,False,0.1243001119820829,0.1115,2.302261276245117,0.004672897196261682,0.06326987681970885,0.0565,0.03125,
4,fedavg,0,4,5,False,False,0.1970884658454647,0.177,3.5500479736328123,0.009345794392523364,0.004479283314669653,0.0045,0.0,
4,fedavg,0,4,6,False,False,0.11310190369540873,0.101,2.3035677795410154,0.0,0.0,0.0,0.0,
4,fedavg,0,4,7,False,True,0.30739081746920494,0.2805,2.5842420654296876,0.056074766355140186,0.002799552071668533,0.004,0.0,
4,fedavg,0,4,8,False,False,0.11758118701007836,0.105,2.3022007598876955,0.0,0.0,0.0,0.0,
4,fedavg,0,4,9,False,False,0.09966405375139975,0.089,2.3027066345214844,0.0,0.0,0.0,0.0,
4,fedavg,0,4,33,True,False,0.0,0.107,2.3029324340820314,1.0,1.0,1.0,1.0,
4,fedavg,0,4,54,True,True,0.23124300111982088,0.2065,4.791751770019531,0.0,0.3639417693169093,0.325,0.53125,
4,fedavg,0,4,56,True,False,0.04255319148936165,0.1325,2.3021236724853518,0.883177570093458,0.6842105263157895,0.652,0.71875,
4,fedavg,0,4,98,True,False,0.1550951847704367,0.1895,2.8022694091796874,0.4766355140186916,0.1366181410974244,0.1615,0.052083333333333336,
6,fedavg,0,4,0,False,True,0.35106382978723405,0.3245,2.8402080383300783,0.102803738317757,0.005039193729003359,0.0065,0.0,
6,fedavg,0,4,1,False,False,0.003919372900335949,0.101,2.302078918457031,0.9112149532710281,0.9546472564389697,0.9185,0.9583333333333334,
6,fedavg,0,4,2,False,True,0.251959686450168,0.2765,2.806422119140625,0.48130841121495327,0.12206047032474804,0.1265,0.125,
6,fedavg,0,4,3,False,False,0.0,0.107,2.3027999572753908,1.0,1.0,1.0,1.0,
6,fedavg,0,4,4,False,False,0.1243001119820829,0.1115,2.302261276245117,0.004672897196261682,0.07838745800671892,0.07,0.03125,
6,fedavg,0,4,5,False,False,0.1970884658454647,0.177,3.5500479736328123,0.009345794392523364,0.0022396416573348264,0.0025,0.0,
6,fedavg,0,4,6,False,True,0.31466965285554316,0.297,2.7991582641601562,0.14953271028037382,0.06326987681970885,0.0575,0.010416666666666666,
6,fedavg,0,4,7,False,False,0.30739081746920494,0.2805,2.5842420654296876,0.056074766355140186,0.002799552071668533,0.004,0.0,
6,fedavg,0,4,8,False,False,0.11758118701007836,0.105,2.3022007598876955,0.0,0.0,0.0,0.0,
6,fedavg,0,4,9,False,True,0.37234042553191493,0.335,2.5748045043945313,0.02336448598130841,0.0011198208286674132,0.0015,0.0,
6,fedavg,0,4,33,True,False,0.0,0.107,2.3029324340820314,1.0,1.0,1.0,1.0,
6,fedavg,0,4,54,True,False,0.23124300111982088,0.2065,4.791751770019531,0.0,0.19036954087346025,0.17,0.19791666666666666,
6,fedavg,0,4,56,True,True,0.17805151175811873,0.2385,4.157989044189453,0.7429906542056075,0.5145576707726763,0.5305,0.65625,
6,fedavg,0,4,98,True,True,0.22116461366181406,0.208,3.4387620239257815,0.09813084112149532,0.7026875699888018,0.633,0.9583333333333334,
8,fedavg,0,4,0,False,False,0.35106382978723405,0.3245,2.8402080383300783,0.102803738317757,0.007838745800671893,0.009,0.0,
8,fedavg,0,4,1,False,False,0.003919372900335949,0.101,2.302078918457031,0.9112149532710281,0.9524076147816349,0.9145,0.96875,
8,fedavg,0,4,2,False,False,0.251959686450168,0.2765,2.806422119140625,0.48130841121495327,0.13045912653975364,0.137,0.15625,
8,fedavg,0,4,3,False,False,0.3062709966405375,0.2735,3.290442443847656,0.0,0.0,0.0,0.0,
8,fedavg,0,4,4,False,False,0.1243001119820829,0.1115,2.302261276245117,0.004672897196261682,0.060470324748040316,0.054,0.020833333333333332,
8,fedavg,0,4,5,False,False,0.1970884658454647,0.177,3.5500479736328123,0.009345794392523364,0.0033594624860022394,0.0035,0.0,
8,fedavg,0,4,6,False,False,0.31466965285554316,0.297,2.7991582641601562,0.14953271028037382,0.06662933930571109,0.061,0.010416666666666666,
8,fedavg,0,4,7,False,False,0.30739081746920494,0.2805,2.5842420654296876,0.056074766355140186,0.0022396416573348264,0.0035,0.0,
8,fedavg,0,4,8,False,False,0.11758118701007836,0.105,2.3022007598876955,0.0,0.0,0.0,0.0,
8,fedavg,0,4,9,False,False,0.37234042553191493,0.335,2.5748045043945313,0.02336448598130841,0.0016797312430011197,0.0015,0.0,
8,fedavg,0,4,33,True,False,0.0,0.107,2.3029324340820314,1.0,1.0,1.0,1.0,
8,fedavg,0,4,54,True,False,0.2413213885778276,0.258,2.9453381958007814,0.397196261682243,0.9742441209406495,0.928,0.9895833333333334,
8,fedavg,0,4,56,True,False,0.17805151175811873,0.2385,4.157989044189453,0.7429906542056075,0.4854423292273236,0.5015,0.625,
8,fedavg,0,4,98,True,False,0.26483762597984317,0.2795,2.4437641143798827,0.40186915887850466,0.8426651735722285,0.7735,0.9166666666666666,
10,fedavg,0,4,0,False,False,0.35106382978723405,0.3245,2.8402080383300783,0.102803738317757,0.007838745800671893,0.009,0.0,
10,fedavg,0,4,1,False,False,0.003919372900335949,0.101,2.302078918457031,0.9112149532710281,0.9613661814109743,0.9275,0.9583333333333334,
10,fedavg,0,4,2,False,False,0.251959686450168,0.2765,2.806422119140625,0.48130841121495327,0.12989921612541994,0.136,0.16666666666666666,
10,fedavg,0,4,3,False,False,0.3062709966405375,0.2735,3.290442443847656,0.0,0.0,0.0,0.0,
10,fedavg,0,4,4,False,False,0.1243001119820829,0.1115,2.302261276245117,0.004672897196261682,0.05823068309070549,0.052,0.020833333333333332,
10,fedavg,0,4,5,False,True,0.39529675251959684,0.3785,2.281869400024414,0.2383177570093458,0.10358342665173573,0.097,0.07291666666666667,
10,fedavg,0,4,6,False,False,0.31466965285554316,0.297,2.7991582641601562,0.14953271028037382,0.0677491601343785,0.062,0.010416666666666666,
10,fedavg,0,4,7,False,False,0.30739081746920494,0.2805,2.5842420654296876,0.056074766355140186,0.0022396416573348264,0.0035,0.0,
10,fedavg,0,4,8,False,False,0.11758118701007836,0.105,2.3022007598876955,0.0,0.0,0.0,0.0,
10,fedavg,0,4,9,False,False,0.4372900335946248,0.395,2.380991424560547,0.04205607476635514,0.006718924972004479,0.006,0.0,
10,fedavg,0,4,33,True,False,0.3437849944008958,0.3735,1.9426763153076172,0.6214953271028038,0.9490481522956327,0.9065,0.96875,
10,fedavg,0,4,54,True,False,0.2413213885778276,0.258,2.9453381958007814,0.397196261682243,0.9725643896976484,0.923,0.9791666666666666,
10,fedavg,0,4,56,True,False,0.17805151175811873,0.2385,4.157989044189453,0.7429906542056075,0.4776035834266517,0.494,0.625,
10,fedavg,0,4,98,True,False,0.2642777155655095,0.281,2.4578664398193357,0.4205607476635514,0.8303471444568868,0.759,0.9270833333333334,
12,fedavg,0,4,0,False,False,0.35106382978723405,0.3245,2.8402080383300783,0.102803738317757,0.008958566629339306,0.011,0.0,
12,fedavg,0,4,1,False,False,0.003919372900335949,0.101,2.302078918457031,0.9112149532710281,0.9652855543113102,0.933,0.9583333333333334,
12,fedavg,0,4,2,False,True,0.3006718924972005,0.348,2.5346204833984376,0.7429906542056075,0.24748040313549832,0.276,0.2916666666666667,
12,fedavg,0,4,3,False,True,0.3840985442329228,0.343,2.936750244140625,0.0,0.0,0.0,0.0,
12,fedavg,0,4,4,False,False,0.1243001119820829,0.1115,2.302261276245117,0.004672897196261682,0.05263157894736842,0.047,0.020833333333333332,
12,fedavg,0,4,5,False,False,0.37122060470324747,0.352,2.5142015228271486,0.19158878504672897,0.04927211646136618,0.0475,0.020833333333333332,
12,fedavg,0,4,6,False,False,0.31466965285554316,0.297,2.7991582641601562,0.14953271028037382,0.06438969764837627,0.059,0.010416666666666666,
12,fedavg,0,4,7,False,False,0.30739081746920494,0.2805,2.5842420654296876,0.056074766355140186,0.0022396416573348264,0.0035,0.0,
12,fedavg,0,4,8,False,False,0.4473684210526315,0.4205,2.5299400939941408,0.19626168224299065,0.02463605823068309,0.029,0.020833333333333332,
12,fedavg,0,4,9,False,False,0.4372900335946248,0.395,2.380991424560547,0.04205607476635514,0.006718924972004479,0.006,0.0,
12,fedavg,0,4,33,True,False,0.3437849944008958,0.3735,1.9426763153076172,0.6214953271028038,0.9384098544232923,0.891,0.96875,
12,fedavg,0,4,54,True,False,0.32026875699888013,0.3015,2.4507851104736327,0.14485981308411214,0.958006718924972,0.902,0.96875,
12,fedavg,0,4,56,True,False,0.17805151175811873,0.2385,4.157989044189453,0.7429906542056075,0.43896976483762595,0.456,0.5625,
12,fedavg,0,4,98,True,False,0.26595744680851063,0.283,2.4611546936035156,0.4252336448598131,0.7889137737961927,0.7175,0.90625,
14,fedavg,0,4,0,False,False,0.35106382978723405,0.3245,2.8402080383300783,0.102803738317757,0.008958566629339306,0.011,0.0,
14,fedavg,0,4,1,False,False,0.003919372900335949,0.101,2.302078918457031,0.9112149532710281,0.9652855543113102,0.933,0.96875,
14,fedavg,0,4,2,False,False,0.3006718924972005,0.348,2.5346204833984376,0.7429906542056075,0.24748040313549832,0.276,0.2916666666666667,
14,fedavg,0,4,3,False,False,0.3840985442329228,0.343,2.936750244140625,0.0,0.0,0.0,0.0,
14,fedavg,0,4,4,False,False,0.1243001119820829,0.1115,2.302261276245117,0.004672897196261682,0.05319148936170213,0.0475,0.010416666666666666,
14,fedavg,0,4,5,False,False,0.37122060470324747,0.352,2.5142015228271486,0.19158878504672897,0.04927211646136618,0.0475,0.020833333333333332,
14,fedavg,0,4,6,False,False,0.31466965285554316,0.297,2.7991582641601562,0.14953271028037382,0.06438969764837627,0.059,0.010416666666666666,
14,fedavg,0,4,7,False,False,0.30739081746920494,0.2805,2.5842420654296876,0.056074766355140186,0.0022396416573348264,0.0035,0.0,
14,fedavg,0,4,8,False,False,0.4473684210526315,0.4205,2.5299400939941408,0.19626168224299065,0.02463605823068309,0.029,0.020833333333333332,
14,fedavg,0,4,9,False,False,0.4372900335946248,0.395,2.380991424560547,0.04205607476635514,0.006718924972004479,0.006,0.0,
14,fedavg,0,4,33,True,False,0.3437849944008958,0.3735,1.9426763153076172,0.6214953271028038,0.9384098544232923,0.891,0.96875,
14,fedavg,0,4,54,True,False,0.32026875699888013,0.3015,2.4507851104736327,0.14485981308411214,0.958006718924972,0.902,0.96875,
14,fedavg,0,4,56,True,False,0.17805151175811873,0.2385,4.157989044189453,0.7429906542056075,0.43896976483762595,0.456,0.5729166666666666,
14,fedavg,0,4,98,True,False,0.26763717805151177,0.2815,2.4523942413330078,0.397196261682243,0.7877939529675252,0.716,0.9166666666666666,
16,fedavg,0,4,0,False,False,0.35106382978723405,0.3245,2.8402080383300783,0.102803738317757,0.007278835386338186,0.0085,0.0,
16,fedavg,0,4,1,False,False,0.003919372900335949,0.101,2.302078918457031,0.9112149532710281,0.9507278835386338,0.909,0.9583333333333334,
16,fedavg,0,4,2,False,True,0.3286674132138858,0.3785,2.301960144042969,0.794392523364486,0.2877939529675252,0.3105,0.34375,
16,fedavg,0,4,3,False,True,0.3936170212765957,0.3515,2.8014932250976563,0.0,0.0016797312430011197,0.0015,0.010416666666666666,
16,fedavg,0,4,4,False,False,0.1243001119820829,0.1115,2.302261276245117,0.004672897196261682,0.055431131019036954,0.0495,0.020833333333333332,
16,fedavg,0,4,5,False,False,0.37122060470324747,0.352,2.5142015228271486,0.19158878504672897,0.04983202687569989,0.048,0.03125,
16,fedavg,0,4,6,False,False,0.31466965285554316,0.297,2.7991582641601562,0.14953271028037382,0.06326987681970885,0.0585,0.010416666666666666,
16,fedavg,0,4,7,False,False,0.30739081746920494,0.2805,2.5842420654296876,0.056074766355140186,0.002799552071668533,0.004,0.0,
16,fedavg,0,4,8,False,False,0.4473684210526315,0.4205,2.5299400939941408,0.19626168224299065,0.022396416573348264,0.0265,0.010416666666666666,
16,fedavg,0,4,9,False,False,0.4372900335946248,0.395,2.380991424560547,0.04205607476635514,0.006718924972004479,0.006,0.0,
16,fedavg,0,4,33,True,True,0.2978723404255319,0.343,2.3471708221435548,0.719626168224299,0.9988801791713325,0.9935,1.0,
16,fedavg,0,4,54,True,False,0.32026875699888013,0.3015,2.4507851104736327,0.14485981308411214,0.9120940649496081,0.839,0.9270833333333334,
16,fedavg,0,4,56,True,True,0.2905935050391937,0.3535,2.6255243530273438,0.8785046728971962,0.9882418812989922,0.9795,1.0,
16,fedavg,0,4,98,True,False,0.26595744680851063,0.2815,2.4620700073242188,0.411214953271028,0.793952967525196,0.7225,0.9270833333333334,
18,fedavg,0,4,0,False,False,0.35106382978723405,0.3245,2.8402080383300783,0.102803738317757,0.007278835386338186,0.0085,0.0,
18,fedavg,0,4,1,False,False,0.003919372900335949,0.101,2.302078918457031,0.9112149532710281,0.9624860022396416,0.929,0.9583333333333334,
18,fedavg,0,4,2,False,False,0.3365061590145577,0.3855,2.2852012786865235,0.794392523364486,0.3191489361702128,0.3385,0.5208333333333334,
18,fedavg,0,4,3,False,False,0.3936170212765957,0.3515,2.8014932250976563,0.0,0.0016797312430011197,0.0015,0.010416666666666666,
18,fedavg,0,4,4,False,False,0.1243001119820829,0.1115,2.302261276245117,0.004672897196261682,0.054871220604703244,0.049,0.020833333333333332,
18,fedavg,0,4,5,False,False,0.37122060470324747,0.352,2.5142015228271486,0.19158878504672897,0.04983202687569989,0.048,0.010416666666666666,
18,fedavg,0,4,6,False,False,0.40817469204927215,0.3875,2.1613165283203126,0.21495327102803738,0.3090705487122061,0.281,0.20833333333333334,
18,fedavg,0,4,7,False,False,0.30739081746920494,0.2805,2.5842420654296876,0.056074766355140186,0.0022396416573348264,0.0035,0.0,
18,fedavg,0,4,8,False,False,0.4473684210526315,0.4205,2.5299400939941408,0.19626168224299065,0.022396416573348264,0.027,0.03125,
18,fedavg,0,4,9,False,False,0.4372900335946248,0.395,2.380991424560547,0.04205607476635514,0.007278835386338186,0.0065,0.0,
18,fedavg,0,4,33,True,False,0.39249720044792835,0.3925,2.0054635162353516,0.3925233644859813,0.9988801791713325,0.978,0.9791666666666666,
18,fedavg,0,4,54,True,False,0.32026875699888013,0.3015,2.4507851104736327,0.14485981308411214,0.9204927211646137,0.8465,0.78125,
18,fedavg,0,4,56,True,False,0.2905935050391937,0.3535,2.6255243530273438,0.8785046728971962,0.9876819708846585,0.9785,0.9791666666666666,
18,fedavg,0,4,98,True,False,0.28163493840985443,0.295,2.533322448730469,0.40654205607476634,0.990481522956327,0.979,1.0,
20,fedavg,0,4,0,False,False,0.35106382978723405,0.3245,2.8402080383300783,0.102803738317757,0.007278835386338186,0.0085,0.0,
20,fedavg,0,4,1,False,False,0.003919372900335949,0.101,2.302078918457031,0.9112149532710281,0.961926091825308,0.928,0.96875,
20,fedavg,0,4,2,False,False,0.3555431131019037,0.4045,2.2711532440185547,0.8130841121495327,0.3818589025755879,0.4085,0.5208333333333334,
20,fedavg,0,4,3,False,False,0.3936170212765957,0.3515,2.8014932250976563,0.0,0.0016797312430011197,0.0015,0.010416666666666666,
20,fedavg,0,4,4,False,False,0.1243001119820829,0.1115,2.302261276245117,0.004672897196261682,0.055991041433370664,0.05,0.020833333333333332,
20,fedavg,0,4,5,False,False,0.37122060470324747,0.352,2.5142015228271486,0.19158878504672897,0.048712206047032476,0.0465,0.03125,
20,fedavg,0,4,6,False,False,0.40817469204927215,0.3875,2.1613165283203126,0.21495327102803738,0.3079507278835386,0.279,0.19791666666666666,
20,fedavg,0,4,7,False,False,0.30739081746920494,0.2805,2.5842420654296876,0.056074766355140186,0.0022396416573348264,0.0035,0.0,
20,fedavg,0,4,8,False,False,0.4473684210526315,0.4205,2.5299400939941408,0.19626168224299065,0.022396416573348264,0.0265,0.03125,
20,fedavg,0,4,9,False,False,0.4372900335946248,0.395,2.380991424560547,0.04205607476635514,0.006718924972004479,0.006,0.0,
20,fedavg,0,4,33,True,False,0.39249720044792835,0.3925,2.0054635162353516,0.3925233644859813,0.9988801791713325,0.979,0.9895833333333334,
20,fedavg,0,4,54,True,False,0.32026875699888013,0.3015,2.4507851104736327,0.14485981308411214,0.9204927211646137,0.8465,0.90625,
20,fedavg,0,4,56,True,True,0.2670772676371781,0.337,2.6784697265625,0.9205607476635514,0.9972004479283315,0.9965,1.0,
20,fedavg,0,4,98,True,False,0.2558790593505039,0.29,2.730105285644531,0.5747663551401869,1.0,0.9885,1.0,
22,fedavg,0,4,0,False,False,0.35106382978723405,0.3245,2.8402080383300783,0.102803738317757,0.007278835386338186,0.0085,0.0,
22,fedavg,0,4,1,False,True,0.44960806270996645,0.427,2.053139129638672,0.2383177570093458,0.18980963045912655,0.1835,0.17708333333333334,
22,fedavg,0,4,2,False,False,0.3555431131019037,0.4045,2.2711532440185547,0.8130841121495327,0.3818589025755879,0.4085,0.5208333333333334,
22,fedavg,0,4,3,False,False,0.3936170212765957,0.3515,2.8014932250976563,0.0,0.0016797312430011197,0.0015,0.010416666666666666,
22,fedavg,0,4,4,False,False,0.1243001119820829,0.1115,2.302261276245117,0.004672897196261682,0.05655095184770437,0.0505,0.020833333333333332,
22,fedavg,0,4,5,False,False,0.37122060470324747,0.352,2.5142015228271486,0.19158878504672897,0.048712206047032476,0.0465,0.020833333333333332,
22,fedavg,0,4,6,False,False,0.40817469204927215,0.3875,2.1613165283203126,0.21495327102803738,0.30851063829787234,0.28,0.23958333333333334,
22,fedavg,0,4,7,False,True,0.5431131019036954,0.5025,1.7441656188964845,0.16355140186915887,0.24468085106382978,0.225,0.28125,
22,fedavg,0,4,8,False,True,0.5061590145576708,0.484,2.0351907501220703,0.29906542056074764,0.24132138857782756,0.243,0.2708333333333333,
22,fedavg,0,4,9,False,False,0.4372900335946248,0.395,2.380991424560547,0.04205607476635514,0.006159014557670772,0.0055,0.0,
22,fedavg,0,4,33,True,False,0.40537513997760355,0.433,1.8862366638183594,0.6635514018691588,0.9988801791713325,0.993,1.0,
22,fedavg,0,4,54,True,False,0.32026875699888013,0.3015,2.4507851104736327,0.14485981308411214,0.9193729003359462,0.8455,0.8854166666666666,
22,fedavg,0,4,56,True,False,0.2670772676371781,0.337,2.6784697265625,0.9205607476635514,0.9972004479283315,0.9965,1.0,
22,fedavg,0,4,98,True,False,0.31690929451287797,0.3465,2.5662712707519533,0.5934579439252337,0.9988801791713325,0.989,1.0,
24,fedavg,0,4,0,False,False,0.35106382978723405,0.3245,2.8402080383300783,0.102803738317757,0.006718924972004479,0.008,0.0,
24,fedavg,0,4,1,False,False,0.44960806270996645,0.427,2.053139129638672,0.2383177570093458,0.19204927211646136,0.1855,0.16666666666666666,
24,fedavg,0,4,2,False,False,0.3555431131019037,0.4045,2.2711532440185547,0.8130841121495327,0.38353863381858905,0.409,0.5520833333333334,
24,fedavg,0,4,3,False,False,0.3936170212765957,0.3515,2.8014932250976563,0.0,0.0011198208286674132,0.001,0.010416666666666666,
24,fedavg,0,4,4,False,False,0.1243001119820829,0.1115,2.302261276245117,0.004672897196261682,0.052071668533034715,0.0465,0.020833333333333332,
24,fedavg,0,4,5,False,False,0.37122060470324747,0.352,2.5142015228271486,0.19158878504672897,0.0509518477043673,0.049,0.020833333333333332,
24,fedavg,0,4,6,False,False,0.40817469204927215,0.3875,2.1613165283203126,0.21495327102803738,0.30851063829787234,0.2795,0.20833333333333334,
24,fedavg,0,4,7,False,False,0.5431131019036954,0.5025,1.7441656188964845,0.16355140186915887,0.24132138857782756,0.222,0.2708333333333333,
24,fedavg,0,4,8,False,False,0.5061590145576708,0.484,2.0351907501220703,0.29906542056074764,0.24132138857782756,0.2425,0.21875,
24,fedavg,0,4,9,False,False,0.4372900335946248,0.395,2.380991424560547,0.04205607476635514,0.006718924972004479,0.006,0.0,
24,fedavg,0,4,33,True,False,0.40537513997760355,0.433,1.8862366638183594,0.6635514018691588,0.9988801791713325,0.992,1.0,
24,fedavg,0,4,54,True,False,0.37122060470324747,0.405,1.940689910888672,0.6869158878504673,1.0,0.998,1.0,
24,fedavg,0,4,56,True,False,0.2670772676371781,0.337,2.6784697265625,0.9205607476635514,0.9966405375139977,0.996,1.0,
24,fedavg,0,4,98,True,False,0.3163493840985442,0.3465,2.5646395568847655,0.5981308411214953,0.9988801791713325,0.989,1.0,
26,fedavg,0,4,0,False,False,0.35106382978723405,0.3245,2.8402080383300783,0.102803738317757,0.007278835386338186,0.0085,0.0,
26,fedavg,0,4,1,False,False,0.44960806270996645,0.427,2.053139129638672,0.2383177570093458,0.1875699888017917,0.182,0.17708333333333334,
26,fedavg,0,4,2,False,False,0.3555431131019037,0.4045,2.2711532440185547,0.8130841121495327,0.37793952967525196,0.4035,0.53125,
26,fedavg,0,4,3,False,False,0.3936170212765957,0.3515,2.8014932250976563,0.0,0.0011198208286674132,0.001,0.010416666666666666,
26,fedavg,0,4,4,False,False,0.1243001119820829,0.1115,2.302261276245117,0.004672897196261682,0.05319148936170213,0.0475,0.020833333333333332,
26,fedavg,0,4,5,False,False,0.37122060470324747,0.352,2.5142015228271486,0.19158878504672897,0.04983202687569989,0.0475,0.03125,
26,fedavg,0,4,6,False,False,0.40817469204927215,0.3875,2.1613165283203126,0.21495327102803738,0.3051511758118701,0.277,0.20833333333333334,
26,fedavg,0,4,7,False,False,0.5431131019036954,0.5025,1.7441656188964845,0.16355140186915887,0.23572228443449048,0.217,0.21875,
26,fedavg,0,4,8,False,True,0.5296752519596865,0.516,1.7628023376464843,0.40186915887850466,0.538073908174692,0.527,0.5520833333333334,
26,fedavg,0,4,9,False,False,0.4372900335946248,0.395,2.380991424560547,0.04205607476635514,0.006718924972004479,0.006,0.0,
26,fedavg,0,4,33,True,False,0.40537513997760355,0.433,1.8862366638183594,0.6635514018691588,0.9988801791713325,0.992,1.0,
26,fedavg,0,4,54,True,False,0.42665173572228443,0.392,2.0615462036132812,0.102803738317757,0.9994400895856663,0.991,1.0,
26,fedavg,0,4,56,True,False,0.2928331466965286,0.3495,2.469737594604492,0.822429906542056,0.9988801791713325,0.9975,0.9895833333333334,
26,fedavg,0,4,98,True,False,0.3163493840985442,0.3465,2.5785303344726564,0.5981308411214953,0.9988801791713325,0.9885,1.0,
28,fedavg,0,4,0,False,False,0.35106382978723405,0.3245,2.8402080383300783,0.102803738317757,0.007278835386338186,0.0085,0.0,
28,fedavg,0,4,1,False,False,0.4501679731243001,0.4325,2.004729263305664,0.2850467289719626,0.3051511758118701,0.2905,0.3645833333333333,
28,fedavg,0,4,2,False,False,0.3555431131019037,0.4045,2.2711532440185547,0.8130841121495327,0.37793952967525196,0.4035,0.53125,
28,fedavg,0,4,3,False,False,0.3936170212765957,0.3515,2.8014932250976563,0.0,0.0011198208286674132,0.001,0.010416666666666666,
28,fedavg,0,4,4,False,False,0.1243001119820829,0.1115,2.302261276245117,0.004672897196261682,0.05319148936170213,0.0475,0.020833333333333332,
28,fedavg,0,4,5,False,False,0.5195968645016797,0.4955,1.8453955688476562,0.29439252336448596,0.29955207166853304,0.2835,0.2916666666666667,
28,fedavg,0,4,6,False,False,0.40817469204927215,0.3875,2.1613165283203126,0.21495327102803738,0.3051511758118701,0.277,0.19791666666666666,
28,fedavg,0,4,7,False,False,0.5431131019036954,0.5025,1.7441656188964845,0.16355140186915887,0.23572228443449048,0.217,0.28125,
28,fedavg,0,4,8,False,False,0.5296752519596865,0.516,1.7628023376464843,0.40186915887850466,0.538073908174692,0.527,0.5833333333333334,
28,fedavg,0,4,9,False,False,0.4372900335946248,0.395,2.380991424560547,0.04205607476635514,0.006718924972004479,0.006,0.0,
28,fedavg,0,4,33,True,False,0.40537513997760355,0.433,1.8862366638183594,0.6635514018691588,0.9988801791713325,0.992,1.0,
28,fedavg,0,4,54,True,False,0.42665173572228443,0.392,2.0615462036132812,0.102803738317757,0.9994400895856663,0.991,1.0,
28,fedavg,0,4,56,True,False,0.2928331466965286,0.3495,2.469737594604492,0.822429906542056,0.9988801791713325,0.9975,0.9895833333333334,
28,fedavg,0,4,98,True,False,0.31746920492721165,0.347,2.5797511596679685,0.5934579439252337,0.9988801791713325,0.9885,1.0,
30,fedavg,0,4,0,False,False,0.35106382978723405,0.3245,2.8402080383300783,0.102803738317757,0.007278835386338186,0.0085,0.0,
30,fedavg,0,4,1,False,False,0.49104143337066064,0.47,1.905280975341797,0.29439252336448596,0.1791713325867861,0.173,0.17708333333333334,
30,fedavg,0,4,2,False,False,0.3555431131019037,0.4045,2.2711532440185547,0.8130841121495327,0.37737961926091823,0.403,0.5208333333333334,
30,fedavg,0,4,3,False,False,0.486562150055991,0.437,2.2530395965576173,0.02336448598130841,0.08230683090705487,0.074,0.15625,
30,fedavg,0,4,4,False,False,0.1243001119820829,0.1115,2.302261276245117,0.004672897196261682,0.05431131019036954,0.0485,0.020833333333333332,
30,fedavg,0,4,5,False,False,0.5195968645016797,0.4955,1.8453955688476562,0.29439252336448596,0.29955207166853304,0.2835,0.28125,
30,fedavg,0,4,6,False,False,0.40817469204927215,0.3875,2.1613165283203126,0.21495327102803738,0.3051511758118701,0.277,0.20833333333333334,
30,fedavg,0,4,7,False,False,0.5431131019036954,0.5025,1.7441656188964845,0.16355140186915887,0.23460246360582307,0.216,0.2708333333333333,
30,fedavg,0,4,8,False,False,0.5296752519596865,0.516,1.7628023376464843,0.40186915887850466,0.5369540873460247,0.526,0.53125,
30,fedavg,0,4,9,False,False,0.4372900335946248,0.395,2.380991424560547,0.04205607476635514,0.006718924972004479,0.006,0.0,
30,fedavg,0,4,33,True,False,0.40537513997760355,0.433,1.8862366638183594,0.6635514018691588,0.9988801791713325,0.992,0.9895833333333334,
30,fedavg,0,4,54,True,False,0.45744680851063835,0.4325,2.007088653564453,0.22429906542056074,0.9977603583426652,0.9915,1.0,
30,fedavg,0,4,56,True,False,0.2928331466965286,0.3495,2.469737594604492,0.822429906542056,0.9983202687569989,0.997,0.9895833333333334,
30,fedavg,0,4,98,True,False,0.3180291153415453,0.348,2.5738777465820313,0.5981308411214953,0.9983202687569989,0.986,1.0,
32,fedavg,0,4,0,False,False,0.35106382978723405,0.3245,2.8402080383300783,0.102803738317757,0.007278835386338186,0.0085,0.0,
32,fedavg,0,4,1,False,False,0.49104143337066064,0.47,1.905280975341797,0.29439252336448596,0.1769316909294513,0.171,0.1875,
32,fedavg,0,4,2,False,False,0.3555431131019037,0.4045,2.2711532440185547,0.8130841121495327,0.37737961926091823,0.4025,0.5833333333333334,
32,fedavg,0,4,3,False,False,0.486562150055991,0.437,2.2530395965576173,0.02336448598130841,0.08230683090705487,0.074,0.17708333333333334,
32,fedavg,0,4,4,False,False,0.1243001119820829,0.1115,2.302261276245117,0.004672897196261682,0.05655095184770437,0.0505,0.020833333333333332,
32,fedavg,0,4,5,False,False,0.5195968645016797,0.4955,1.8453955688476562,0.29439252336448596,0.2978723404255319,0.282,0.2708333333333333,
32,fedavg,0,4,6,False,True,0.4949608062709966,0.4715,1.7574184265136719,0.2757009345794392,0.5828667413213886,0.531,0.4479166666666667,
32,fedavg,0,4,7,False,False,0.5431131019036954,0.5025,1.7441656188964845,0.16355140186915887,0.23460246360582307,0.216,0.23958333333333334,
32,fedavg,0,4,8,False,False,0.5296752519596865,0.516,1.7628023376464843,0.40186915887850466,0.5347144456886898,0.524,0.4479166666666667,
32,fedavg,0,4,9,False,False,0.4372900335946248,0.395,2.380991424560547,0.04205607476635514,0.006718924972004479,0.006,0.0,
32,fedavg,0,4,33,True,False,0.40537513997760355,0.433,1.8862366638183594,0.6635514018691588,0.9988801791713325,0.992,1.0,
32,fedavg,0,4,54,True,True,0.5223964165733483,0.48,1.6539148559570314,0.1261682242990654,1.0,0.9945,1.0,
32,fedavg,0,4,56,True,False,0.2928331466965286,0.3495,2.469737594604492,0.822429906542056,0.9983202687569989,0.997,0.9895833333333334,
32,fedavg,0,4,98,True,False,0.41601343784994405,0.3995,2.069185287475586,0.2616822429906542,0.996080627099664,0.986,1.0,
34,fedavg,0,4,0,False,False,0.35106382978723405,0.3245,2.8402080383300783,0.102803738317757,0.007278835386338186,0.0085,0.0,
34,fedavg,0,4,1,False,False,0.49104143337066064,0.47,1.905280975341797,0.29439252336448596,0.1769316909294513,0.171,0.21875,
34,fedavg,0,4,2,False,False,0.4378499440089586,0.478,1.8415456237792969,0.8130841121495327,0.5347144456886898,0.5495,0.6979166666666666,
34,fedavg,0,4,3,False,False,0.486562150055991,0.437,2.2530395965576173,0.02336448598130841,0.08230683090705487,0.074,0.19791666666666666,
34,fedavg,0,4,4,False,False,0.1243001119820829,0.1115,2.302261276245117,0.004672897196261682,0.05655095184770437,0.0505,0.020833333333333332,
34,fedavg,0,4,5,False,True,0.5464725643896977,0.5185,1.6967310333251953,0.2850467289719626,0.23236282194848823,0.215,0.19791666666666666,
34,fedavg,0,4,6,False,False,0.4949608062709966,0.4715,1.7574184265136719,0.2757009345794392,0.5828667413213886,0.531,0.5208333333333334,
34,fedavg,0,4,7,False,False,0.5431131019036954,0.5025,1.7441656188964845,0.16355140186915887,0.23460246360582307,0.216,0.2604166666666667,
34,fedavg,0,4,8,False,False,0.5296752519596865,0.516,1.7628023376464843,0.40186915887850466,0.5347144456886898,0.524,0.4583333333333333,
34,fedavg,0,4,9,False,False,0.4372900335946248,0.395,2.380991424560547,0.04205607476635514,0.006718924972004479,0.006,0.0,
34,fedavg,0,4,33,True,False,0.40537513997760355,0.433,1.8862366638183594,0.6635514018691588,0.9988801791713325,0.992,1.0,
34,fedavg,0,4,54,True,False,0.5223964165733483,0.48,1.6539148559570314,0.1261682242990654,1.0,0.9945,1.0,
34,fedavg,0,4,56,True,False,0.2928331466965286,0.3495,2.469737594604492,0.822429906542056,0.9983202687569989,0.997,0.9895833333333334,
34,fedavg,0,4,98,True,False,0.3673012318029115,0.359,2.3474036560058593,0.2897196261682243,0.9988801791713325,0.994,1.0,
36,fedavg,0,4,0,False,False,0.5319148936170213,0.506,2.0109420318603517,0.2897196261682243,0.29395296752519595,0.279,0.3541666666666667,
36,fedavg,0,4,1,False,False,0.49104143337066064,0.47,1.905280975341797,0.29439252336448596,0.17413213885778275,0.1675,0.25,
36,fedavg,0,4,2,False,False,0.4378499440089586,0.478,1.8415456237792969,0.8130841121495327,0.5279955207166853,0.543,0.6979166666666666,
36,fedavg,0,4,3,False,False,0.486562150055991,0.437,2.2530395965576173,0.02336448598130841,0.08118701007838745,0.073,0.17708333333333334,
36,fedavg,0,4,4,False,False,0.1243001119820829,0.1115,2.302261276245117,0.004672897196261682,0.05655095184770437,0.0505,0.020833333333333332,
36,fedavg,0,4,5,False,False,0.5464725643896977,0.5185,1.6967310333251953,0.2850467289719626,0.23068309070548712,0.2135,0.2708333333333333,
36,fedavg,0,4,6,False,False,0.4949608062709966,0.4715,1.7574184265136719,0.2757009345794392,0.5694288913773796,0.5185,0.4791666666666667,
36,fedavg,0,4,7,False,False,0.5431131019036954,0.5025,1.7441656188964845,0.16355140186915887,0.23292273236282196,0.2145,0.3125,
36,fedavg,0,4,8,False,False,0.5296752519596865,0.516,1.7628023376464843,0.40186915887850466,0.5279955207166853,0.5175,0.46875,
36,fedavg,0,4,9,False,False,0.4372900335946248,0.395,2.380991424560547,0.04205607476635514,0.006718924972004479,0.006,0.0,
36,fedavg,0,4,33,True,False,0.40537513997760355,0.433,1.8862366638183594,0.6635514018691588,0.9988801791713325,0.9915,1.0,
36,fedavg,0,4,54,True,False,0.5223964165733483,0.48,1.6539148559570314,0.1261682242990654,0.9994400895856663,0.994,1.0,
36,fedavg,0,4,56,True,False,0.2928331466965286,0.3495,2.469737594604492,0.822429906542056,0.9977603583426652,0.9965,0.9895833333333334,
36,fedavg,0,4,98,True,True,0.42553191489361697,0.419,1.9424309997558593,0.3644859813084112,0.9966405375139977,0.99,1.0,
38,fedavg,0,4,0,False,False,0.5319148936170213,0.506,2.0109420318603517,0.2897196261682243,0.29395296752519595,0.279,0.3541666666666667,
38,fedavg,0,4,1,False,False,0.49104143337066064,0.47,1.905280975341797,0.29439252336448596,0.17413213885778275,0.1675,0.23958333333333334,
38,fedavg,0,4,2,False,False,0.4378499440089586,0.478,1.8415456237792969,0.8130841121495327,0.5279955207166853,0.543,0.6770833333333334,
38,fedavg,0,4,3,False,False,0.486562150055991,0.437,2.2530395965576173,0.02336448598130841,0.08118701007838745,0.073,0.16666666666666666,
38,fedavg,0,4,4,False,False,0.1243001119820829,0.1115,2.302261276245117,0.004672897196261682,0.05655095184770437,0.0505,0.020833333333333332,
38,fedavg,0,4,5,False,False,0.5464725643896977,0.5185,1.6967310333251953,0.2850467289719626,0.23068309070548712,0.2135,0.21875,
38,fedavg,0,4,6,False,False,0.4949608062709966,0.4715,1.7574184265136719,0.2757009345794392,0.5694288913773796,0.5185,0.4791666666666667,
38,fedavg,0,4,7,False,False,0.5431131019036954,0.5025,1.7441656188964845,0.16355140186915887,0.23348264277715566,0.215,0.2916666666666667,
38,fedavg,0,4,8,False,False,0.5296752519596865,0.516,1.7628023376464843,0.40186915887850466,0.5279955207166853,0.5175,0.5208333333333334,
38,fedavg,0,4,9,False,False,0.4372900335946248,0.395,2.380991424560547,0.04205607476635514,0.006718924972004479,0.006,0.0,
38,fedavg,0,4,33,True,False,0.40537513997760355,0.433,1.8862366638183594,0.6635514018691588,0.9988801791713325,0.9915,1.0,
38,fedavg,0,4,54,True,False,0.5223964165733483,0.48,1.6539148559570314,0.1261682242990654,0.9994400895856663,0.994,1.0,
38,fedavg,0,4,56,True,False,0.2928331466965286,0.3495,2.469737594604492,0.822429906542056,0.9977603583426652,0.9965,0.9895833333333334,
38,fedavg,0,4,98,True,False,0.38745800671892494,0.39,2.172828323364258,0.411214953271028,0.9988801791713325,0.9955,1.0,
40,fedavg,0,4,0,False,False,0.5509518477043673,0.5205,1.7756216583251954,0.26635514018691586,0.41881298992161253,0.3925,0.5,
40,fedavg,0,4,1,False,False,0.49104143337066064,0.47,1.905280975341797,0.29439252336448596,0.17413213885778275,0.1675,0.1875,
40,fedavg,0,4,2,False,False,0.4378499440089586,0.478,1.8415456237792969,0.8130841121495327,0.5279955207166853,0.543,0.6041666666666666,
40,fedavg,0,4,3,False,False,0.5027995520716686,0.4525,2.281285888671875,0.03271028037383177,0.2116461366181411,0.189,0.34375,
40,fedavg,0,4,4,False,True,0.5089585666293392,0.5465,1.6420564575195313,0.8598130841121495,0.5100783874580067,0.5205,0.78125,
40,fedavg,0,4,5,False,False,0.5464725643896977,0.5185,1.6967310333251953,0.2850467289719626,0.23068309070548712,0.2135,0.22916666666666666,
40,fedavg,0,4,6,False,False,0.4949608062709966,0.4715,1.7574184265136719,0.2757009345794392,0.568868980963046,0.518,0.5,
40,fedavg,0,4,7,False,True,0.6198208286674132,0.5845,1.4007730560302734,0.2897196261682243,0.2894736842105263,0.2725,0.3541666666666667,
40,fedavg,0,4,8,False,False,0.5767077267637177,0.558,1.613674789428711,0.40186915887850466,0.5520716685330347,0.5385,0.4166666666666667,
40,fedavg,0,4,9,False,False,0.4372900335946248,0.395,2.380991424560547,0.04205607476635514,0.006718924972004479,0.006,0.0,
40,fedavg,0,4,33,True,False,0.40537513997760355,0.433,1.8862366638183594,0.6635514018691588,0.9988801791713325,0.9915,0.9791666666666666,
40,fedavg,0,4,54,True,False,0.5223964165733483,0.48,1.6539148559570314,0.1261682242990654,0.9994400895856663,0.994,1.0,
40,fedavg,0,4,56,True,True,0.406494960806271,0.454,2.127410842895508,0.8504672897196262,0.9994400895856663,0.998,1.0,
40,fedavg,0,4,98,True,False,0.3857782754759238,0.3875,2.3691035461425782,0.40186915887850466,0.9988801791713325,0.995,1.0,
42,fedavg,0,4,0,False,False,0.5526315789473684,0.525,1.823855239868164,0.29439252336448596,0.4479283314669653,0.415,0.4270833333333333,
42,fedavg,0,4,1,False,False,0.49104143337066064,0.47,1.905280975341797,0.29439252336448596,0.17413213885778275,0.1675,0.20833333333333334,
42,fedavg,0,4,2,False,False,0.4378499440089586,0.478,1.8415456237792969,0.8130841121495327,0.5279955207166853,0.543,0.59375,
42,fedavg,0,4,3,False,False,0.5027995520716686,0.4525,2.281285888671875,0.03271028037383177,0.21500559910414332,0.192,0.28125,
42,fedavg,0,4,4,False,False,0.5089585666293392,0.5465,1.6420564575195313,0.8598130841121495,0.5106382978723404,0.521,0.7708333333333334,
42,fedavg,0,4,5,False,False,0.5464725643896977,0.5185,1.6967310333251953,0.2850467289719626,0.23068309070548712,0.2135,0.22916666666666666,
42,fedavg,0,4,6,False,False,0.4949608062709966,0.4715,1.7574184265136719,0.2757009345794392,0.5711086226203808,0.52,0.4583333333333333,
42,fedavg,0,4,7,False,False,0.6198208286674132,0.5845,1.4007730560302734,0.2897196261682243,0.29227323628219487,0.2755,0.3645833333333333,
42,fedavg,0,4,8,False,False,0.5767077267637177,0.558,1.613674789428711,0.40186915887850466,0.5520716685330347,0.539,0.46875,
42,fedavg,0,4,9,False,False,0.4372900335946248,0.395,2.380991424560547,0.04205607476635514,0.006718924972004479,0.006,0.0,
42,fedavg,0,4,33,True,False,0.40537513997760355,0.433,1.8862366638183594,0.6635514018691588,0.9988801791713325,0.9915,0.9895833333333334,
42,fedavg,0,4,54,True,False,0.43449048152295633,0.426,1.9506678009033203,0.35514018691588783,1.0,0.9975,1.0,
42,fedavg,0,4,56,True,False,0.406494960806271,0.454,2.127410842895508,0.8504672897196262,0.9994400895856663,0.998,1.0,
42,fedavg,0,4,98,True,False,0.3840985442329228,0.3865,2.3808300323486327,0.40654205607476634,0.9988801791713325,0.995,1.0,
44,fedavg,0,4,0,False,False,0.5526315789473684,0.525,1.823855239868164,0.29439252336448596,0.4462486002239642,0.4135,0.4270833333333333,
44,fedavg,0,4,1,False,False,0.49104143337066064,0.47,1.905280975341797,0.29439252336448596,0.17357222844344905,0.167,0.23958333333333334,
44,fedavg,0,4,2,False,False,0.4378499440089586,0.478,1.8415456237792969,0.8130841121495327,0.5279955207166853,0.543,0.65625,
44,fedavg,0,4,3,False,False,0.5027995520716686,0.4525,2.281285888671875,0.03271028037383177,0.21556550951847706,0.1925,0.3229166666666667,
44,fedavg,0,4,4,False,False,0.5089585666293392,0.5465,1.6420564575195313,0.8598130841121495,0.5106382978723404,0.521,0.78125,
44,fedavg,0,4,5,False,False,0.5464725643896977,0.5185,1.6967310333251953,0.2850467289719626,0.23124300111982082,0.214,0.20833333333333334,
44,fedavg,0,4,6,False,False,0.4949608062709966,0.4715,1.7574184265136719,0.2757009345794392,0.5716685330347144,0.5205,0.46875,
44,fedavg,0,4,7,False,False,0.6293393057110862,0.593,1.3676606903076172,0.2897196261682243,0.44400895856662936,0.4185,0.4166666666666667,
44,fedavg,0,4,8,False,True,0.5951847704367301,0.5755,1.6525289001464845,0.411214953271028,0.6517357222844344,0.638,0.5416666666666666,
44,fedavg,0,4,9,False,False,0.4372900335946248,0.395,2.380991424560547,0.04205607476635514,0.006718924972004479,0.006,0.0,
44,fedavg,0,4,33,True,False,0.40537513997760355,0.433,1.8862366638183594,0.6635514018691588,0.9988801791713325,0.992,0.9895833333333334,
44,fedavg,0,4,54,True,False,0.40761478163493836,0.3825,2.234855712890625,0.17289719626168223,0.9994400895856663,0.9945,1.0,
44,fedavg,0,4,56,True,False,0.406494960806271,0.454,2.127410842895508,0.8504672897196262,0.9994400895856663,0.998,1.0,
44,fedavg,0,4,98,True,False,0.38185890257558786,0.385,2.3760572204589843,0.411214953271028,0.9994400895856663,0.9955,1.0,
46,fedavg,0,4,0,False,False,0.5526315789473684,0.525,1.823855239868164,0.29439252336448596,0.4412094064949608,0.409,0.4270833333333333,
46,fedavg,0,4,1,False,False,0.49104143337066064,0.47,1.905280975341797,0.29439252336448596,0.1685330347144457,0.162,0.21875,
46,fedavg,0,4,2,False,False,0.4378499440089586,0.478,1.8415456237792969,0.8130841121495327,0.5251959686450168,0.5375,0.6354166666666666,
46,fedavg,0,4,3,False,False,0.5027995520716686,0.4525,2.281285888671875,0.03271028037383177,0.2122060470324748,0.19,0.2916666666666667,
46,fedavg,0,4,4,False,True,0.5190369540873461,0.56,1.602521209716797,0.9018691588785047,0.5218365061590146,0.535,0.8125,
46,fedavg,0,4,5,False,False,0.5464725643896977,0.5185,1.6967310333251953,0.2850467289719626,0.22732362821948487,0.2105,0.2604166666666667,
46,fedavg,0,4,6,False,False,0.4949608062709966,0.4715,1.7574184265136719,0.2757009345794392,0.5621500559910414,0.512,0.53125,
46,fedavg,0,4,7,False,False,0.6192609182530795,0.582,1.4265633850097656,0.27102803738317754,0.46024636058230683,0.429,0.5208333333333334,
46,fedavg,0,4,8,False,False,0.5951847704367301,0.5755,1.6525289001464845,0.411214953271028,0.6455767077267637,0.632,0.5104166666666666,
46,fedavg,0,4,9,False,False,0.4372900335946248,0.395,2.380991424560547,0.04205607476635514,0.006159014557670772,0.0055,0.0,
46,fedavg,0,4,33,True,True,0.5162374020156775,0.5035,1.701729507446289,0.397196261682243,1.0,0.9945,1.0,
46,fedavg,0,4,54,True,False,0.40761478163493836,0.3825,2.234855712890625,0.17289719626168223,0.9994400895856663,0.9945,1.0,
46,fedavg,0,4,56,True,False,0.406494960806271,0.454,2.127410842895508,0.8504672897196262,0.9994400895856663,0.997,1.0,
46,fedavg,0,4,98,True,False,0.3829787234042553,0.3855,2.382968719482422,0.40654205607476634,0.9988801791713325,0.995,1.0,
48,fedavg,0,4,0,False,False,0.5526315789473684,0.525,1.823855239868164,0.29439252336448596,0.4412094064949608,0.409,0.4375,
48,fedavg,0,4,1,False,False,0.49104143337066064,0.47,1.905280975341797,0.29439252336448596,0.1685330347144457,0.162,0.19791666666666666,
48,fedavg,0,4,2,False,False,0.4378499440089586,0.478,1.8415456237792969,0.8130841121495327,0.5251959686450168,0.5375,0.6354166666666666,
48,fedavg,0,4,3,False,False,0.5576707726763718,0.504,1.9820338897705079,0.056074766355140186,0.5324748040313549,0.481,0.4583333333333333,
48,fedavg,0,4,4,False,False,0.5190369540873461,0.56,1.602521209716797,0.9018691588785047,0.5218365061590146,0.535,0.8125,
48,fedavg,0,4,5,False,False,0.5464725643896977,0.5185,1.6967310333251953,0.2850467289719626,0.22732362821948487,0.2105,0.21875,
48,fedavg,0,4,6,False,False,0.4949608062709966,0.4715,1.7574184265136719,0.2757009345794392,0.5621500559910414,0.512,0.4895833333333333,
48,fedavg,0,4,7,False,False,0.6192609182530795,0.582,1.4265633850097656,0.27102803738317754,0.46024636058230683,0.429,0.4583333333333333,
48,fedavg,0,4,8,False,False,0.5951847704367301,0.5755,1.6525289001464845,0.411214953271028,0.6455767077267637,0.632,0.5,
48,fedavg,0,4,9,False,False,0.4372900335946248,0.395,2.380991424560547,0.04205607476635514,0.006159014557670772,0.0055,0.0,
48,fedavg,0,4,33,True,False,0.5162374020156775,0.5035,1.701729507446289,0.397196261682243,1.0,0.9945,1.0,
48,fedavg,0,4,54,True,False,0.40761478163493836,0.3825,2.234855712890625,0.17289719626168223,0.9994400895856663,0.9945,1.0,
48,fedavg,0,4,56,True,False,0.406494960806271,0.454,2.127410842895508,0.8504672897196262,0.9994400895856663,0.997,1.0,
48,fedavg,0,4,98,True,False,0.3807390817469205,0.3835,2.386655822753906,0.40654205607476634,0.9988801791713325,0.995,1.0,
50,fedavg,0,4,0,False,False,0.5638297872340425,0.542,1.7386152801513672,0.3598130841121495,0.5139977603583427,0.485,0.5208333333333334,
50,fedavg,0,4,1,False,False,0.49104143337066064,0.47,1.905280975341797,0.29439252336448596,0.1685330347144457,0.162,0.20833333333333334,
50,fedavg,0,4,2,False,False,0.4378499440089586,0.478,1.8415456237792969,0.8130841121495327,0.5251959686450168,0.5375,0.6145833333333334,
50,fedavg,0,4,3,False,False,0.5576707726763718,0.504,1.9820338897705079,0.056074766355140186,0.5324748040313549,0.481,0.5,
50,fedavg,0,4,4,False,True,0.5212765957446808,0.562,1.5256307525634765,0.9018691588785047,0.6198208286674132,0.6295,0.8854166666666666,
50,fedavg,0,4,5,False,False,0.5464725643896977,0.5185,1.6967310333251953,0.2850467289719626,0.22732362821948487,0.2105,0.20833333333333334,
50,fedavg,0,4,6,False,False,0.4949608062709966,0.4715,1.7574184265136719,0.2757009345794392,0.5621500559910414,0.512,0.4791666666666667,
50,fedavg,0,4,7,False,False,0.6192609182530795,0.582,1.4265633850097656,0.27102803738317754,0.46024636058230683,0.429,0.5,
50,fedavg,0,4,8,False,False,0.5951847704367301,0.5755,1.6525289001464845,0.411214953271028,0.6455767077267637,0.632,0.4791666666666667,
50,fedavg,0,4,9,False,False,0.5907054871220605,0.5425,1.7964412078857421,0.14018691588785046,0.25867861142217247,0.2345,0.25,
50,fedavg,0,4,33,True,False,0.5162374020156775,0.5035,1.701729507446289,0.397196261682243,1.0,0.9945,1.0,
50,fedavg,0,4,54,True,False,0.40761478163493836,0.3825,2.234855712890625,0.17289719626168223,0.9994400895856663,0.9945,1.0,
50,fedavg,0,4,56,True,False,0.406494960806271,0.454,2.127410842895508,0.8504672897196262,0.9994400895856663,0.997,1.0,
50,fedavg,0,4,98,True,False,0.3840985442329228,0.387,2.3664505767822264,0.411214953271028,0.9988801791713325,0.995,1.0,
52,fedavg,0,4,0,False,False,0.5638297872340425,0.542,1.7386152801513672,0.3598130841121495,0.5145576707726763,0.4855,0.5625,
52,fedavg,0,4,1,False,False,0.49104143337066064,0.47,1.905280975341797,0.29439252336448596,0.1690929451287794,0.1625,0.17708333333333334,
52,fedavg,0,4,2,False,False,0.4378499440089586,0.478,1.8415456237792969,0.8130841121495327,0.5251959686450168,0.5375,0.6145833333333334,
52,fedavg,0,4,3,False,False,0.5576707726763718,0.504,1.9820338897705079,0.056074766355140186,0.5324748040313549,0.481,0.4583333333333333,
52,fedavg,0,4,4,False,False,0.5212765957446808,0.562,1.5256307525634765,0.9018691588785047,0.6198208286674132,0.6295,0.8541666666666666,
52,fedavg,0,4,5,False,False,0.5464725643896977,0.5185,1.6967310333251953,0.2850467289719626,0.22676371780515117,0.21,0.22916666666666666,
52,fedavg,0,4,6,False,False,0.4949608062709966,0.4715,1.7574184265136719,0.2757009345794392,0.5627099664053752,0.5125,0.4375,
52,fedavg,0,4,7,False,False,0.6192609182530795,0.582,1.4265633850097656,0.27102803738317754,0.46024636058230683,0.4295,0.4583333333333333,
52,fedavg,0,4,8,False,False,0.5951847704367301,0.5755,1.6525289001464845,0.411214953271028,0.6455767077267637,0.632,0.59375,
52,fedavg,0,4,9,False,False,0.5907054871220605,0.5425,1.7964412078857421,0.14018691588785046,0.26035834266517355,0.236,0.20833333333333334,
52,fedavg,0,4,33,True,False,0.5162374020156775,0.5035,1.701729507446289,0.397196261682243,1.0,0.9945,1.0,
52,fedavg,0,4,54,True,False,0.40761478163493836,0.3825,2.234855712890625,0.17289719626168223,0.9994400895856663,0.9945,1.0,
52,fedavg,0,4,56,True,False,0.3421052631578947,0.403,2.7887202453613282,0.9112149532710281,0.9983202687569989,0.9975,1.0,
52,fedavg,0,4,98,True,True,0.42105263157894735,0.418,2.1461315307617186,0.3925233644859813,1.0,0.9965,1.0,
54,fedavg,0,4,0,False,False,0.5638297872340425,0.542,1.7386152801513672,0.3598130841121495,0.5145576707726763,0.4855,0.5104166666666666,
54,fedavg,0,4,1,False,False,0.49104143337066064,0.47,1.905280975341797,0.29439252336448596,0.1690929451287794,0.1625,0.19791666666666666,
54,fedavg,0,4,2,False,False,0.5011198208286674,0.5365,1.6453532409667968,0.8317757009345794,0.5851063829787234,0.5975,0.6875,
54,fedavg,0,4,3,False,False,0.5576707726763718,0.504,1.9820338897705079,0.056074766355140186,0.5324748040313549,0.481,0.5,
54,fedavg,0,4,4,False,False,0.5212765957446808,0.562,1.5256307525634765,0.9018691588785047,0.6198208286674132,0.6295,0.8541666666666666,
54,fedavg,0,4,5,False,True,0.5951847704367301,0.5735,1.5719282684326172,0.3925233644859813,0.36786114221724525,0.342,0.5,
54,fedavg,0,4,6,False,False,0.4949608062709966,0.4715,1.7574184265136719,0.2757009345794392,0.5627099664053752,0.5125,0.4791666666666667,
54,fedavg,0,4,7,False,False,0.6192609182530795,0.582,1.4265633850097656,0.27102803738317754,0.46024636058230683,0.4295,0.4583333333333333,
54,fedavg,0,4,8,False,False,0.5951847704367301,0.5755,1.6525289001464845,0.411214953271028,0.6455767077267637,0.632,0.53125,
54,fedavg,0,4,9,False,False,0.5907054871220605,0.5425,1.7964412078857421,0.14018691588785046,0.26035834266517355,0.236,0.2604166666666667,
54,fedavg,0,4,33,True,False,0.5162374020156775,0.5035,1.701729507446289,0.397196261682243,1.0,0.9945,1.0,
54,fedavg,0,4,54,True,False,0.40761478163493836,0.3825,2.234855712890625,0.17289719626168223,0.9994400895856663,0.9945,1.0,
54,fedavg,0,4,56,True,False,0.3421052631578947,0.403,2.7887202453613282,0.9112149532710281,0.9983202687569989,0.9975,1.0,
54,fedavg,0,4,98,True,False,0.40537513997760355,0.4035,2.2637574768066404,0.3878504672897196,1.0,0.998,1.0,
56,fedavg,0,4,0,False,False,0.5638297872340425,0.542,1.7386152801513672,0.3598130841121495,0.5145576707726763,0.4855,0.5208333333333334,
56,fedavg,0,4,1,False,True,0.5677491601343785,0.5375,1.5925172729492187,0.2850467289719626,0.2866741321388578,0.268,0.3541666666666667,
56,fedavg,0,4,2,False,False,0.5011198208286674,0.5365,1.6453532409667968,0.8317757009345794,0.5851063829787234,0.5975,0.7083333333333334,
56,fedavg,0,4,3,False,False,0.5576707726763718,0.504,1.9820338897705079,0.056074766355140186,0.5324748040313549,0.481,0.5104166666666666,
56,fedavg,0,4,4,False,False,0.4994400895856663,0.542,1.7361343536376954,0.897196261682243,0.6343784994400896,0.64,0.8958333333333334,
56,fedavg,0,4,5,False,False,0.5951847704367301,0.5735,1.5719282684326172,0.3925233644859813,0.36786114221724525,0.342,0.4895833333333333,
56,fedavg,0,4,6,False,False,0.4949608062709966,0.4715,1.7574184265136719,0.2757009345794392,0.5627099664053752,0.5125,0.46875,
56,fedavg,0,4,7,False,False,0.6192609182530795,0.582,1.4265633850097656,0.27102803738317754,0.46024636058230683,0.4295,0.5,
56,fedavg,0,4,8,False,False,0.5951847704367301,0.5755,1.6525289001464845,0.411214953271028,0.6455767077267637,0.632,0.6041666666666666,
56,fedavg,0,4,9,False,False,0.5907054871220605,0.5425,1.7964412078857421,0.14018691588785046,0.26035834266517355,0.236,0.2708333333333333,
56,fedavg,0,4,33,True,False,0.5162374020156775,0.5035,1.701729507446289,0.397196261682243,1.0,0.9945,1.0,
56,fedavg,0,4,54,True,False,0.40761478163493836,0.3825,2.234855712890625,0.17289719626168223,0.9994400895856663,0.9945,1.0,
56,fedavg,0,4,56,True,False,0.3421052631578947,0.403,2.7887202453613282,0.9112149532710281,0.9983202687569989,0.9975,1.0,
56,fedavg,0,4,98,True,False,0.40313549832026874,0.4015,2.271982437133789,0.3878504672897196,1.0,0.998,1.0,
58,fedavg,0,4,0,False,False,0.5638297872340425,0.542,1.7386152801513672,0.3598130841121495,0.5145576707726763,0.4855,0.5520833333333334,
58,fedavg,0,4,1,False,False,0.5677491601343785,0.5375,1.5925172729492187,0.2850467289719626,0.2866741321388578,0.268,0.4166666666666667,
58,fedavg,0,4,2,False,True,0.4977603583426652,0.531,1.752693389892578,0.8084112149532711,0.49272116461366183,0.4945,0.625,
58,fedavg,0,4,3,False,False,0.5576707726763718,0.504,1.9820338897705079,0.056074766355140186,0.5324748040313549,0.481,0.5,
58,fedavg,0,4,4,False,False,0.4994400895856663,0.542,1.7361343536376954,0.897196261682243,0.6343784994400896,0.64,0.8854166666666666,
58,fedavg,0,4,5,False,False,0.5951847704367301,0.5735,1.5719282684326172,0.3925233644859813,0.36786114221724525,0.342,0.46875,
58,fedavg,0,4,6,False,False,0.4949608062709966,0.4715,1.7574184265136719,0.2757009345794392,0.5627099664053752,0.5125,0.4895833333333333,
58,fedavg,0,4,7,False,True,0.648936170212766,0.6255,1.3100519638061523,0.42990654205607476,0.2989921612541993,0.2835,0.3541666666666667,
58,fedavg,0,4,8,False,False,0.5951847704367301,0.5755,1.6525289001464845,0.411214953271028,0.6455767077267637,0.632,0.5520833333333334,
58,fedavg,0,4,9,False,False,0.5907054871220605,0.5425,1.7964412078857421,0.14018691588785046,0.26035834266517355,0.236,0.21875,
58,fedavg,0,4,33,True,False,0.5162374020156775,0.5035,1.701729507446289,0.397196261682243,1.0,0.9945,1.0,
58,fedavg,0,4,54,True,False,0.40761478163493836,0.3825,2.234855712890625,0.17289719626168223,0.9994400895856663,0.9945,1.0,
58,fedavg,0,4,56,True,False,0.3421052631578947,0.403,2.7887202453613282,0.9112149532710281,0.9983202687569989,0.9975,1.0,
58,fedavg,0,4,98,True,False,0.40313549832026874,0.401,2.2790643157958983,0.38317757009345793,1.0,0.998,1.0,
60,fedavg,0,4,0,False,False,0.5638297872340425,0.542,1.7386152801513672,0.3598130841121495,0.5207166853303471,0.491,0.59375,
60,fedavg,0,4,1,False,False,0.5677491601343785,0.5375,1.5925172729492187,0.2850467289719626,0.2877939529675252,0.269,0.3541666666666667,
60,fedavg,0,4,2,False,False,0.4977603583426652,0.531,1.752693389892578,0.8084112149532711,0.49944008958566627,0.5015,0.7291666666666666,
60,fedavg,0,4,3,False,False,0.5576707726763718,0.504,1.9820338897705079,0.056074766355140186,0.5369540873460247,0.485,0.59375,
60,fedavg,0,4,4,False,False,0.4994400895856663,0.542,1.7361343536376954,0.897196261682243,0.6360582306830908,0.6425,0.875,
60,fedavg,0,4,5,False,False,0.5951847704367301,0.5735,1.5719282684326172,0.3925233644859813,0.3723404255319149,0.3465,0.5104166666666666,
60,fedavg,0,4,6,False,False,0.4949608062709966,0.4715,1.7574184265136719,0.2757009345794392,0.5705487122060471,0.5195,0.5208333333333334,
60,fedavg,0,4,7,False,False,0.648936170212766,0.6255,1.3100519638061523,0.42990654205607476,0.2989921612541993,0.2845,0.4270833333333333,
60,fedavg,0,4,8,False,False,0.5951847704367301,0.5755,1.6525289001464845,0.411214953271028,0.6528555431131019,0.6395,0.5833333333333334,
60,fedavg,0,4,9,False,False,0.6237402015677491,0.5775,1.6314499816894532,0.19158878504672897,0.23068309070548712,0.212,0.28125,
60,fedavg,0,4,33,True,False,0.5162374020156775,0.5035,1.701729507446289,0.397196261682243,1.0,0.9945,1.0,
60,fedavg,0,4,54,True,False,0.43505039193729,0.439,2.0336292877197266,0.4719626168224299,1.0,0.9995,1.0,
60,fedavg,0,4,56,True,False,0.3421052631578947,0.403,2.7887202453613282,0.9112149532710281,0.9983202687569989,0.9975,1.0,
60,fedavg,0,4,98,True,False,0.46192609182530797,0.4575,1.8844000396728515,0.4205607476635514,1.0,0.997,1.0,
62,fedavg,0,4,0,False,False,0.5638297872340425,0.542,1.7386152801513672,0.3598130841121495,0.5207166853303471,0.491,0.5833333333333334,
62,fedavg,0,4,1,False,False,0.5677491601343785,0.5375,1.5925172729492187,0.2850467289719626,0.2877939529675252,0.269,0.3541666666666667,
62,fedavg,0,4,2,False,False,0.4977603583426652,0.531,1.752693389892578,0.8084112149532711,0.49944008958566627,0.5015,0.7395833333333334,
62,fedavg,0,4,3,False,False,0.5576707726763718,0.504,1.9820338897705079,0.056074766355140186,0.5369540873460247,0.485,0.6770833333333334,
62,fedavg,0,4,4,False,False,0.5425531914893618,0.5815,1.5246986541748047,0.9065420560747663,0.6382978723404256,0.64,0.875,
62,fedavg,0,4,5,False,False,0.5951847704367301,0.5735,1.5719282684326172,0.3925233644859813,0.3723404255319149,0.3465,0.5416666666666666,
62,fedavg,0,4,6,False,False,0.4949608062709966,0.4715,1.7574184265136719,0.2757009345794392,0.5705487122060471,0.5195,0.5416666666666666,
62,fedavg,0,4,7,False,False,0.648936170212766,0.6255,1.3100519638061523,0.42990654205607476,0.2989921612541993,0.2845,0.4791666666666667,
62,fedavg,0,4,8,False,False,0.5951847704367301,0.5755,1.6525289001464845,0.411214953271028,0.6528555431131019,0.6395,0.7395833333333334,
62,fedavg,0,4,9,False,False,0.6237402015677491,0.5775,1.6314499816894532,0.19158878504672897,0.23068309070548712,0.212,0.28125,
62,fedavg,0,4,33,True,False,0.4899216125419933,0.5035,1.6254386138916015,0.616822429906542,1.0,0.9975,1.0,
62,fedavg,0,4,54,True,False,0.4540873460246361,0.43,2.1123265075683593,0.22897196261682243,1.0,0.9975,1.0,
62,fedavg,0,4,56,True,False,0.3421052631578947,0.403,2.7887202453613282,0.9112149532710281,0.9983202687569989,0.9975,1.0,
62,fedavg,0,4,98,True,False,0.406494960806271,0.399,2.327024932861328,0.3364485981308411,0.9994400895856663,0.996,1.0,
64,fedavg,0,4,0,False,False,0.5638297872340425,0.542,1.7386152801513672,0.3598130841121495,0.5207166853303471,0.491,0.625,
64,fedavg,0,4,1,False,False,0.5677491601343785,0.5375,1.5925172729492187,0.2850467289719626,0.2877939529675252,0.269,0.3645833333333333,
64,fedavg,0,4,2,False,False,0.4977603583426652,0.531,1.752693389892578,0.8084112149532711,0.49944008958566627,0.5015,0.75,
64,fedavg,0,4,3,False,False,0.5576707726763718,0.504,1.9820338897705079,0.056074766355140186,0.5369540873460247,0.485,0.6145833333333334,
64,fedavg,0,4,4,False,False,0.5565509518477043,0.5945,1.4892147369384765,0.9112149532710281,0.8460246360582306,0.833,0.9895833333333334,
64,fedavg,0,4,5,False,False,0.5951847704367301,0.5735,1.5719282684326172,0.3925233644859813,0.3723404255319149,0.3465,0.5416666666666666,
64,fedavg,0,4,6,False,False,0.4949608062709966,0.4715,1.7574184265136719,0.2757009345794392,0.5705487122060471,0.5195,0.5104166666666666,
64,fedavg,0,4,7,False,False,0.648936170212766,0.6255,1.3100519638061523,0.42990654205607476,0.2989921612541993,0.2845,0.3958333333333333,
64,fedavg,0,4,8,False,False,0.5951847704367301,0.5755,1.6525289001464845,0.411214953271028,0.6528555431131019,0.6395,0.6770833333333334,
64,fedavg,0,4,9,False,False,0.6237402015677491,0.5775,1.6314499816894532,0.19158878504672897,0.23068309070548712,0.212,0.3229166666666667,
64,fedavg,0,4,33,True,False,0.4899216125419933,0.5035,1.6254386138916015,0.616822429906542,1.0,0.9975,1.0,
64,fedavg,0,4,54,True,False,0.4540873460246361,0.43,2.1123265075683593,0.22897196261682243,1.0,0.9975,1.0,
64,fedavg,0,4,56,True,False,0.3421052631578947,0.403,2.7887202453613282,0.9112149532710281,0.9983202687569989,0.9975,1.0,
64,fedavg,0,4,98,True,False,0.4048152295632699,0.398,2.339898208618164,0.3411214953271028,0.9994400895856663,0.996,1.0,
66,fedavg,0,4,0,False,False,0.6075027995520716,0.5855,1.5478919219970704,0.40186915887850466,0.503919372900336,0.478,0.53125,
66,fedavg,0,4,1,False,True,0.5688689809630458,0.5475,1.6377538452148437,0.3691588785046729,0.47368421052631576,0.44,0.4479166666666667,
66,fedavg,0,4,2,False,False,0.528555431131019,0.563,1.5788931884765625,0.8504672897196262,0.6802911534154535,0.6825,0.8020833333333334,
66,fedavg,0,4,3,False,False,0.5576707726763718,0.504,1.9820338897705079,0.056074766355140186,0.5369540873460247,0.485,0.6145833333333334,
66,fedavg,0,4,4,False,False,0.561030235162374,0.596,1.492946517944336,0.8878504672897196,0.8225083986562151,0.8155,0.9895833333333334,
66,fedavg,0,4,5,False,False,0.5951847704367301,0.5735,1.5719282684326172,0.3925233644859813,0.3723404255319149,0.3465,0.5625,
66,fedavg,0,4,6,False,False,0.4949608062709966,0.4715,1.7574184265136719,0.2757009345794392,0.5705487122060471,0.5195,0.46875,
66,fedavg,0,4,7,False,False,0.648936170212766,0.6255,1.3100519638061523,0.42990654205607476,0.2989921612541993,0.2845,0.46875,
66,fedavg,0,4,8,False,False,0.5951847704367301,0.5755,1.6525289001464845,0.411214953271028,0.6528555431131019,0.6395,0.7083333333333334,
66,fedavg,0,4,9,False,False,0.6237402015677491,0.5775,1.6314499816894532,0.19158878504672897,0.23068309070548712,0.212,0.3125,
66,fedavg,0,4,33,True,False,0.4899216125419933,0.5035,1.6254386138916015,0.616822429906542,1.0,0.9975,1.0,
66,fedavg,0,4,54,True,False,0.4540873460246361,0.43,2.1123265075683593,0.22897196261682243,1.0,0.9975,1.0,
66,fedavg,0,4,56,True,False,0.3421052631578947,0.403,2.7887202453613282,0.9112149532710281,0.9983202687569989,0.9975,1.0,
66,fedavg,0,4,98,True,False,0.40313549832026874,0.3965,2.341390655517578,0.3411214953271028,0.9994400895856663,0.996,1.0,
68,fedavg,0,4,0,False,False,0.6075027995520716,0.5855,1.5478919219970704,0.40186915887850466,0.503919372900336,0.478,0.53125,
68,fedavg,0,4,1,False,False,0.5688689809630458,0.5475,1.6377538452148437,0.3691588785046729,0.47368421052631576,0.44,0.4895833333333333,
68,fedavg,0,4,2,False,False,0.5347144456886899,0.5655,1.6512766876220704,0.822429906542056,0.5991041433370661,0.5965,0.6770833333333334,
68,fedavg,0,4,3,False,False,0.5509518477043673,0.5065,1.9776585388183594,0.13551401869158877,0.31075027995520715,0.2815,0.28125,
68,fedavg,0,4,4,False,False,0.561030235162374,0.596,1.492946517944336,0.8878504672897196,0.8219484882418813,0.815,0.9895833333333334,
68,fedavg,0,4,5,False,False,0.5940649496080628,0.5735,1.5499123077392578,0.40186915887850466,0.27715565509518475,0.259,0.3541666666666667,
68,fedavg,0,4,6,False,False,0.4949608062709966,0.4715,1.7574184265136719,0.2757009345794392,0.5705487122060471,0.5195,0.5520833333333334,
68,fedavg,0,4,7,False,False,0.648936170212766,0.6255,1.3100519638061523,0.42990654205607476,0.2989921612541993,0.2845,0.3854166666666667,
68,fedavg,0,4,8,False,False,0.5951847704367301,0.5755,1.6525289001464845,0.411214953271028,0.6528555431131019,0.6395,0.5625,
68,fedavg,0,4,9,False,False,0.6237402015677491,0.5775,1.6314499816894532,0.19158878504672897,0.23068309070548712,0.212,0.25,
68,fedavg,0,4,33,True,False,0.4899216125419933,0.5035,1.6254386138916015,0.616822429906542,1.0,0.9975,1.0,
68,fedavg,0,4,54,True,False,0.4540873460246361,0.43,2.1123265075683593,0.22897196261682243,1.0,0.9975,1.0,
68,fedavg,0,4,56,True,False,0.3421052631578947,0.403,2.7887202453613282,0.9112149532710281,0.9983202687569989,0.9975,1.0,
68,fedavg,0,4,98,True,False,0.4171332586786114,0.426,2.064088165283203,0.5,1.0,0.9975,1.0,
70,fedavg,0,4,0,False,False,0.6075027995520716,0.5855,1.5478919219970704,0.40186915887850466,0.5044792833146696,0.4785,0.5104166666666666,
70,fedavg,0,4,1,False,False,0.5688689809630458,0.5475,1.6377538452148437,0.3691588785046729,0.47368421052631576,0.44,0.5104166666666666,
70,fedavg,0,4,2,False,False,0.5347144456886899,0.5655,1.6512766876220704,0.822429906542056,0.5991041433370661,0.5965,0.7395833333333334,
70,fedavg,0,4,3,False,False,0.5509518477043673,0.5065,1.9776585388183594,0.13551401869158877,0.31075027995520715,0.2815,0.2916666666666667,
70,fedavg,0,4,4,False,False,0.561030235162374,0.596,1.492946517944336,0.8878504672897196,0.8219484882418813,0.815,0.9791666666666666,
70,fedavg,0,4,5,False,False,0.5940649496080628,0.5735,1.5499123077392578,0.40186915887850466,0.27715565509518475,0.259,0.3645833333333333,
70,fedavg,0,4,6,False,False,0.4949608062709966,0.4715,1.7574184265136719,0.2757009345794392,0.5705487122060471,0.5195,0.5,
70,fedavg,0,4,7,False,False,0.648936170212766,0.6255,1.3100519638061523,0.42990654205607476,0.2989921612541993,0.2845,0.3333333333333333,
70,fedavg,0,4,8,False,True,0.6293393057110862,0.6185,1.4185041656494142,0.5280373831775701,0.5235162374020157,0.516,0.5,
70,fedavg,0,4,9,False,False,0.6237402015677491,0.5775,1.6314499816894532,0.19158878504672897,0.23012318029115342,0.2115,0.23958333333333334,
70,fedavg,0,4,33,True,False,0.4899216125419933,0.5035,1.6254386138916015,0.616822429906542,1.0,0.9975,1.0,
70,fedavg,0,4,54,True,False,0.4540873460246361,0.43,2.1123265075683593,0.22897196261682243,1.0,0.9975,1.0,
70,fedavg,0,4,56,True,True,0.3919372900335947,0.43,2.333527847290039,0.7476635514018691,0.9994400895856663,0.997,1.0,
70,fedavg,0,4,98,True,False,0.3891377379619261,0.405,2.322090515136719,0.5373831775700935,1.0,0.998,1.0,
72,fedavg,0,4,0,False,False,0.6075027995520716,0.5855,1.5478919219970704,0.40186915887850466,0.5044792833146696,0.4785,0.5625,
72,fedavg,0,4,1,False,False,0.5688689809630458,0.5475,1.6377538452148437,0.3691588785046729,0.47368421052631576,0.44,0.4479166666666667,
72,fedavg,0,4,2,False,False,0.5509518477043673,0.5775,1.5303806610107422,0.7990654205607477,0.7262038073908175,0.7245,0.7916666666666666,
72,fedavg,0,4,3,False,False,0.5509518477043673,0.5065,1.9776585388183594,0.13551401869158877,0.3113101903695409,0.282,0.3333333333333333,
72,fedavg,0,4,4,False,False,0.561030235162374,0.596,1.492946517944336,0.8878504672897196,0.8219484882418813,0.815,1.0,
72,fedavg,0,4,5,False,False,0.5940649496080628,0.5735,1.5499123077392578,0.40186915887850466,0.27715565509518475,0.259,0.375,
72,fedavg,0,4,6,False,False,0.5688689809630458,0.545,1.5123082427978516,0.34579439252336447,0.6578947368421053,0.607,0.5520833333333334,
72,fedavg,0,4,7,False,False,0.648936170212766,0.6255,1.3100519638061523,0.42990654205607476,0.2989921612541993,0.2845,0.3958333333333333,
72,fedavg,0,4,8,False,False,0.6293393057110862,0.6185,1.4185041656494142,0.5280373831775701,0.5235162374020157,0.516,0.5208333333333334,
72,fedavg,0,4,9,False,False,0.6237402015677491,0.5775,1.6314499816894532,0.19158878504672897,0.23068309070548712,0.212,0.23958333333333334,
72,fedavg,0,4,33,True,False,0.4899216125419933,0.5035,1.6254386138916015,0.616822429906542,1.0,0.9975,1.0,
72,fedavg,0,4,54,True,False,0.4540873460246361,0.43,2.1123265075683593,0.22897196261682243,1.0,0.9975,1.0,
72,fedavg,0,4,56,True,True,0.38185890257558786,0.4325,2.465882568359375,0.8551401869158879,1.0,1.0,1.0,
72,fedavg,0,4,98,True,False,0.39025755879059354,0.405,2.3244146575927735,0.5280373831775701,1.0,0.998,1.0,
74,fedavg,0,4,0,False,False,0.6075027995520716,0.5855,1.5478919219970704,0.40186915887850466,0.5044792833146696,0.4785,0.4895833333333333,
74,fedavg,0,4,1,False,True,0.5851063829787234,0.548,1.6330895385742188,0.2383177570093458,0.5873460246360582,0.544,0.6041666666666666,
74,fedavg,0,4,2,False,False,0.5509518477043673,0.5775,1.5303806610107422,0.7990654205607477,0.7262038073908175,0.7245,0.8125,
74,fedavg,0,4,3,False,False,0.5509518477043673,0.5065,1.9776585388183594,0.13551401869158877,0.31075027995520715,0.2815,0.34375,
74,fedavg,0,4,4,False,False,0.561030235162374,0.596,1.492946517944336,0.8878504672897196,0.8219484882418813,0.815,0.9895833333333334,
74,fedavg,0,4,5,False,False,0.5940649496080628,0.5735,1.5499123077392578,0.40186915887850466,0.27715565509518475,0.259,0.3541666666666667,
74,fedavg,0,4,6,False,False,0.5688689809630458,0.545,1.5123082427978516,0.34579439252336447,0.6573348264277715,0.6065,0.5729166666666666,
74,fedavg,0,4,7,False,False,0.648936170212766,0.6255,1.3100519638061523,0.42990654205607476,0.2989921612541993,0.2845,0.3229166666666667,
74,fedavg,0,4,8,False,False,0.635498320268757,0.6205,1.479267105102539,0.4953271028037383,0.7374020156774916,0.7195,0.6458333333333334,
74,fedavg,0,4,9,False,False,0.6282194848824187,0.578,1.5833702697753906,0.1588785046728972,0.5627099664053752,0.514,0.5833333333333334,
74,fedavg,0,4,33,True,False,0.4899216125419933,0.5035,1.6254386138916015,0.616822429906542,1.0,0.9975,1.0,
74,fedavg,0,4,54,True,False,0.4540873460246361,0.43,2.1123265075683593,0.22897196261682243,1.0,0.9975,1.0,
74,fedavg,0,4,56,True,False,0.38185890257558786,0.4325,2.465882568359375,0.8551401869158879,1.0,1.0,1.0,
74,fedavg,0,4,98,True,True,0.4848824188129899,0.4785,1.838313003540039,0.4252336448598131,0.9994400895856663,0.9945,1.0,
76,fedavg,0,4,0,False,False,0.6075027995520716,0.5855,1.5478919219970704,0.40186915887850466,0.5044792833146696,0.4785,0.46875,
76,fedavg,0,4,1,False,False,0.5851063829787234,0.548,1.6330895385742188,0.2383177570093458,0.5873460246360582,0.544,0.6145833333333334,
76,fedavg,0,4,2,False,False,0.5509518477043673,0.5775,1.5303806610107422,0.7990654205607477,0.7262038073908175,0.7245,0.8229166666666666,
76,fedavg,0,4,3,False,False,0.5509518477043673,0.5065,1.9776585388183594,0.13551401869158877,0.31075027995520715,0.2815,0.375,
76,fedavg,0,4,4,False,False,0.561030235162374,0.596,1.492946517944336,0.8878504672897196,0.8219484882418813,0.815,0.9895833333333334,
76,fedavg,0,4,5,False,False,0.5940649496080628,0.5735,1.5499123077392578,0.40186915887850466,0.27715565509518475,0.259,0.3645833333333333,
76,fedavg,0,4,6,False,False,0.5688689809630458,0.545,1.5123082427978516,0.34579439252336447,0.6578947368421053,0.607,0.5520833333333334,
76,fedavg,0,4,7,False,False,0.648936170212766,0.6255,1.3100519638061523,0.42990654205607476,0.2989921612541993,0.2845,0.3645833333333333,
76,fedavg,0,4,8,False,False,0.635498320268757,0.6205,1.479267105102539,0.4953271028037383,0.7374020156774916,0.7195,0.6875,
76,fedavg,0,4,9,False,False,0.6282194848824187,0.578,1.5833702697753906,0.1588785046728972,0.5627099664053752,0.514,0.5729166666666666,
76,fedavg,0,4,33,True,False,0.4899216125419933,0.5035,1.6254386138916015,0.616822429906542,1.0,0.9975,1.0,
76,fedavg,0,4,54,True,False,0.4540873460246361,0.43,2.1123265075683593,0.22897196261682243,1.0,0.9975,1.0,
76,fedavg,0,4,56,True,True,0.3734602463605823,0.4305,2.2498682098388674,0.9065420560747663,1.0,1.0,1.0,
76,fedavg,0,4,98,True,False,0.46248600223964165,0.4615,2.030952880859375,0.4532710280373832,1.0,0.998,1.0,
78,fedavg,0,4,0,False,True,0.5711086226203808,0.5655,1.7617523040771483,0.5186915887850467,0.7295632698768197,0.71,0.7395833333333334,
78,fedavg,0,4,1,False,False,0.5851063829787234,0.548,1.6330895385742188,0.2383177570093458,0.5873460246360582,0.544,0.6458333333333334,
78,fedavg,0,4,2,False,False,0.5509518477043673,0.5775,1.5303806610107422,0.7990654205607477,0.7267637178051511,0.725,0.84375,
78,fedavg,0,4,3,False,False,0.5509518477043673,0.5065,1.9776585388183594,0.13551401869158877,0.31075027995520715,0.2815,0.34375,
78,fedavg,0,4,4,False,False,0.561030235162374,0.596,1.492946517944336,0.8878504672897196,0.8219484882418813,0.815,0.9895833333333334,
78,fedavg,0,4,5,False,False,0.5940649496080628,0.5735,1.5499123077392578,0.40186915887850466,0.27715565509518475,0.259,0.3958333333333333,
78,fedavg,0,4,6,False,False,0.5688689809630458,0.545,1.5123082427978516,0.34579439252336447,0.6578947368421053,0.607,0.6041666666666666,
78,fedavg,0,4,7,False,False,0.648936170212766,0.6255,1.3100519638061523,0.42990654205607476,0.2989921612541993,0.2845,0.2916666666666667,
78,fedavg,0,4,8,False,False,0.635498320268757,0.6205,1.479267105102539,0.4953271028037383,0.7374020156774916,0.7195,0.6458333333333334,
78,fedavg,0,4,9,False,False,0.6282194848824187,0.578,1.5833702697753906,0.1588785046728972,0.5627099664053752,0.514,0.5833333333333334,
78,fedavg,0,4,33,True,False,0.4899216125419933,0.5035,1.6254386138916015,0.616822429906542,1.0,0.9975,1.0,
78,fedavg,0,4,54,True,False,0.5369540873460246,0.498,1.9789138641357422,0.17289719626168223,0.9994400895856663,0.9975,1.0,
78,fedavg,0,4,56,True,False,0.3734602463605823,0.4305,2.2498682098388674,0.9065420560747663,1.0,1.0,1.0,
78,fedavg,0,4,98,True,False,0.46248600223964165,0.459,2.0440814361572266,0.42990654205607476,1.0,0.998,1.0,
80,fedavg,0,4,0,False,False,0.5711086226203808,0.5655,1.7617523040771483,0.5186915887850467,0.7295632698768197,0.71,0.7708333333333334,
80,fedavg,0,4,1,False,False,0.5851063829787234,0.548,1.6330895385742188,0.2383177570093458,0.5873460246360582,0.544,0.6458333333333334,
80,fedavg,0,4,2,False,False,0.5509518477043673,0.5775,1.5303806610107422,0.7990654205607477,0.7267637178051511,0.725,0.8125,
80,fedavg,0,4,3,False,True,0.5755879059350504,0.5305,1.9394143981933594,0.1542056074766355,0.7066069428891377,0.6515,0.7291666666666666,
80,fedavg,0,4,4,False,False,0.561030235162374,0.596,1.492946517944336,0.8878504672897196,0.8225083986562151,0.8155,0.9895833333333334,
80,fedavg,0,4,5,False,False,0.5940649496080628,0.5735,1.5499123077392578,0.40186915887850466,0.27715565509518475,0.259,0.3645833333333333,
80,fedavg,0,4,6,False,False,0.5688689809630458,0.545,1.5123082427978516,0.34579439252336447,0.6578947368421053,0.607,0.625,
80,fedavg,0,4,7,False,False,0.6651735722284434,0.6295,1.3043250961303712,0.3317757009345794,0.6500559910414334,0.6125,0.6041666666666666,
80,fedavg,0,4,8,False,False,0.635498320268757,0.6205,1.479267105102539,0.4953271028037383,0.7374020156774916,0.7195,0.7083333333333334,
80,fedavg,0,4,9,False,False,0.6282194848824187,0.578,1.5833702697753906,0.1588785046728972,0.5627099664053752,0.514,0.53125,
80,fedavg,0,4,33,True,False,0.5179171332586786,0.536,1.520503646850586,0.6869158878504673,1.0,0.999,1.0,
80,fedavg,0,4,54,True,False,0.5369540873460246,0.498,1.9789138641357422,0.17289719626168223,0.9994400895856663,0.9975,1.0,
80,fedavg,0,4,56,True,False,0.3734602463605823,0.4305,2.2498682098388674,0.9065420560747663,1.0,1.0,1.0,
80,fedavg,0,4,98,True,False,0.4658454647256439,0.4615,2.048317123413086,0.4252336448598131,1.0,0.998,1.0,
82,fedavg,0,4,0,False,False,0.5711086226203808,0.5655,1.7617523040771483,0.5186915887850467,0.7295632698768197,0.71,0.7708333333333334,
82,fedavg,0,4,1,False,False,0.5851063829787234,0.548,1.6330895385742188,0.2383177570093458,0.5873460246360582,0.544,0.6354166666666666,
82,fedavg,0,4,2,False,False,0.5509518477043673,0.5775,1.5303806610107422,0.7990654205607477,0.7262038073908175,0.7245,0.8125,
82,fedavg,0,4,3,False,False,0.5755879059350504,0.5305,1.9394143981933594,0.1542056074766355,0.7066069428891377,0.6515,0.6666666666666666,
82,fedavg,0,4,4,False,False,0.561030235162374,0.596,1.492946517944336,0.8878504672897196,0.8225083986562151,0.8155,1.0,
82,fedavg,0,4,5,False,False,0.5940649496080628,0.5735,1.5499123077392578,0.40186915887850466,0.27715565509518475,0.259,0.3958333333333333,
82,fedavg,0,4,6,False,True,0.5772676371780515,0.5535,1.579862060546875,0.35514018691588783,0.7642777155655095,0.703,0.6770833333333334,
82,fedavg,0,4,7,False,False,0.6651735722284434,0.6295,1.3043250961303712,0.3317757009345794,0.6500559910414334,0.6125,0.5416666666666666,
82,fedavg,0,4,8,False,False,0.6483762597984323,0.641,1.3883751068115235,0.5794392523364486,0.7687569988801791,0.7505,0.84375,
82,fedavg,0,4,9,False,False,0.6282194848824187,0.578,1.5833702697753906,0.1588785046728972,0.5627099664053752,0.514,0.5208333333333334,
82,fedavg,0,4,33,True,False,0.5179171332586786,0.536,1.520503646850586,0.6869158878504673,1.0,0.999,1.0,
82,fedavg,0,4,54,True,False,0.5369540873460246,0.498,1.9789138641357422,0.17289719626168223,0.9994400895856663,0.9975,1.0,
82,fedavg,0,4,56,True,False,0.3734602463605823,0.4305,2.2498682098388674,0.9065420560747663,1.0,1.0,1.0,
82,fedavg,0,4,98,True,False,0.46472564389697646,0.4625,2.035061813354492,0.4439252336448598,1.0,0.998,1.0,
84,fedavg,0,4,0,False,False,0.5711086226203808,0.5655,1.7617523040771483,0.5186915887850467,0.7295632698768197,0.71,0.75,
84,fedavg,0,4,1,False,False,0.5851063829787234,0.548,1.6330895385742188,0.2383177570093458,0.5873460246360582,0.544,0.5729166666666666,
84,fedavg,0,4,2,False,False,0.5509518477043673,0.5775,1.5303806610107422,0.7990654205607477,0.7267637178051511,0.725,0.8125,
84,fedavg,0,4,3,False,False,0.5755879059350504,0.5305,1.9394143981933594,0.1542056074766355,0.7066069428891377,0.6515,0.6458333333333334,
84,fedavg,0,4,4,False,False,0.5778275475923852,0.612,1.4730294036865235,0.897196261682243,0.7597984322508399,0.7505,0.96875,
84,fedavg,0,4,5,False,False,0.5940649496080628,0.5735,1.5499123077392578,0.40186915887850466,0.27715565509518475,0.259,0.3958333333333333,
84,fedavg,0,4,6,False,False,0.5772676371780515,0.5535,1.579862060546875,0.35514018691588783,0.7642777155655095,0.703,0.7083333333333334,
84,fedavg,0,4,7,False,False,0.6651735722284434,0.6295,1.3043250961303712,0.3317757009345794,0.6500559910414334,0.6125,0.6041666666666666,
84,fedavg,0,4,8,False,False,0.6483762597984323,0.641,1.3883751068115235,0.5794392523364486,0.7693169092945129,0.751,0.7604166666666666,
84,fedavg,0,4,9,False,False,0.6282194848824187,0.578,1.5833702697753906,0.1588785046728972,0.5627099664053752,0.514,0.5104166666666666,
84,fedavg,0,4,33,True,False,0.5179171332586786,0.536,1.520503646850586,0.6869158878504673,1.0,0.999,1.0,
84,fedavg,0,4,54,True,False,0.5369540873460246,0.498,1.9789138641357422,0.17289719626168223,0.9994400895856663,0.9975,1.0,
84,fedavg,0,4,56,True,False,0.3734602463605823,0.4305,2.2498682098388674,0.9065420560747663,1.0,1.0,1.0,
84,fedavg,0,4,98,True,False,0.46528555431131025,0.4625,2.0412808837890624,0.4392523364485981,1.0,0.998,1.0,
86,fedavg,0,4,0,False,False,0.5711086226203808,0.5655,1.7617523040771483,0.5186915887850467,0.7295632698768197,0.71,0.6979166666666666,
86,fedavg,0,4,1,False,False,0.5851063829787234,0.548,1.6330895385742188,0.2383177570093458,0.5873460246360582,0.544,0.6458333333333334,
86,fedavg,0,4,2,False,False,0.5509518477043673,0.5775,1.5303806610107422,0.7990654205607477,0.7267637178051511,0.725,0.78125,
86,fedavg,0,4,3,False,True,0.6422172452407615,0.602,1.5889945373535157,0.26635514018691586,0.7474804031354984,0.6905,0.6458333333333334,
86,fedavg,0,4,4,False,False,0.5778275475923852,0.612,1.4730294036865235,0.897196261682243,0.7597984322508399,0.7505,0.9479166666666666,
86,fedavg,0,4,5,False,False,0.5940649496080628,0.5735,1.5499123077392578,0.40186915887850466,0.27715565509518475,0.259,0.3333333333333333,
86,fedavg,0,4,6,False,False,0.5772676371780515,0.5535,1.579862060546875,0.35514018691588783,0.7642777155655095,0.703,0.7083333333333334,
86,fedavg,0,4,7,False,False,0.6651735722284434,0.6295,1.3043250961303712,0.3317757009345794,0.6500559910414334,0.6125,0.6145833333333334,
86,fedavg,0,4,8,False,False,0.6483762597984323,0.641,1.3883751068115235,0.5794392523364486,0.7687569988801791,0.7505,0.7604166666666666,
86,fedavg,0,4,9,False,False,0.6282194848824187,0.578,1.5833702697753906,0.1588785046728972,0.5627099664053752,0.514,0.5520833333333334,
86,fedavg,0,4,33,True,False,0.5179171332586786,0.536,1.520503646850586,0.6869158878504673,1.0,0.999,1.0,
86,fedavg,0,4,54,True,False,0.5369540873460246,0.498,1.9789138641357422,0.17289719626168223,0.9994400895856663,0.9975,1.0,
86,fedavg,0,4,56,True,False,0.4294512877939529,0.4785,2.122075927734375,0.8878504672897196,1.0,0.9975,1.0,
86,fedavg,0,4,98,True,False,0.46192609182530797,0.4595,2.046863037109375,0.4392523364485981,1.0,0.998,1.0,
88,fedavg,0,4,0,False,False,0.5711086226203808,0.5655,1.7617523040771483,0.5186915887850467,0.7295632698768197,0.71,0.6666666666666666,
88,fedavg,0,4,1,False,False,0.5851063829787234,0.548,1.6330895385742188,0.2383177570093458,0.5873460246360582,0.544,0.7083333333333334,
88,fedavg,0,4,2,False,False,0.5509518477043673,0.5775,1.5303806610107422,0.7990654205607477,0.7267637178051511,0.725,0.84375,
88,fedavg,0,4,3,False,False,0.6422172452407615,0.602,1.5889945373535157,0.26635514018691586,0.7474804031354984,0.6905,0.7604166666666666,
88,fedavg,0,4,4,False,False,0.5778275475923852,0.612,1.4730294036865235,0.897196261682243,0.7597984322508399,0.7505,0.9583333333333334,
88,fedavg,0,4,5,False,False,0.5951847704367301,0.58,1.5354725341796875,0.4532710280373832,0.3986562150055991,0.37,0.4791666666666667,
88,fedavg,0,4,6,False,False,0.5772676371780515,0.5535,1.579862060546875,0.35514018691588783,0.7642777155655095,0.703,0.6875,
88,fedavg,0,4,7,False,False,0.6651735722284434,0.6295,1.3043250961303712,0.3317757009345794,0.6500559910414334,0.6125,0.5520833333333334,
88,fedavg,0,4,8,False,False,0.6483762597984323,0.641,1.3883751068115235,0.5794392523364486,0.7693169092945129,0.751,0.7083333333333334,
88,fedavg,0,4,9,False,True,0.6466965285554311,0.6055,1.6254749298095703,0.2616822429906542,0.6853303471444568,0.635,0.6354166666666666,
88,fedavg,0,4,33,True,False,0.5179171332586786,0.536,1.520503646850586,0.6869158878504673,1.0,0.999,1.0,
88,fedavg,0,4,54,True,False,0.5369540873460246,0.498,1.9789138641357422,0.17289719626168223,0.9994400895856663,0.9975,1.0,
88,fedavg,0,4,56,True,False,0.38017917133258683,0.4385,2.3645315551757813,0.9252336448598131,1.0,1.0,1.0,
88,fedavg,0,4,98,True,False,0.48096304591265393,0.461,2.1964058227539063,0.29439252336448596,0.9994400895856663,0.9935,1.0,
90,fedavg,0,4,0,False,False,0.5711086226203808,0.5655,1.7617523040771483,0.5186915887850467,0.7295632698768197,0.71,0.7395833333333334,
90,fedavg,0,4,1,False,False,0.5851063829787234,0.548,1.6330895385742188,0.2383177570093458,0.5873460246360582,0.544,0.6875,
90,fedavg,0,4,2,False,False,0.5509518477043673,0.5775,1.5303806610107422,0.7990654205607477,0.7267637178051511,0.725,0.8541666666666666,
90,fedavg,0,4,3,False,False,0.6422172452407615,0.602,1.5889945373535157,0.26635514018691586,0.7474804031354984,0.6905,0.71875,
90,fedavg,0,4,4,False,False,0.5778275475923852,0.612,1.4730294036865235,0.897196261682243,0.7597984322508399,0.7505,0.96875,
90,fedavg,0,4,5,False,False,0.5951847704367301,0.58,1.5354725341796875,0.4532710280373832,0.3986562150055991,0.37,0.46875,
90,fedavg,0,4,6,False,False,0.5772676371780515,0.5535,1.579862060546875,0.35514018691588783,0.7642777155655095,0.703,0.7083333333333334,
90,fedavg,0,4,7,False,False,0.6651735722284434,0.6295,1.3043250961303712,0.3317757009345794,0.6500559910414334,0.6125,0.5625,
90,fedavg,0,4,8,False,False,0.6483762597984323,0.641,1.3883751068115235,0.5794392523364486,0.7687569988801791,0.7505,0.7708333333333334,
90,fedavg,0,4,9,False,False,0.6270996640537514,0.588,1.6868374633789063,0.2616822429906542,0.7010078387458006,0.6475,0.75,
90,fedavg,0,4,33,True,False,0.5179171332586786,0.536,1.520503646850586,0.6869158878504673,1.0,0.999,1.0,
90,fedavg,0,4,54,True,True,0.5408734602463605,0.5015,1.9268177795410155,0.17289719626168223,1.0,0.997,1.0,
90,fedavg,0,4,56,True,True,0.4876819708846585,0.5255,1.8539691162109375,0.8411214953271028,1.0,0.9985,1.0,
90,fedavg,0,4,98,True,False,0.4456886898096305,0.446,2.345509521484375,0.4485981308411215,0.9994400895856663,0.9955,1.0,
92,fedavg,0,4,0,False,False,0.6103023516237402,0.5905,1.6586341094970702,0.4252336448598131,0.8572228443449048,0.818,0.8020833333333334,
92,fedavg,0,4,1,False,False,0.5851063829787234,0.548,1.6330895385742188,0.2383177570093458,0.5873460246360582,0.544,0.6770833333333334,
92,fedavg,0,4,2,False,False,0.5509518477043673,0.5775,1.5303806610107422,0.7990654205607477,0.7267637178051511,0.725,0.84375,
92,fedavg,0,4,3,False,False,0.6422172452407615,0.602,1.5889945373535157,0.26635514018691586,0.7469204927211646,0.69,0.7083333333333334,
92,fedavg,0,4,4,False,True,0.603023516237402,0.6335,1.4092562255859375,0.8878504672897196,0.9188129899216125,0.912,1.0,
92,fedavg,0,4,5,False,False,0.5951847704367301,0.58,1.5354725341796875,0.4532710280373832,0.3986562150055991,0.37,0.4583333333333333,
92,fedavg,0,4,6,False,False,0.5772676371780515,0.5535,1.579862060546875,0.35514018691588783,0.7642777155655095,0.703,0.6979166666666666,
92,fedavg,0,4,7,False,False,0.6651735722284434,0.6295,1.3043250961303712,0.3317757009345794,0.6500559910414334,0.6125,0.6666666666666666,
92,fedavg,0,4,8,False,False,0.6483762597984323,0.641,1.3883751068115235,0.5794392523364486,0.7693169092945129,0.751,0.6666666666666666,
92,fedavg,0,4,9,False,False,0.6270996640537514,0.588,1.6868374633789063,0.2616822429906542,0.7010078387458006,0.6475,0.7083333333333334,
92,fedavg,0,4,33,True,False,0.5179171332586786,0.536,1.520503646850586,0.6869158878504673,1.0,0.999,1.0,
92,fedavg,0,4,54,True,False,0.5408734602463605,0.5015,1.9268177795410155,0.17289719626168223,1.0,0.997,1.0,
92,fedavg,0,4,56,True,False,0.4876819708846585,0.5255,1.8539691162109375,0.8411214953271028,1.0,0.9985,1.0,
92,fedavg,0,4,98,True,False,0.4479283314669653,0.4475,2.357814971923828,0.4439252336448598,0.9994400895856663,0.9955,1.0,
94,fedavg,0,4,0,False,False,0.6103023516237402,0.5905,1.6586341094970702,0.4252336448598131,0.8572228443449048,0.818,0.8333333333333334,
94,fedavg,0,4,1,False,False,0.5851063829787234,0.548,1.6330895385742188,0.2383177570093458,0.5873460246360582,0.544,0.7083333333333334,
94,fedavg,0,4,2,False,False,0.5509518477043673,0.5775,1.5303806610107422,0.7990654205607477,0.7267637178051511,0.725,0.8229166666666666,
94,fedavg,0,4,3,False,False,0.6270996640537514,0.58,1.7828400115966796,0.18691588785046728,0.729003359462486,0.6685,0.6875,
94,fedavg,0,4,4,False,False,0.603023516237402,0.6335,1.4092562255859375,0.8878504672897196,0.9188129899216125,0.912,1.0,
94,fedavg,0,4,5,False,False,0.5951847704367301,0.58,1.5354725341796875,0.4532710280373832,0.3986562150055991,0.37,0.4270833333333333,
94,fedavg,0,4,6,False,False,0.5772676371780515,0.5535,1.579862060546875,0.35514018691588783,0.7642777155655095,0.703,0.6875,
94,fedavg,0,4,7,False,False,0.6651735722284434,0.6295,1.3043250961303712,0.3317757009345794,0.6500559910414334,0.6125,0.5833333333333334,
94,fedavg,0,4,8,False,False,0.6483762597984323,0.641,1.3883751068115235,0.5794392523364486,0.7687569988801791,0.7505,0.7395833333333334,
94,fedavg,0,4,9,False,False,0.6270996640537514,0.588,1.6868374633789063,0.2616822429906542,0.7010078387458006,0.6475,0.78125,
94,fedavg,0,4,33,True,False,0.5179171332586786,0.536,1.520503646850586,0.6869158878504673,1.0,0.999,1.0,
94,fedavg,0,4,54,True,True,0.5089585666293392,0.471,2.1586644134521484,0.1542056074766355,0.9994400895856663,0.996,1.0,
94,fedavg,0,4,56,True,False,0.4876819708846585,0.5255,1.8539691162109375,0.8411214953271028,1.0,0.9985,1.0,
94,fedavg,0,4,98,True,False,0.44400895856662936,0.444,2.3576832275390625,0.4439252336448598,0.9994400895856663,0.9955,1.0,
96,fedavg,0,4,0,False,False,0.6103023516237402,0.5905,1.6586341094970702,0.4252336448598131,0.8572228443449048,0.818,0.7708333333333334,
96,fedavg,0,4,1,False,False,0.5851063829787234,0.548,1.6330895385742188,0.2383177570093458,0.5873460246360582,0.544,0.6979166666666666,
96,fedavg,0,4,2,False,False,0.5509518477043673,0.5775,1.5303806610107422,0.7990654205607477,0.7267637178051511,0.725,0.8333333333333334,
96,fedavg,0,4,3,False,False,0.6270996640537514,0.58,1.7828400115966796,0.18691588785046728,0.729003359462486,0.6685,0.75,
96,fedavg,0,4,4,False,False,0.6170212765957447,0.644,1.371372673034668,0.8691588785046729,0.9669652855543113,0.959,1.0,
96,fedavg,0,4,5,False,False,0.5951847704367301,0.58,1.5354725341796875,0.4532710280373832,0.3986562150055991,0.37,0.46875,
96,fedavg,0,4,6,False,False,0.5951847704367301,0.5755,1.6069146575927735,0.411214953271028,0.8062709966405375,0.7535,0.78125,
96,fedavg,0,4,7,False,False,0.6651735722284434,0.6295,1.3043250961303712,0.3317757009345794,0.6500559910414334,0.6125,0.6041666666666666,
96,fedavg,0,4,8,False,False,0.6483762597984323,0.641,1.3883751068115235,0.5794392523364486,0.7693169092945129,0.751,0.7083333333333334,
96,fedavg,0,4,9,False,False,0.6270996640537514,0.588,1.6868374633789063,0.2616822429906542,0.7010078387458006,0.6475,0.75,
96,fedavg,0,4,33,True,False,0.5179171332586786,0.536,1.520503646850586,0.6869158878504673,1.0,0.999,1.0,
96,fedavg,0,4,54,True,False,0.5089585666293392,0.471,2.1586644134521484,0.1542056074766355,0.9994400895856663,0.996,1.0,
96,fedavg,0,4,56,True,False,0.4876819708846585,0.5255,1.8539691162109375,0.8411214953271028,1.0,0.9985,1.0,
96,fedavg,0,4,98,True,False,0.4479283314669653,0.448,2.345665573120117,0.4485981308411215,0.9994400895856663,0.9955,1.0,
98,fedavg,0,4,0,False,False,0.6103023516237402,0.5905,1.6586341094970702,0.4252336448598131,0.8572228443449048,0.818,0.7604166666666666,
98,fedavg,0,4,1,False,False,0.5851063829787234,0.548,1.6330895385742188,0.2383177570093458,0.5873460246360582,0.544,0.7083333333333334,
98,fedavg,0,4,2,False,False,0.5509518477043673,0.5775,1.5303806610107422,0.7990654205607477,0.7262038073908175,0.7245,0.84375,
98,fedavg,0,4,3,False,False,0.6270996640537514,0.58,1.7828400115966796,0.18691588785046728,0.729003359462486,0.6685,0.71875,
98,fedavg,0,4,4,False,False,0.6170212765957447,0.644,1.371372673034668,0.8691588785046729,0.9669652855543113,0.959,1.0,
98,fedavg,0,4,5,False,False,0.5951847704367301,0.58,1.5354725341796875,0.4532710280373832,0.3986562150055991,0.37,0.4479166666666667,
98,fedavg,0,4,6,False,False,0.5951847704367301,0.5755,1.6069146575927735,0.411214953271028,0.8062709966405375,0.7535,0.75,
98,fedavg,0,4,7,False,False,0.6651735722284434,0.6295,1.3043250961303712,0.3317757009345794,0.6500559910414334,0.6125,0.59375,
98,fedavg,0,4,8,False,False,0.6483762597984323,0.641,1.3883751068115235,0.5794392523364486,0.7687569988801791,0.7505,0.7708333333333334,
98,fedavg,0,4,9,False,False,0.6270996640537514,0.588,1.6868374633789063,0.2616822429906542,0.7010078387458006,0.6475,0.6979166666666666,
98,fedavg,0,4,33,True,True,0.4820828667413214,0.4955,1.784366241455078,0.6074766355140186,1.0,0.999,1.0,
98,fedavg,0,4,54,True,True,0.5671892497200448,0.5255,1.8341682434082032,0.17757009345794392,1.0,0.9975,1.0,
98,fedavg,0,4,56,True,False,0.4322508398656215,0.483,2.0643243865966796,0.9065420560747663,0.9994400895856663,0.9995,1.0,
98,fedavg,0,4,98,True,False,0.4451287793952967,0.4455,2.360446258544922,0.4485981308411215,0.9994400895856663,0.9955,1.0,
100,fedavg,0,4,0,False,False,0.6103023516237402,0.5905,1.6586341094970702,0.4252336448598131,0.8572228443449048,0.818,0.8020833333333334,
100,fedavg,0,4,1,False,True,0.5884658454647256,0.571,1.6861759948730468,0.4252336448598131,0.8762597984322509,0.831,0.90625,
100,fedavg,0,4,2,False,False,0.5509518477043673,0.5775,1.5303806610107422,0.7990654205607477,0.7267637178051511,0.725,0.8020833333333334,
100,fedavg,0,4,3,False,False,0.6270996640537514,0.58,1.7828400115966796,0.18691588785046728,0.729003359462486,0.6685,0.8125,
100,fedavg,0,4,4,False,False,0.6226203807390818,0.6525,1.35925048828125,0.9018691588785047,0.986562150055991,0.9805,1.0,
100,fedavg,0,4,5,False,False,0.5951847704367301,0.58,1.5354725341796875,0.4532710280373832,0.3986562150055991,0.37,0.5,
100,fedavg,0,4,6,False,False,0.5951847704367301,0.5755,1.6069146575927735,0.411214953271028,0.8062709966405375,0.7535,0.8020833333333334,
100,fedavg,0,4,7,False,False,0.6651735722284434,0.6295,1.3043250961303712,0.3317757009345794,0.6500559910414334,0.6125,0.5520833333333334,
100,fedavg,0,4,8,False,False,0.6483762597984323,0.641,1.3883751068115235,0.5794392523364486,0.7693169092945129,0.751,0.8020833333333334,
100,fedavg,0,4,9,False,False,0.6270996640537514,0.588,1.6868374633789063,0.2616822429906542,0.7010078387458006,0.6475,0.8020833333333334,
100,fedavg,0,4,33,True,False,0.5050391937290033,0.53,1.7409282836914062,0.7383177570093458,1.0,0.9965,1.0,
100,fedavg,0,4,54,True,False,0.5671892497200448,0.5255,1.8341682434082032,0.17757009345794392,1.0,0.9975,1.0,
100,fedavg,0,4,56,True,False,0.4322508398656215,0.483,2.0643243865966796,0.9065420560747663,0.9994400895856663,0.9995,1.0,
100,fedavg,0,4,98,True,True,0.5207166853303471,0.5015,1.9746576080322265,0.3411214953271028,0.9994400895856663,0.995,1.0,
102,fedavg,0,4,0,False,False,0.6103023516237402,0.5905,1.6586341094970702,0.4252336448598131,0.8572228443449048,0.818,0.7916666666666666,
102,fedavg,0,4,1,False,False,0.5884658454647256,0.571,1.6861759948730468,0.4252336448598131,0.8762597984322509,0.831,0.8854166666666666,
102,fedavg,0,4,2,False,False,0.5509518477043673,0.5775,1.5303806610107422,0.7990654205607477,0.7267637178051511,0.725,0.875,
102,fedavg,0,4,3,False,False,0.6270996640537514,0.58,1.7828400115966796,0.18691588785046728,0.729003359462486,0.6685,0.8020833333333334,
102,fedavg,0,4,4,False,True,0.6455767077267638,0.673,1.3042532806396485,0.9018691588785047,0.9652855543113102,0.954,0.9895833333333334,
102,fedavg,0,4,5,False,True,0.6287793952967525,0.6055,1.5448686218261718,0.411214953271028,0.5879059350503919,0.5385,0.6041666666666666,
102,fedavg,0,4,6,False,False,0.5951847704367301,0.5755,1.6069146575927735,0.411214953271028,0.8062709966405375,0.7535,0.7395833333333334,
102,fedavg,0,4,7,False,False,0.6651735722284434,0.6295,1.3043250961303712,0.3317757009345794,0.6500559910414334,0.6125,0.625,
102,fedavg,0,4,8,False,False,0.6483762597984323,0.641,1.3883751068115235,0.5794392523364486,0.7693169092945129,0.751,0.7604166666666666,
102,fedavg,0,4,9,False,False,0.6270996640537514,0.588,1.6868374633789063,0.2616822429906542,0.7010078387458006,0.6475,0.8333333333333334,
102,fedavg,0,4,33,True,False,0.5050391937290033,0.53,1.7409282836914062,0.7383177570093458,1.0,0.9965,1.0,
102,fedavg,0,4,54,True,False,0.5671892497200448,0.5255,1.8341682434082032,0.17757009345794392,1.0,0.9975,1.0,
102,fedavg,0,4,56,True,False,0.4322508398656215,0.483,2.0643243865966796,0.9065420560747663,0.9994400895856663,0.9995,1.0,
102,fedavg,0,4,98,True,False,0.48600223964165734,0.4655,2.2952539978027344,0.29439252336448596,0.9994400895856663,0.996,1.0,
104,fedavg,0,4,0,False,False,0.6103023516237402,0.5905,1.6586341094970702,0.4252336448598131,0.8572228443449048,0.818,0.8229166666666666,
104,fedavg,0,4,1,False,False,0.5884658454647256,0.571,1.6861759948730468,0.4252336448598131,0.8762597984322509,0.831,0.9166666666666666,
104,fedavg,0,4,2,False,False,0.5509518477043673,0.5775,1.5303806610107422,0.7990654205607477,0.7267637178051511,0.725,0.84375,
104,fedavg,0,4,3,False,False,0.6270996640537514,0.58,1.7828400115966796,0.18691588785046728,0.729003359462486,0.6685,0.7708333333333334,
104,fedavg,0,4,4,False,False,0.6455767077267638,0.673,1.3042532806396485,0.9018691588785047,0.9652855543113102,0.954,1.0,
104,fedavg,0,4,5,False,False,0.6287793952967525,0.6055,1.5448686218261718,0.411214953271028,0.5879059350503919,0.5385,0.6041666666666666,
104,fedavg,0,4,6,False,False,0.5951847704367301,0.5755,1.6069146575927735,0.411214953271028,0.8062709966405375,0.7535,0.7604166666666666,
104,fedavg,0,4,7,False,False,0.6651735722284434,0.6295,1.3043250961303712,0.3317757009345794,0.6500559910414334,0.6125,0.6041666666666666,
104,fedavg,0,4,8,False,False,0.6483762597984323,0.641,1.3883751068115235,0.5794392523364486,0.7693169092945129,0.751,0.78125,
104,fedavg,0,4,9,False,False,0.6567749160134378,0.629,1.5663506164550782,0.397196261682243,0.7637178051511758,0.712,0.875,
104,fedavg,0,4,33,True,False,0.5050391937290033,0.53,1.7409282836914062,0.7383177570093458,1.0,0.9965,1.0,
104,fedavg,0,4,54,True,False,0.5671892497200448,0.5255,1.8341682434082032,0.17757009345794392,1.0,0.9975,1.0,
104,fedavg,0,4,56,True,False,0.4322508398656215,0.483,2.0643243865966796,0.9065420560747663,0.9994400895856663,0.9995,1.0,
104,fedavg,0,4,98,True,False,0.4848824188129899,0.4645,2.3109866943359374,0.29439252336448596,0.9994400895856663,0.996,1.0,
106,fedavg,0,4,0,False,False,0.6103023516237402,0.5905,1.6586341094970702,0.4252336448598131,0.8572228443449048,0.818,0.7708333333333334,
106,fedavg,0,4,1,False,False,0.5884658454647256,0.571,1.6861759948730468,0.4252336448598131,0.8762597984322509,0.831,0.7708333333333334,
106,fedavg,0,4,2,False,False,0.5733482642777156,0.5995,1.5883992309570312,0.8177570093457944,0.7418812989921613,0.735,0.7708333333333334,
106,fedavg,0,4,3,False,False,0.6270996640537514,0.58,1.7828400115966796,0.18691588785046728,0.729003359462486,0.6685,0.625,
106,fedavg,0,4,4,False,False,0.6455767077267638,0.673,1.3042532806396485,0.9018691588785047,0.9652855543113102,0.954,0.9895833333333334,
106,fedavg,0,4,5,False,True,0.6215005599104143,0.609,1.5705316467285155,0.5046728971962616,0.5403135498320268,0.501,0.5729166666666666,
106,fedavg,0,4,6,False,False,0.5951847704367301,0.5755,1.6069146575927735,0.411214953271028,0.8062709966405375,0.7535,0.65625,
106,fedavg,0,4,7,False,False,0.6651735722284434,0.6295,1.3043250961303712,0.3317757009345794,0.6500559910414334,0.6125,0.5729166666666666,
106,fedavg,0,4,8,False,False,0.6483762597984323,0.641,1.3883751068115235,0.5794392523364486,0.7687569988801791,0.7505,0.59375,
106,fedavg,0,4,9,False,False,0.6567749160134378,0.629,1.5663506164550782,0.397196261682243,0.7637178051511758,0.712,0.6875,
106,fedavg,0,4,33,True,False,0.5050391937290033,0.53,1.7409282836914062,0.7383177570093458,1.0,0.9965,0.9895833333333334,
106,fedavg,0,4,54,True,False,0.5671892497200448,0.5255,1.8341682434082032,0.17757009345794392,1.0,0.9975,1.0,
106,fedavg,0,4,56,True,False,0.4322508398656215,0.483,2.0643243865966796,0.9065420560747663,0.9994400895856663,0.9995,1.0,
106,fedavg,0,4,98,True,True,0.3840985442329228,0.399,2.4369984283447264,0.5233644859813084,1.0,0.9975,1.0,
108,fedavg,0,4,0,False,False,0.6103023516237402,0.5905,1.6586341094970702,0.4252336448598131,0.8572228443449048,0.818,0.8125,
108,fedavg,0,4,1,False,False,0.5884658454647256,0.571,1.6861759948730468,0.4252336448598131,0.8762597984322509,0.831,0.8333333333333334,
108,fedavg,0,4,2,False,False,0.5733482642777156,0.5995,1.5883992309570312,0.8177570093457944,0.7418812989921613,0.735,0.8333333333333334,
108,fedavg,0,4,3,False,False,0.6270996640537514,0.58,1.7828400115966796,0.18691588785046728,0.729003359462486,0.6685,0.7291666666666666,
108,fedavg,0,4,4,False,False,0.6455767077267638,0.673,1.3042532806396485,0.9018691588785047,0.9652855543113102,0.954,0.9895833333333334,
108,fedavg,0,4,5,False,False,0.6215005599104143,0.609,1.5705316467285155,0.5046728971962616,0.5403135498320268,0.501,0.59375,
108,fedavg,0,4,6,False,False,0.6002239641657334,0.5745,1.5770765533447266,0.3598130841121495,0.8269876819708847,0.769,0.78125,
108,fedavg,0,4,7,False,False,0.6651735722284434,0.6295,1.3043250961303712,0.3317757009345794,0.6500559910414334,0.6125,0.6041666666666666,
108,fedavg,0,4,8,False,False,0.635498320268757,0.6135,1.5589299621582031,0.42990654205607476,0.816909294512878,0.7885,0.75,
108,fedavg,0,4,9,False,True,0.6657334826427772,0.6225,1.6137013854980469,0.2616822429906542,0.9014557670772676,0.837,0.90625,
108,fedavg,0,4,33,True,False,0.5050391937290033,0.53,1.7409282836914062,0.7383177570093458,1.0,0.9965,1.0,
108,fedavg,0,4,54,True,False,0.5671892497200448,0.5255,1.8341682434082032,0.17757009345794392,1.0,0.9975,1.0,
108,fedavg,0,4,56,True,False,0.4322508398656215,0.483,2.0643243865966796,0.9065420560747663,0.9994400895856663,0.9995,1.0,
108,fedavg,0,4,98,True,False,0.509518477043673,0.471,2.1473314514160156,0.14953271028037382,1.0,0.9975,1.0,
110,fedavg,0,4,0,False,False,0.6103023516237402,0.5905,1.6586341094970702,0.4252336448598131,0.8572228443449048,0.818,0.7708333333333334,
110,fedavg,0,4,1,False,False,0.5884658454647256,0.571,1.6861759948730468,0.4252336448598131,0.8762597984322509,0.831,0.8333333333333334,
110,fedavg,0,4,2,False,False,0.5733482642777156,0.5995,1.5883992309570312,0.8177570093457944,0.7418812989921613,0.735,0.8541666666666666,
110,fedavg,0,4,3,False,False,0.6270996640537514,0.58,1.7828400115966796,0.18691588785046728,0.729003359462486,0.6685,0.7395833333333334,
110,fedavg,0,4,4,False,False,0.6455767077267638,0.673,1.3042532806396485,0.9018691588785047,0.9652855543113102,0.954,0.9895833333333334,
110,fedavg,0,4,5,False,True,0.6332586786114222,0.622,1.4091925125122071,0.5280373831775701,0.8673012318029115,0.824,0.8541666666666666,
110,fedavg,0,4,6,False,False,0.6002239641657334,0.5745,1.5770765533447266,0.3598130841121495,0.8269876819708847,0.769,0.7916666666666666,
110,fedavg,0,4,7,False,False,0.6612541993281076,0.63,1.3147491149902344,0.3691588785046729,0.7642777155655095,0.7125,0.6666666666666666,
110,fedavg,0,4,8,False,False,0.635498320268757,0.6135,1.5589299621582031,0.42990654205607476,0.816909294512878,0.7885,0.6666666666666666,
110,fedavg,0,4,9,False,False,0.6657334826427772,0.6225,1.6137013854980469,0.2616822429906542,0.9014557670772676,0.837,0.8541666666666666,
110,fedavg,0,4,33,True,False,0.5050391937290033,0.53,1.7409282836914062,0.7383177570093458,1.0,0.9965,1.0,
110,fedavg,0,4,54,True,False,0.5671892497200448,0.5255,1.8341682434082032,0.17757009345794392,1.0,0.9975,1.0,
110,fedavg,0,4,56,True,False,0.4322508398656215,0.483,2.0643243865966796,0.9065420560747663,0.9994400895856663,0.9995,1.0,
110,fedavg,0,4,98,True,False,0.48264277715565507,0.453,2.392940231323242,0.205607476635514,1.0,0.998,1.0,
112,fedavg,0,4,0,False,False,0.6103023516237402,0.5905,1.6586341094970702,0.4252336448598131,0.8572228443449048,0.818,0.7916666666666666,
112,fedavg,0,4,1,False,False,0.5884658454647256,0.571,1.6861759948730468,0.4252336448598131,0.8762597984322509,0.831,0.8541666666666666,
112,fedavg,0,4,2,False,False,0.5733482642777156,0.5995,1.5883992309570312,0.8177570093457944,0.7418812989921613,0.735,0.8958333333333334,
112,fedavg,0,4,3,False,True,0.5755879059350504,0.542,2.0638021545410155,0.2616822429906542,0.6970884658454647,0.6435,0.6666666666666666,
112,fedavg,0,4,4,False,False,0.6455767077267638,0.673,1.3042532806396485,0.9018691588785047,0.9652855543113102,0.954,0.9895833333333334,
112,fedavg,0,4,5,False,False,0.6332586786114222,0.622,1.4091925125122071,0.5280373831775701,0.8673012318029115,0.824,0.8541666666666666,
112,fedavg,0,4,6,False,False,0.6002239641657334,0.5745,1.5770765533447266,0.3598130841121495,0.8269876819708847,0.769,0.78125,
112,fedavg,0,4,7,False,False,0.6713325867861142,0.6445,1.3005848999023437,0.4205607476635514,0.7967525195968646,0.756,0.71875,
112,fedavg,0,4,8,False,False,0.635498320268757,0.6135,1.5589299621582031,0.42990654205607476,0.816909294512878,0.7885,0.75,
112,fedavg,0,4,9,False,False,0.6657334826427772,0.6225,1.6137013854980469,0.2616822429906542,0.9014557670772676,0.837,0.8958333333333334,
112,fedavg,0,4,33,True,False,0.5050391937290033,0.53,1.7409282836914062,0.7383177570093458,1.0,0.9965,1.0,
112,fedavg,0,4,54,True,False,0.5671892497200448,0.5255,1.8341682434082032,0.17757009345794392,1.0,0.9975,1.0,
112,fedavg,0,4,56,True,False,0.4322508398656215,0.483,2.0643243865966796,0.9065420560747663,0.9994400895856663,0.9995,1.0,
112,fedavg,0,4,98,True,False,0.48264277715565507,0.453,2.423848617553711,0.205607476635514,1.0,0.998,1.0,
114,fedavg,0,4,0,False,False,0.6103023516237402,0.5905,1.6586341094970702,0.4252336448598131,0.8572228443449048,0.818,0.8125,
114,fedavg,0,4,1,False,False,0.5884658454647256,0.571,1.6861759948730468,0.4252336448598131,0.8762597984322509,0.831,0.84375,
114,fedavg,0,4,2,False,False,0.5733482642777156,0.5995,1.5883992309570312,0.8177570093457944,0.7418812989921613,0.735,0.8958333333333334,
114,fedavg,0,4,3,False,True,0.6696528555431132,0.6365,1.554396713256836,0.3598130841121495,0.8667413213885778,0.817,0.8333333333333334,
114,fedavg,0,4,4,False,False,0.6455767077267638,0.673,1.3042532806396485,0.9018691588785047,0.9652855543113102,0.954,0.9895833333333334,
114,fedavg,0,4,5,False,False,0.6332586786114222,0.622,1.4091925125122071,0.5280373831775701,0.8673012318029115,0.824,0.8333333333333334,
114,fedavg,0,4,6,False,False,0.6002239641657334,0.5745,1.5770765533447266,0.3598130841121495,0.8269876819708847,0.769,0.78125,
114,fedavg,0,4,7,False,False,0.6713325867861142,0.6445,1.3005848999023437,0.4205607476635514,0.7967525195968646,0.756,0.6875,
114,fedavg,0,4,8,False,False,0.635498320268757,0.6135,1.5589299621582031,0.42990654205607476,0.816909294512878,0.7885,0.7395833333333334,
114,fedavg,0,4,9,False,False,0.6657334826427772,0.6225,1.6137013854980469,0.2616822429906542,0.9014557670772676,0.837,0.8958333333333334,
114,fedavg,0,4,33,True,False,0.5050391937290033,0.53,1.7409282836914062,0.7383177570093458,1.0,0.9965,1.0,
114,fedavg,0,4,54,True,False,0.5671892497200448,0.5255,1.8341682434082032,0.17757009345794392,1.0,0.9975,1.0,
114,fedavg,0,4,56,True,False,0.4322508398656215,0.483,2.0643243865966796,0.9065420560747663,0.9994400895856663,0.9995,1.0,
114,fedavg,0,4,98,True,False,0.4820828667413214,0.4525,2.404306457519531,0.205607476635514,1.0,0.998,1.0,
116,fedavg,0,4,0,False,False,0.6103023516237402,0.5905,1.6586341094970702,0.4252336448598131,0.8572228443449048,0.818,0.8020833333333334,
116,fedavg,0,4,1,False,False,0.5884658454647256,0.571,1.6861759948730468,0.4252336448598131,0.8762597984322509,0.831,0.8229166666666666,
116,fedavg,0,4,2,False,False,0.5733482642777156,0.5995,1.5883992309570312,0.8177570093457944,0.7418812989921613,0.735,0.9166666666666666,
116,fedavg,0,4,3,False,True,0.6595744680851063,0.62,1.5931162109375,0.2897196261682243,0.8236282194848824,0.763,0.8020833333333334,
116,fedavg,0,4,4,False,False,0.6455767077267638,0.673,1.3042532806396485,0.9018691588785047,0.9652855543113102,0.954,0.9895833333333334,
116,fedavg,0,4,5,False,False,0.6808510638297872,0.669,1.3078931427001954,0.5700934579439252,0.8493840985442329,0.809,0.8333333333333334,
116,fedavg,0,4,6,False,False,0.6002239641657334,0.5745,1.5770765533447266,0.3598130841121495,0.8269876819708847,0.769,0.75,
116,fedavg,0,4,7,False,False,0.6713325867861142,0.6445,1.3005848999023437,0.4205607476635514,0.7967525195968646,0.756,0.75,
116,fedavg,0,4,8,False,False,0.635498320268757,0.6135,1.5589299621582031,0.42990654205607476,0.816909294512878,0.7885,0.7395833333333334,
116,fedavg,0,4,9,False,False,0.6657334826427772,0.6225,1.6137013854980469,0.2616822429906542,0.9014557670772676,0.837,0.8541666666666666,
116,fedavg,0,4,33,True,False,0.5050391937290033,0.53,1.7409282836914062,0.7383177570093458,1.0,0.9965,1.0,
116,fedavg,0,4,54,True,False,0.5671892497200448,0.5255,1.8341682434082032,0.17757009345794392,1.0,0.9975,1.0,
116,fedavg,0,4,56,True,False,0.4322508398656215,0.483,2.0643243865966796,0.9065420560747663,0.9994400895856663,0.9995,1.0,
116,fedavg,0,4,98,True,False,0.48600223964165734,0.456,2.410271682739258,0.205607476635514,1.0,0.998,1.0,
118,fedavg,0,4,0,False,False,0.6103023516237402,0.5905,1.6586341094970702,0.4252336448598131,0.8572228443449048,0.818,0.7604166666666666,
118,fedavg,0,4,1,False,False,0.5884658454647256,0.571,1.6861759948730468,0.4252336448598131,0.8762597984322509,0.831,0.8229166666666666,
118,fedavg,0,4,2,False,True,0.5442329227323628,0.5735,1.7755973052978515,0.8177570093457944,0.7637178051511758,0.7565,0.8958333333333334,
118,fedavg,0,4,3,False,False,0.6595744680851063,0.62,1.5931162109375,0.2897196261682243,0.8236282194848824,0.763,0.7395833333333334,
118,fedavg,0,4,4,False,False,0.6455767077267638,0.673,1.3042532806396485,0.9018691588785047,0.9652855543113102,0.954,0.9895833333333334,
118,fedavg,0,4,5,False,False,0.6808510638297872,0.669,1.3078931427001954,0.5700934579439252,0.8493840985442329,0.809,0.84375,
118,fedavg,0,4,6,False,False,0.6002239641657334,0.5745,1.5770765533447266,0.3598130841121495,0.8269876819708847,0.769,0.7708333333333334,
118,fedavg,0,4,7,False,False,0.6713325867861142,0.6445,1.3005848999023437,0.4205607476635514,0.7967525195968646,0.756,0.7083333333333334,
118,fedavg,0,4,8,False,False,0.635498320268757,0.6135,1.5589299621582031,0.42990654205607476,0.816909294512878,0.7885,0.75,
118,fedavg,0,4,9,False,False,0.6254199328107503,0.5915,1.8345296630859376,0.308411214953271,0.6657334826427772,0.611,0.7291666666666666,
118,fedavg,0,4,33,True,False,0.5050391937290033,0.53,1.7409282836914062,0.7383177570093458,1.0,0.9965,1.0,
118,fedavg,0,4,54,True,False,0.5671892497200448,0.5255,1.8341682434082032,0.17757009345794392,1.0,0.9975,1.0,
118,fedavg,0,4,56,True,False,0.38969764837625975,0.4465,2.3792916259765624,0.9205607476635514,0.9994400895856663,0.9995,1.0,
118,fedavg,0,4,98,True,False,0.48096304591265393,0.4515,2.3986636505126953,0.205607476635514,1.0,0.998,1.0,
120,fedavg,0,4,0,False,False,0.6103023516237402,0.5905,1.6586341094970702,0.4252336448598131,0.8572228443449048,0.818,0.8229166666666666,
120,fedavg,0,4,1,False,False,0.5884658454647256,0.571,1.6861759948730468,0.4252336448598131,0.8762597984322509,0.831,0.8541666666666666,
120,fedavg,0,4,2,False,False,0.5442329227323628,0.5735,1.7755973052978515,0.8177570093457944,0.7637178051511758,0.7565,0.8854166666666666,
120,fedavg,0,4,3,False,False,0.6763717805151176,0.6455,1.4548821334838866,0.3878504672897196,0.9316909294512878,0.8775,0.8229166666666666,
120,fedavg,0,4,4,False,False,0.6455767077267638,0.673,1.3042532806396485,0.9018691588785047,0.9652855543113102,0.954,1.0,
120,fedavg,0,4,5,False,False,0.6808510638297872,0.669,1.3078931427001954,0.5700934579439252,0.8493840985442329,0.809,0.8541666666666666,
120,fedavg,0,4,6,False,False,0.6002239641657334,0.5745,1.5770765533447266,0.3598130841121495,0.8269876819708847,0.769,0.7604166666666666,
120,fedavg,0,4,7,False,True,0.6825307950727884,0.6425,1.4265716400146484,0.308411214953271,0.723404255319149,0.6685,0.7083333333333334,
120,fedavg,0,4,8,False,False,0.635498320268757,0.6135,1.5589299621582031,0.42990654205607476,0.816909294512878,0.7885,0.7291666666666666,
120,fedavg,0,4,9,False,False,0.6254199328107503,0.5915,1.8345296630859376,0.308411214953271,0.6657334826427772,0.611,0.7708333333333334,
120,fedavg,0,4,33,True,True,0.4557670772676372,0.4925,1.9113144989013673,0.7990654205607477,1.0,0.999,1.0,
120,fedavg,0,4,54,True,False,0.5671892497200448,0.5255,1.8341682434082032,0.17757009345794392,1.0,0.9975,1.0,
120,fedavg,0,4,56,True,False,0.38969764837625975,0.4465,2.3792916259765624,0.9205607476635514,0.9994400895856663,0.9995,1.0,
120,fedavg,0,4,98,True,False,0.48880179171332583,0.4585,2.4241451416015627,0.205607476635514,1.0,0.998,1.0,
122,fedavg,0,4,0,False,False,0.6103023516237402,0.5905,1.6586341094970702,0.4252336448598131,0.8572228443449048,0.818,0.8333333333333334,
122,fedavg,0,4,1,False,False,0.5884658454647256,0.571,1.6861759948730468,0.4252336448598131,0.8762597984322509,0.831,0.8125,
122,fedavg,0,4,2,False,False,0.5442329227323628,0.5735,1.7755973052978515,0.8177570093457944,0.7637178051511758,0.7565,0.90625,
122,fedavg,0,4,3,False,False,0.6763717805151176,0.6455,1.4548821334838866,0.3878504672897196,0.9316909294512878,0.8775,0.84375,
122,fedavg,0,4,4,False,False,0.6455767077267638,0.673,1.3042532806396485,0.9018691588785047,0.9652855543113102,0.954,0.9895833333333334,
122,fedavg,0,4,5,False,False,0.685330347144457,0.6605,1.2976423797607421,0.4532710280373832,0.9378499440089586,0.888,0.84375,
122,fedavg,0,4,6,False,False,0.6002239641657334,0.5745,1.5770765533447266,0.3598130841121495,0.8269876819708847,0.769,0.7708333333333334,
122,fedavg,0,4,7,False,False,0.6825307950727884,0.6425,1.4265716400146484,0.308411214953271,0.723404255319149,0.6685,0.7291666666666666,
122,fedavg,0,4,8,False,False,0.635498320268757,0.6135,1.5589299621582031,0.42990654205607476,0.816909294512878,0.7885,0.7708333333333334,
122,fedavg,0,4,9,False,False,0.6254199328107503,0.5915,1.8345296630859376,0.308411214953271,0.6657334826427772,0.611,0.7395833333333334,
122,fedavg,0,4,33,True,False,0.4557670772676372,0.4925,1.9113144989013673,0.7990654205607477,1.0,0.999,1.0,
122,fedavg,0,4,54,True,False,0.5688689809630458,0.553,1.7247650909423828,0.4205607476635514,1.0,0.9985,1.0,
122,fedavg,0,4,56,True,False,0.38969764837625975,0.4465,2.3792916259765624,0.9205607476635514,0.9994400895856663,0.9995,1.0,
122,fedavg,0,4,98,True,False,0.4843225083986562,0.4545,2.413563995361328,0.205607476635514,1.0,0.998,1.0,
124,fedavg,0,4,0,False,False,0.6103023516237402,0.5905,1.6586341094970702,0.4252336448598131,0.8572228443449048,0.818,0.7916666666666666,
124,fedavg,0,4,1,False,False,0.5884658454647256,0.571,1.6861759948730468,0.4252336448598131,0.8762597984322509,0.831,0.8229166666666666,
124,fedavg,0,4,2,False,False,0.5442329227323628,0.5735,1.7755973052978515,0.8177570093457944,0.7637178051511758,0.7565,0.90625,
124,fedavg,0,4,3,False,False,0.6763717805151176,0.6455,1.4548821334838866,0.3878504672897196,0.9316909294512878,0.8775,0.8229166666666666,
124,fedavg,0,4,4,False,False,0.6455767077267638,0.673,1.3042532806396485,0.9018691588785047,0.9652855543113102,0.954,0.9895833333333334,
124,fedavg,0,4,5,False,False,0.685330347144457,0.6605,1.2976423797607421,0.4532710280373832,0.9378499440089586,0.888,0.90625,
124,fedavg,0,4,6,False,False,0.6002239641657334,0.5745,1.5770765533447266,0.3598130841121495,0.8269876819708847,0.769,0.7604166666666666,
124,fedavg,0,4,7,False,False,0.6825307950727884,0.6425,1.4265716400146484,0.308411214953271,0.723404255319149,0.6685,0.7291666666666666,
124,fedavg,0,4,8,False,False,0.635498320268757,0.6135,1.5589299621582031,0.42990654205607476,0.816909294512878,0.7885,0.7916666666666666,
124,fedavg,0,4,9,False,False,0.6254199328107503,0.5915,1.8345296630859376,0.308411214953271,0.6657334826427772,0.611,0.7708333333333334,
124,fedavg,0,4,33,True,False,0.4557670772676372,0.4925,1.9113144989013673,0.7990654205607477,1.0,0.999,1.0,
124,fedavg,0,4,54,True,False,0.5688689809630458,0.553,1.7247650909423828,0.4205607476635514,1.0,0.9985,1.0,
124,fedavg,0,4,56,True,False,0.38969764837625975,0.4465,2.3792916259765624,0.9205607476635514,0.9994400895856663,0.9995,1.0,
124,fedavg,0,4,98,True,False,0.4848824188129899,0.455,2.4091842041015625,0.205607476635514,1.0,0.998,1.0,
126,fedavg,0,4,0,False,False,0.6103023516237402,0.5905,1.6586341094970702,0.4252336448598131,0.8572228443449048,0.818,0.7708333333333334,
126,fedavg,0,4,1,False,False,0.5884658454647256,0.571,1.6861759948730468,0.4252336448598131,0.8762597984322509,0.831,0.8333333333333334,
126,fedavg,0,4,2,False,False,0.5442329227323628,0.5735,1.7755973052978515,0.8177570093457944,0.7637178051511758,0.7565,0.875,
126,fedavg,0,4,3,False,False,0.6763717805151176,0.6455,1.4548821334838866,0.3878504672897196,0.9316909294512878,0.8775,0.8541666666666666,
126,fedavg,0,4,4,False,True,0.6416573348264278,0.665,1.3536403732299804,0.8598130841121495,0.944568868980963,0.932,0.9791666666666666,
126,fedavg,0,4,5,False,False,0.685330347144457,0.6605,1.2976423797607421,0.4532710280373832,0.9378499440089586,0.888,0.9166666666666666,
126,fedavg,0,4,6,False,False,0.6002239641657334,0.5745,1.5770765533447266,0.3598130841121495,0.8269876819708847,0.769,0.78125,
126,fedavg,0,4,7,False,False,0.6825307950727884,0.6425,1.4265716400146484,0.308411214953271,0.723404255319149,0.6685,0.65625,
126,fedavg,0,4,8,False,False,0.6483762597984323,0.637,1.4545682067871093,0.5420560747663551,0.8561030235162373,0.8345,0.8020833333333334,
126,fedavg,0,4,9,False,False,0.6254199328107503,0.5915,1.8345296630859376,0.308411214953271,0.6657334826427772,0.611,0.7708333333333334,
126,fedavg,0,4,33,True,False,0.4557670772676372,0.4925,1.9113144989013673,0.7990654205607477,1.0,0.999,1.0,
126,fedavg,0,4,54,True,False,0.5688689809630458,0.553,1.7247650909423828,0.4205607476635514,1.0,0.9985,1.0,
126,fedavg,0,4,56,True,False,0.38969764837625975,0.4465,2.3792916259765624,0.9205607476635514,0.9994400895856663,0.9995,1.0,
126,fedavg,0,4,98,True,False,0.48040313549832026,0.451,2.4102374877929686,0.205607476635514,1.0,0.998,1.0,
128,fedavg,0,4,0,False,True,0.5548712206047033,0.552,1.9343592529296876,0.5280373831775701,0.620380739081747,0.5955,0.6145833333333334,
128,fedavg,0,4,1,False,False,0.5884658454647256,0.571,1.6861759948730468,0.4252336448598131,0.8762597984322509,0.831,0.78125,
128,fedavg,0,4,2,False,False,0.5442329227323628,0.5735,1.7755973052978515,0.8177570093457944,0.7637178051511758,0.7565,0.8333333333333334,
128,fedavg,0,4,3,False,False,0.6763717805151176,0.6455,1.4548821334838866,0.3878504672897196,0.9316909294512878,0.8775,0.84375,
128,fedavg,0,4,4,False,False,0.6416573348264278,0.665,1.3536403732299804,0.8598130841121495,0.944568868980963,0.932,0.9895833333333334,
128,fedavg,0,4,5,False,False,0.685330347144457,0.6605,1.2976423797607421,0.4532710280373832,0.9378499440089586,0.888,0.8854166666666666,
128,fedavg,0,4,6,False,False,0.6002239641657334,0.5745,1.5770765533447266,0.3598130841121495,0.8269876819708847,0.769,0.7604166666666666,
128,fedavg,0,4,7,False,False,0.6825307950727884,0.6425,1.4265716400146484,0.308411214953271,0.723404255319149,0.6685,0.6979166666666666,
128,fedavg,0,4,8,False,False,0.6483762597984323,0.637,1.4545682067871093,0.5420560747663551,0.8561030235162373,0.8345,0.7395833333333334,
128,fedavg,0,4,9,False,True,0.7239641657334827,0.698,1.233797866821289,0.48130841121495327,0.9076147816349384,0.858,0.875,
128,fedavg,0,4,33,True,False,0.4557670772676372,0.4925,1.9113144989013673,0.7990654205607477,1.0,0.999,1.0,
128,fedavg,0,4,54,True,False,0.5688689809630458,0.553,1.7247650909423828,0.4205607476635514,1.0,0.9985,1.0,
128,fedavg,0,4,56,True,False,0.38969764837625975,0.4465,2.3792916259765624,0.9205607476635514,0.9994400895856663,0.9995,1.0,
128,fedavg,0,4,98,True,False,0.4843225083986562,0.4545,2.408537078857422,0.205607476635514,1.0,0.998,1.0,
130,fedavg,0,4,0,False,False,0.6494960806270997,0.642,1.5060538482666015,0.5794392523364486,0.8303471444568868,0.801,0.7604166666666666,
130,fedavg,0,4,1,False,False,0.5884658454647256,0.571,1.6861759948730468,0.4252336448598131,0.8762597984322509,0.831,0.84375,
130,fedavg,0,4,2,False,False,0.5442329227323628,0.5735,1.7755973052978515,0.8177570093457944,0.7637178051511758,0.7565,0.90625,
130,fedavg,0,4,3,False,False,0.6763717805151176,0.6455,1.4548821334838866,0.3878504672897196,0.9316909294512878,0.8775,0.8333333333333334,
130,fedavg,0,4,4,False,False,0.6416573348264278,0.665,1.3536403732299804,0.8598130841121495,0.944568868980963,0.932,0.9895833333333334,
130,fedavg,0,4,5,False,False,0.685330347144457,0.6605,1.2976423797607421,0.4532710280373832,0.9378499440089586,0.888,0.9166666666666666,
130,fedavg,0,4,6,False,False,0.6002239641657334,0.5745,1.5770765533447266,0.3598130841121495,0.8269876819708847,0.769,0.84375,
130,fedavg,0,4,7,False,False,0.6825307950727884,0.6425,1.4265716400146484,0.308411214953271,0.723404255319149,0.6685,0.7395833333333334,
130,fedavg,0,4,8,False,False,0.6483762597984323,0.637,1.4545682067871093,0.5420560747663551,0.8561030235162373,0.8345,0.75,
130,fedavg,0,4,9,False,True,0.7278835386338186,0.7025,1.223676742553711,0.49065420560747663,0.9092945128779395,0.8665,0.90625,
130,fedavg,0,4,33,True,False,0.4557670772676372,0.4925,1.9113144989013673,0.7990654205607477,1.0,0.999,1.0,
130,fedavg,0,4,54,True,False,0.5688689809630458,0.553,1.7247650909423828,0.4205607476635514,1.0,0.9985,1.0,
130,fedavg,0,4,56,True,False,0.38969764837625975,0.4465,2.3792916259765624,0.9205607476635514,0.9994400895856663,0.9995,1.0,
130,fedavg,0,4,98,True,False,0.4843225083986562,0.4545,2.413024963378906,0.205607476635514,1.0,0.998,1.0,
132,fedavg,0,4,0,False,False,0.6494960806270997,0.642,1.5060538482666015,0.5794392523364486,0.8303471444568868,0.801,0.6979166666666666,
132,fedavg,0,4,1,False,False,0.5884658454647256,0.571,1.6861759948730468,0.4252336448598131,0.8762597984322509,0.831,0.8125,
132,fedavg,0,4,2,False,False,0.5442329227323628,0.5735,1.7755973052978515,0.8177570093457944,0.7637178051511758,0.7565,0.8958333333333334,
132,fedavg,0,4,3,False,False,0.6763717805151176,0.6455,1.4548821334838866,0.3878504672897196,0.9316909294512878,0.8775,0.8125,
132,fedavg,0,4,4,False,False,0.6416573348264278,0.665,1.3536403732299804,0.8598130841121495,0.944568868980963,0.932,1.0,
132,fedavg,0,4,5,False,False,0.685330347144457,0.6605,1.2976423797607421,0.4532710280373832,0.9378499440089586,0.888,0.8645833333333334,
132,fedavg,0,4,6,False,False,0.6002239641657334,0.5745,1.5770765533447266,0.3598130841121495,0.8269876819708847,0.769,0.78125,
132,fedavg,0,4,7,False,False,0.6763717805151176,0.642,1.3505656814575195,0.35514018691588783,0.673572228443449,0.629,0.65625,
132,fedavg,0,4,8,False,False,0.6483762597984323,0.637,1.4545682067871093,0.5420560747663551,0.8561030235162373,0.8345,0.75,
132,fedavg,0,4,9,False,False,0.7278835386338186,0.7025,1.223676742553711,0.49065420560747663,0.9092945128779395,0.8665,0.9270833333333334,
132,fedavg,0,4,33,True,False,0.4557670772676372,0.4925,1.9113144989013673,0.7990654205607477,1.0,0.999,1.0,
132,fedavg,0,4,54,True,False,0.5688689809630458,0.553,1.7247650909423828,0.4205607476635514,1.0,0.9985,1.0,
132,fedavg,0,4,56,True,False,0.38969764837625975,0.4465,2.3792916259765624,0.9205607476635514,0.9994400895856663,0.9995,1.0,
132,fedavg,0,4,98,True,False,0.486562150055991,0.4565,2.421410903930664,0.205607476635514,1.0,0.998,1.0,
134,fedavg,0,4,0,False,False,0.6494960806270997,0.642,1.5060538482666015,0.5794392523364486,0.8303471444568868,0.801,0.6770833333333334,
134,fedavg,0,4,1,False,False,0.5162374020156775,0.496,2.136131072998047,0.32710280373831774,0.5291153415453528,0.487,0.5833333333333334,
134,fedavg,0,4,2,False,False,0.5442329227323628,0.5735,1.7755973052978515,0.8177570093457944,0.7637178051511758,0.7565,0.8854166666666666,
134,fedavg,0,4,3,False,False,0.6763717805151176,0.6455,1.4548821334838866,0.3878504672897196,0.9316909294512878,0.8775,0.8333333333333334,
134,fedavg,0,4,4,False,False,0.6416573348264278,0.665,1.3536403732299804,0.8598130841121495,0.944568868980963,0.932,0.9895833333333334,
134,fedavg,0,4,5,False,False,0.685330347144457,0.6605,1.2976423797607421,0.4532710280373832,0.9378499440089586,0.888,0.8854166666666666,
134,fedavg,0,4,6,False,False,0.6002239641657334,0.5745,1.5770765533447266,0.3598130841121495,0.8269876819708847,0.769,0.7604166666666666,
134,fedavg,0,4,7,False,False,0.6763717805151176,0.642,1.3505656814575195,0.35514018691588783,0.673572228443449,0.629,0.6354166666666666,
134,fedavg,0,4,8,False,False,0.6483762597984323,0.637,1.4545682067871093,0.5420560747663551,0.8561030235162373,0.8345,0.7291666666666666,
134,fedavg,0,4,9,False,False,0.7278835386338186,0.7025,1.223676742553711,0.49065420560747663,0.9092945128779395,0.8665,0.8541666666666666,
134,fedavg,0,4,33,True,False,0.4557670772676372,0.4925,1.9113144989013673,0.7990654205607477,1.0,0.999,1.0,
134,fedavg,0,4,54,True,False,0.5688689809630458,0.553,1.7247650909423828,0.4205607476635514,1.0,0.9985,1.0,
134,fedavg,0,4,56,True,False,0.4720044792833147,0.51,2.130704330444336,0.8271028037383178,1.0,1.0,1.0,
134,fedavg,0,4,98,True,False,0.48376259798432253,0.454,2.4020548706054687,0.205607476635514,1.0,0.998,1.0,
136,fedavg,0,4,0,False,False,0.6494960806270997,0.642,1.5060538482666015,0.5794392523364486,0.8303471444568868,0.801,0.6875,
136,fedavg,0,4,1,False,False,0.5162374020156775,0.496,2.136131072998047,0.32710280373831774,0.5291153415453528,0.487,0.46875,
136,fedavg,0,4,2,False,False,0.5442329227323628,0.5735,1.7755973052978515,0.8177570093457944,0.7637178051511758,0.7565,0.6875,
136,fedavg,0,4,3,False,False,0.6926091825307951,0.6625,1.3826944580078124,0.411214953271028,0.9451287793952967,0.8995,0.6770833333333334,
136,fedavg,0,4,4,False,False,0.6416573348264278,0.665,1.3536403732299804,0.8598130841121495,0.944568868980963,0.932,0.96875,
136,fedavg,0,4,5,False,False,0.6366181410974244,0.6165,1.6124508209228516,0.4485981308411215,0.7866741321388577,0.743,0.6666666666666666,
136,fedavg,0,4,6,False,False,0.6002239641657334,0.5745,1.5770765533447266,0.3598130841121495,0.8269876819708847,0.769,0.71875,
136,fedavg,0,4,7,False,True,0.7284434490481523,0.7075,1.1046861572265625,0.5327102803738317,0.9440089585666294,0.9185,0.6666666666666666,
136,fedavg,0,4,8,False,False,0.6483762597984323,0.637,1.4545682067871093,0.5420560747663551,0.8561030235162373,0.8345,0.625,
136,fedavg,0,4,9,False,False,0.7278835386338186,0.7025,1.223676742553711,0.49065420560747663,0.9092945128779395,0.8665,0.7291666666666666,
136,fedavg,0,4,33,True,True,0.458006718924972,0.5005,1.8843103790283202,0.8551401869158879,1.0,0.999,1.0,
136,fedavg,0,4,54,True,False,0.5688689809630458,0.553,1.7247650909423828,0.4205607476635514,1.0,0.9985,1.0,
136,fedavg,0,4,56,True,False,0.4720044792833147,0.51,2.130704330444336,0.8271028037383178,1.0,1.0,1.0,
136,fedavg,0,4,98,True,True,0.3572228443449048,0.4005,2.4953939666748046,0.7616822429906542,1.0,1.0,1.0,
138,fedavg,0,4,0,False,False,0.6394176931690929,0.6215,1.5929866333007812,0.4719626168224299,0.9686450167973124,0.941,0.8541666666666666,
138,fedavg,0,4,1,False,False,0.5162374020156775,0.496,2.136131072998047,0.32710280373831774,0.5291153415453528,0.487,0.4791666666666667,
138,fedavg,0,4,2,False,False,0.5442329227323628,0.5735,1.7755973052978515,0.8177570093457944,0.7637178051511758,0.7565,0.7083333333333334,
138,fedavg,0,4,3,False,False,0.6926091825307951,0.6625,1.3826944580078124,0.411214953271028,0.9451287793952967,0.8995,0.6666666666666666,
138,fedavg,0,4,4,False,False,0.6416573348264278,0.665,1.3536403732299804,0.8598130841121495,0.944568868980963,0.932,0.9895833333333334,
138,fedavg,0,4,5,False,False,0.6366181410974244,0.6165,1.6124508209228516,0.4485981308411215,0.7866741321388577,0.743,0.6041666666666666,
138,fedavg,0,4,6,False,False,0.6002239641657334,0.5745,1.5770765533447266,0.3598130841121495,0.8269876819708847,0.769,0.71875,
138,fedavg,0,4,7,False,False,0.7284434490481523,0.7075,1.1046861572265625,0.5327102803738317,0.9440089585666294,0.9185,0.6666666666666666,
138,fedavg,0,4,8,False,False,0.6483762597984323,0.637,1.4545682067871093,0.5420560747663551,0.8561030235162373,0.8345,0.6354166666666666,
138,fedavg,0,4,9,False,False,0.7278835386338186,0.7025,1.223676742553711,0.49065420560747663,0.9092945128779395,0.8665,0.7708333333333334,
138,fedavg,0,4,33,True,False,0.458006718924972,0.5005,1.8843103790283202,0.8551401869158879,1.0,0.999,1.0,
138,fedavg,0,4,54,True,False,0.5688689809630458,0.553,1.7247650909423828,0.4205607476635514,1.0,0.9985,1.0,
138,fedavg,0,4,56,True,True,0.4535274356103024,0.502,2.3017462921142577,0.9065420560747663,1.0,0.999,1.0,
138,fedavg,0,4,98,True,False,0.40033594624860025,0.4195,2.586634567260742,0.5794392523364486,1.0,1.0,1.0,
140,fedavg,0,4,0,False,False,0.6394176931690929,0.6215,1.5929866333007812,0.4719626168224299,0.9686450167973124,0.941,0.8854166666666666,
140,fedavg,0,4,1,False,False,0.5162374020156775,0.496,2.136131072998047,0.32710280373831774,0.5291153415453528,0.487,0.4791666666666667,
140,fedavg,0,4,2,False,False,0.5442329227323628,0.5735,1.7755973052978515,0.8177570093457944,0.7637178051511758,0.7565,0.7291666666666666,
140,fedavg,0,4,3,False,True,0.6914893617021276,0.6695,1.4121355743408204,0.48598130841121495,0.9854423292273237,0.95,0.78125,
140,fedavg,0,4,4,False,False,0.6024636058230683,0.633,1.536640396118164,0.8878504672897196,0.9277715565509519,0.9225,0.9895833333333334,
140,fedavg,0,4,5,False,False,0.6366181410974244,0.6165,1.6124508209228516,0.4485981308411215,0.7866741321388577,0.743,0.625,
140,fedavg,0,4,6,False,False,0.6002239641657334,0.5745,1.5770765533447266,0.3598130841121495,0.8269876819708847,0.769,0.6979166666666666,
140,fedavg,0,4,7,False,False,0.7284434490481523,0.7075,1.1046861572265625,0.5327102803738317,0.9440089585666294,0.9185,0.6145833333333334,
140,fedavg,0,4,8,False,True,0.6483762597984323,0.632,1.5254317779541016,0.4953271028037383,0.9636058230683091,0.943,0.6979166666666666,
140,fedavg,0,4,9,False,False,0.7278835386338186,0.7025,1.223676742553711,0.49065420560747663,0.9092945128779395,0.8665,0.7604166666666666,
140,fedavg,0,4,33,True,False,0.458006718924972,0.5005,1.8843103790283202,0.8551401869158879,1.0,0.999,1.0,
140,fedavg,0,4,54,True,False,0.5688689809630458,0.553,1.7247650909423828,0.4205607476635514,1.0,0.9985,1.0,
140,fedavg,0,4,56,True,False,0.5145576707726764,0.554,1.7753936004638673,0.883177570093458,1.0,0.9995,1.0,
140,fedavg,0,4,98,True,False,0.3992161254199328,0.418,2.5964286041259768,0.5747663551401869,1.0,1.0,1.0,
142,fedavg,0,4,0,False,False,0.6394176931690929,0.6215,1.5929866333007812,0.4719626168224299,0.9686450167973124,0.941,0.8125,
142,fedavg,0,4,1,False,False,0.5162374020156775,0.496,2.136131072998047,0.32710280373831774,0.5291153415453528,0.487,0.4583333333333333,
142,fedavg,0,4,2,False,False,0.5442329227323628,0.5735,1.7755973052978515,0.8177570093457944,0.7637178051511758,0.7565,0.6875,
142,fedavg,0,4,3,False,True,0.6573348264277716,0.6335,1.5564541473388671,0.43457943925233644,0.9563269876819709,0.916,0.71875,
142,fedavg,0,4,4,False,False,0.6024636058230683,0.633,1.536640396118164,0.8878504672897196,0.9277715565509519,0.9225,0.9791666666666666,
142,fedavg,0,4,5,False,True,0.6780515117581187,0.664,1.3722581329345702,0.5467289719626168,0.9227323628219485,0.8825,0.7604166666666666,
142,fedavg,0,4,6,False,False,0.6002239641657334,0.5745,1.5770765533447266,0.3598130841121495,0.8269876819708847,0.769,0.6666666666666666,
142,fedavg,0,4,7,False,False,0.7284434490481523,0.7075,1.1046861572265625,0.5327102803738317,0.9440089585666294,0.9185,0.6666666666666666,
142,fedavg,0,4,8,False,False,0.6483762597984323,0.632,1.5254317779541016,0.4953271028037383,0.9636058230683091,0.943,0.7604166666666666,
142,fedavg,0,4,9,False,False,0.7278835386338186,0.7025,1.223676742553711,0.49065420560747663,0.9092945128779395,0.8665,0.78125,
142,fedavg,0,4,33,True,False,0.458006718924972,0.5005,1.8843103790283202,0.8551401869158879,1.0,0.999,0.9895833333333334,
142,fedavg,0,4,54,True,False,0.5688689809630458,0.553,1.7247650909423828,0.4205607476635514,1.0,0.9985,1.0,
142,fedavg,0,4,56,True,False,0.5145576707726764,0.554,1.7753936004638673,0.883177570093458,1.0,0.9995,1.0,
142,fedavg,0,4,98,True,False,0.40033594624860025,0.419,2.5947006072998047,0.5747663551401869,1.0,1.0,1.0,
144,fedavg,0,4,0,False,False,0.6394176931690929,0.6215,1.5929866333007812,0.4719626168224299,0.9686450167973124,0.941,0.8854166666666666,
144,fedavg,0,4,1,False,False,0.5162374020156775,0.496,2.136131072998047,0.32710280373831774,0.5291153415453528,0.487,0.4270833333333333,
144,fedavg,0,4,2,False,False,0.5442329227323628,0.5735,1.7755973052978515,0.8177570093457944,0.7637178051511758,0.7565,0.7291666666666666,
144,fedavg,0,4,3,False,False,0.6573348264277716,0.6335,1.5564541473388671,0.43457943925233644,0.9563269876819709,0.916,0.7083333333333334,
144,fedavg,0,4,4,False,False,0.6024636058230683,0.633,1.536640396118164,0.8878504672897196,0.9277715565509519,0.9225,0.9791666666666666,
144,fedavg,0,4,5,False,False,0.7211646136618142,0.705,1.1586344299316407,0.5700934579439252,0.9535274356103024,0.921,0.8229166666666666,
144,fedavg,0,4,6,False,False,0.6002239641657334,0.5745,1.5770765533447266,0.3598130841121495,0.8269876819708847,0.769,0.6770833333333334,
144,fedavg,0,4,7,False,False,0.7284434490481523,0.7075,1.1046861572265625,0.5327102803738317,0.9440089585666294,0.9185,0.65625,
144,fedavg,0,4,8,False,False,0.6483762597984323,0.632,1.5254317779541016,0.4953271028037383,0.9636058230683091,0.943,0.75,
144,fedavg,0,4,9,False,False,0.7278835386338186,0.7025,1.223676742553711,0.49065420560747663,0.9092945128779395,0.8665,0.7291666666666666,
144,fedavg,0,4,33,True,False,0.458006718924972,0.5005,1.8843103790283202,0.8551401869158879,1.0,0.999,1.0,
144,fedavg,0,4,54,True,False,0.5688689809630458,0.553,1.7247650909423828,0.4205607476635514,1.0,0.9985,1.0,
144,fedavg,0,4,56,True,False,0.5145576707726764,0.554,1.7753936004638673,0.883177570093458,1.0,0.9995,1.0,
144,fedavg,0,4,98,True,False,0.3992161254199328,0.4185,2.5949015502929687,0.5794392523364486,1.0,1.0,1.0,
146,fedavg,0,4,0,False,False,0.6394176931690929,0.6215,1.5929866333007812,0.4719626168224299,0.9686450167973124,0.941,0.9583333333333334,
146,fedavg,0,4,1,False,False,0.5162374020156775,0.496,2.136131072998047,0.32710280373831774,0.5291153415453528,0.487,0.6666666666666666,
146,fedavg,0,4,2,False,True,0.6371780515117581,0.656,1.3633197326660156,0.8130841121495327,0.9008958566629339,0.8915,0.9270833333333334,
146,fedavg,0,4,3,False,False,0.6573348264277716,0.6335,1.5564541473388671,0.43457943925233644,0.9563269876819709,0.916,0.9583333333333334,
146,fedavg,0,4,4,False,False,0.6024636058230683,0.633,1.536640396118164,0.8878504672897196,0.9277715565509519,0.9225,0.9895833333333334,
146,fedavg,0,4,5,False,False,0.7211646136618142,0.705,1.1586344299316407,0.5700934579439252,0.9535274356103024,0.921,0.9166666666666666,
146,fedavg,0,4,6,False,False,0.6024636058230683,0.5825,1.6249179077148437,0.4158878504672897,0.6690929451287794,0.619,0.7083333333333334,
146,fedavg,0,4,7,False,False,0.7284434490481523,0.7075,1.1046861572265625,0.5327102803738317,0.9440089585666294,0.9185,0.9479166666666666,
146,fedavg,0,4,8,False,True,0.6892497200447929,0.686,1.256685676574707,0.6588785046728972,0.925531914893617,0.907,0.875,
146,fedavg,0,4,9,False,False,0.7278835386338186,0.7025,1.223676742553711,0.49065420560747663,0.9092945128779395,0.8665,0.9270833333333334,
146,fedavg,0,4,33,True,False,0.458006718924972,0.5005,1.8843103790283202,0.8551401869158879,1.0,0.999,1.0,
146,fedavg,0,4,54,True,False,0.5688689809630458,0.553,1.7247650909423828,0.4205607476635514,1.0,0.9985,1.0,
146,fedavg,0,4,56,True,False,0.5145576707726764,0.554,1.7753936004638673,0.883177570093458,1.0,0.9995,1.0,
146,fedavg,0,4,98,True,True,0.5660694288913775,0.533,1.9696405487060547,0.2570093457943925,1.0,0.996,1.0,
148,fedavg,0,4,0,False,False,0.6394176931690929,0.6215,1.5929866333007812,0.4719626168224299,0.9686450167973124,0.941,0.9791666666666666,
148,fedavg,0,4,1,False,False,0.5162374020156775,0.496,2.136131072998047,0.32710280373831774,0.5291153415453528,0.487,0.6354166666666666,
148,fedavg,0,4,2,False,False,0.6769316909294513,0.6905,1.185430450439453,0.8037383177570093,0.9820828667413214,0.971,0.9583333333333334,
148,fedavg,0,4,3,False,False,0.6573348264277716,0.6335,1.5564541473388671,0.43457943925233644,0.9563269876819709,0.916,0.96875,
148,fedavg,0,4,4,False,False,0.6024636058230683,0.633,1.536640396118164,0.8878504672897196,0.9277715565509519,0.9225,0.9895833333333334,
148,fedavg,0,4,5,False,False,0.7211646136618142,0.705,1.1586344299316407,0.5700934579439252,0.9535274356103024,0.921,0.9270833333333334,
148,fedavg,0,4,6,False,False,0.6024636058230683,0.5825,1.6249179077148437,0.4158878504672897,0.6690929451287794,0.619,0.6770833333333334,
148,fedavg,0,4,7,False,False,0.7284434490481523,0.7075,1.1046861572265625,0.5327102803738317,0.9440089585666294,0.9185,0.8958333333333334,
148,fedavg,0,4,8,False,False,0.6892497200447929,0.686,1.256685676574707,0.6588785046728972,0.925531914893617,0.907,0.8020833333333334,
148,fedavg,0,4,9,False,False,0.7278835386338186,0.7025,1.223676742553711,0.49065420560747663,0.9092945128779395,0.8665,0.9270833333333334,
148,fedavg,0,4,33,True,False,0.458006718924972,0.5005,1.8843103790283202,0.8551401869158879,1.0,0.999,1.0,
148,fedavg,0,4,54,True,False,0.5688689809630458,0.553,1.7247650909423828,0.4205607476635514,1.0,0.9985,1.0,
148,fedavg,0,4,56,True,False,0.5145576707726764,0.554,1.7753936004638673,0.883177570093458,1.0,0.9995,1.0,
148,fedavg,0,4,98,True,False,0.5341545352743561,0.517,2.1340731201171876,0.37383177570093457,1.0,0.9985,1.0,
150,fedavg,0,4,0,False,False,0.6394176931690929,0.6215,1.5929866333007812,0.4719626168224299,0.9680851063829787,0.9405,0.96875,
150,fedavg,0,4,1,False,False,0.5162374020156775,0.496,2.136131072998047,0.32710280373831774,0.5291153415453528,0.487,0.6354166666666666,
150,fedavg,0,4,2,False,False,0.6931690929451289,0.7075,1.1306765747070313,0.8271028037383178,0.9776035834266518,0.968,0.9479166666666666,
150,fedavg,0,4,3,False,False,0.6573348264277716,0.6335,1.5564541473388671,0.43457943925233644,0.9557670772676372,0.9155,0.9270833333333334,
150,fedavg,0,4,4,False,False,0.6024636058230683,0.633,1.536640396118164,0.8878504672897196,0.9277715565509519,0.9225,0.9895833333333334,
150,fedavg,0,4,5,False,False,0.7211646136618142,0.705,1.1586344299316407,0.5700934579439252,0.9535274356103024,0.921,0.90625,
150,fedavg,0,4,6,False,False,0.6024636058230683,0.5825,1.6249179077148437,0.4158878504672897,0.6696528555431132,0.6195,0.6458333333333334,
150,fedavg,0,4,7,False,False,0.7284434490481523,0.7075,1.1046861572265625,0.5327102803738317,0.9440089585666294,0.918,0.9270833333333334,
150,fedavg,0,4,8,False,False,0.6892497200447929,0.686,1.256685676574707,0.6588785046728972,0.9244120940649496,0.906,0.90625,
150,fedavg,0,4,9,False,False,0.7278835386338186,0.7025,1.223676742553711,0.49065420560747663,0.9098544232922733,0.867,0.90625,
150,fedavg,0,4,33,True,False,0.458006718924972,0.5005,1.8843103790283202,0.8551401869158879,1.0,0.999,1.0,
150,fedavg,0,4,54,True,False,0.5688689809630458,0.553,1.7247650909423828,0.4205607476635514,1.0,0.9985,1.0,
150,fedavg,0,4,56,True,True,0.561030235162374,0.5875,1.518167465209961,0.8084112149532711,1.0,0.9975,1.0,
150,fedavg,0,4,98,True,False,0.5352743561030235,0.518,2.1335174713134766,0.37383177570093457,1.0,0.9985,1.0,
