alpha,seed,client_id,is_malicious,class_id,is_target_class,numerator,denominator,ratio_J
1.0,0,0,False,0,True,0.9958900107664559,0.5297313416589358,2.7222744802001184
1.0,0,0,False,1,False,1.0749868401914766,1.5648023797905344,0.994763528870432
1.0,0,0,False,2,False,0.9774900359967706,0.5518025732997893,2.565103080188907
1.0,0,0,False,3,False,0.9964892307430556,0.5813925216826246,2.4818719621291527
1.0,0,0,False,4,False,0.897288342868359,0.7474423605422108,1.7383231854070844
1.0,0,0,False,5,False,1.0361448120476413,0.8606315669485352,1.743329141532663
1.0,0,0,False,6,False,0.8963729140121408,1.2113200157634594,1.071534197308861
1.0,0,0,False,7,False,1.0371859775055974,1.1752215976909164,1.2779476890564163
1.0,0,0,False,8,False,0.9856416477802407,1.2437459416892462,1.1475287469642101
1.0,0,0,False,9,False,1.1025104993174744,1.5339097009337486,1.040780494512194
1.0,0,1,False,0,True,0.9980864296942022,0.5467686207546484,2.638043253960226
1.0,0,1,False,1,False,1.064707660547528,1.556218381452717,0.988728793215004
1.0,0,1,False,2,False,0.9857195606075172,0.5372678029504843,2.6514283957375153
1.0,0,1,False,3,False,0.9964233074700274,0.5886497173421159,2.4462693916474016
1.0,0,1,False,4,False,0.9023936264126997,0.7972491712917681,1.63575887875831
1.0,0,1,False,5,False,1.0400398512497604,0.8355946914134429,1.7987534992745513
1.0,0,1,False,6,False,0.8940719939239296,1.2138371785383744,1.0644601301433463
1.0,0,1,False,7,False,1.038878135474246,1.202272543053572,1.2487601194956763
1.0,0,1,False,8,False,0.9950601310127185,1.2495617401741075,1.1508241051341914
1.0,0,1,False,9,False,1.0846199159498688,1.4725801530287699,1.0644272283367548
1.0,0,2,False,0,True,0.9877802748879551,0.5221818233054738,2.7682469961443856
1.0,0,2,False,1,False,1.073328913285818,1.581038605452164,0.993474197708364
1.0,0,2,False,2,False,0.981951438790467,0.5529631641574259,2.598723342891843
1.0,0,2,False,3,False,0.9989260665802158,0.5732642849393965,2.5500265296278193
1.0,0,2,False,4,False,0.9059507936585318,0.7913723603129162,1.6752898996097736
1.0,0,2,False,5,False,1.0463093415754219,0.8318109610713683,1.8407792158364722
1.0,0,2,False,6,False,0.894490357958848,1.2269182674520058,1.066906274110706
1.0,0,2,False,7,False,1.0350143529667943,1.1884961197435724,1.2744266437529677
1.0,0,2,False,8,False,0.9799044245975644,1.2480300121696144,1.1490129611593947
1.0,0,2,False,9,False,1.0963438325712,1.4839244013960626,1.0811880569311083
1.0,0,3,False,0,True,0.9981991039260897,0.5629238505636548,2.5302695108878335
1.0,0,3,False,1,False,1.0773219207135731,1.5935171676397448,0.9646905104768806
1.0,0,3,False,2,False,0.9818474731173877,0.5507647851116192,2.543765768404546
1.0,0,3,False,3,False,0.9926788178522821,0.5888208544432231,2.4056078269437298
1.0,0,3,False,4,False,0.895351636338072,0.7908994416840985,1.6153685346695386
1.0,0,3,False,5,False,1.0345902578819195,0.8582841552413002,1.7200320760106242
1.0,0,3,False,6,False,0.8964403298032255,1.1804018571096675,1.0836543009824122
1.0,0,3,False,7,False,1.0382664003090127,1.177003749102125,1.2587231223139521
1.0,0,3,False,8,False,0.9897851800244398,1.2351339599134912,1.1434735953917399
1.0,0,3,False,9,False,1.0955191762502499,1.4622501791910756,1.0690488659012063
1.0,0,4,False,0,True,0.9877214934929449,0.5471643706742566,2.623586382238809
1.0,0,4,False,1,False,1.0665546359837805,1.589122887927284,0.9754483952576501
1.0,0,4,False,2,False,0.9889183586458694,0.5301200113151433,2.711220966797615
1.0,0,4,False,3,False,1.0028543880796779,0.5750976254238701,2.5343989403252882
1.0,0,4,False,4,False,0.9030214280813518,0.7603282666528993,1.7261383163824946
1.0,0,4,False,5,False,1.0440821019113022,0.8653120866325783,1.7536404504444374
1.0,0,4,False,6,False,0.905751371158578,1.2074050936655332,1.0902715261444818
1.0,0,4,False,7,False,1.02497068952994,1.1964348672101672,1.2450908996698324
1.0,0,4,False,8,False,0.9751651235285158,1.2610425105815555,1.1238985396106014
1.0,0,4,False,9,False,1.100961214406164,1.467972279916713,1.0900159134306187
1.0,0,5,False,0,True,0.9987304596818434,0.5507989452086691,2.648512610006982
1.0,0,5,False,1,False,1.076166944706773,1.5725421070183052,0.9995953212303232
1.0,0,5,False,2,False,0.9785563268008111,0.5427809369897987,2.6333470112577078
1.0,0,5,False,3,False,0.9926204289292407,0.5878296970663962,2.4664853250402037
1.0,0,5,False,4,False,0.8967044939620142,0.7646872794994936,1.7128223846202413
1.0,0,5,False,5,False,1.041922512283017,0.8652449964892667,1.7589082046118967
1.0,0,5,False,6,False,0.9005195189112548,1.1916813795559111,1.1037731537368756
1.0,0,5,False,7,False,1.0268555652315556,1.151593714681777,1.3024375986101335
1.0,0,5,False,8,False,0.9852451960484874,1.2617969244332778,1.140516863398645
1.0,0,5,False,9,False,1.1026779337035737,1.511044019057105,1.0659047980013303
1.0,0,6,False,0,True,0.9892081180001494,0.558256064734358,2.600496098175911
1.0,0,6,False,1,False,1.0682659595653021,1.5414659726021334,1.0170620088447078
1.0,0,6,False,2,False,0.9850655591175956,0.5366205953528805,2.694013594112049
1.0,0,6,False,3,False,1.0056627113131904,0.6090857988988752,2.4231252213793097
1.0,0,6,False,4,False,0.8988721335237603,0.7908511747611578,1.6680349161701449
1.0,0,6,False,5,False,1.0468859262586736,0.8466001723909593,1.8147758588294596
1.0,0,6,False,6,False,0.9003829970037394,1.2335854993236797,1.0711739784286811
1.0,0,6,False,7,False,1.0301370088910913,1.1976550096529786,1.2623077224117454
1.0,0,6,False,8,False,0.9917367999836347,1.2473250806061473,1.166860015539134
1.0,0,6,False,9,False,1.083782890713095,1.43855463167683,1.1056506245464117
1.0,0,7,True,0,True,1.0089847923711066,0.5720565628966465,2.5949539759794527
1.0,0,7,True,1,False,1.0780237832547148,1.5609135580903402,1.0160930969726616
1.0,0,7,True,2,False,0.9794773422526344,0.5557465744838559,2.592994593021392
1.0,0,7,True,3,False,0.9919030957765391,0.556970958638384,2.6201171286046145
1.0,0,7,True,4,False,0.9020640433274613,0.7671605484512356,1.729956259663147
1.0,0,7,True,5,False,1.0124048543545596,0.8292960224702478,1.7960922875020324
1.0,0,7,True,6,False,0.9031824754369451,1.2099906944482162,1.098189996799734
1.0,0,7,True,7,False,1.0299172697673487,1.1531697731140735,1.3139931520218242
1.0,0,7,True,8,False,1.0034675205138408,1.2680869258620902,1.1642287150074333
1.0,0,7,True,9,False,1.09057493179469,1.5266083815449107,1.0510221765128822
1.0,0,8,True,0,True,1.007801991355572,0.5610162990419663,2.6368317119283184
1.0,0,8,True,1,False,1.0781694064724496,1.5028764569398303,1.0530437213604702
1.0,0,8,True,2,False,0.9877173981505308,0.5374718714454214,2.697488756249478
1.0,0,8,True,3,False,0.9843746925639695,0.6146631154444244,2.3507474126811045
1.0,0,8,True,4,False,0.8979485504738101,0.7738320813579428,1.7032853179762033
1.0,0,8,True,5,False,1.0323924769448396,0.8283472339597506,1.8294270007786466
1.0,0,8,True,6,False,0.8868667284937126,1.259986360421682,1.0331781150178667
1.0,0,8,True,7,False,1.0280050796813733,1.1727742980552407,1.2866591145350377
1.0,0,8,True,8,False,1.0050439569631877,1.2582195158913754,1.1724958637668024
1.0,0,8,True,9,False,1.0916803784281282,1.4908127674423661,1.0748678693440643
1.0,0,9,False,0,True,0.9936195983822765,0.5086242915859568,2.8613722577107135
1.0,0,9,False,1,False,1.088031045461022,1.638772057874848,0.9724651538303762
1.0,0,9,False,2,False,0.9688565665796637,0.5412516125771264,2.6218726601030946
1.0,0,9,False,3,False,0.9942725783184644,0.5785998424101048,2.516972450215437
1.0,0,9,False,4,False,0.8950979856102532,0.7625675064751216,1.7192680601462194
1.0,0,9,False,5,False,1.0282273317379957,0.8259672784208565,1.8233817862393842
1.0,0,9,False,6,False,0.9013020572374264,1.1799252479411237,1.118837925219352
1.0,0,9,False,7,False,1.0255358348274801,1.1514973047799062,1.3044854085831985
1.0,0,9,False,8,False,0.9907935418709028,1.2598233226056008,1.1519266721508394
1.0,0,9,False,9,False,1.1142639681301074,1.5529715353293552,1.050935112912332
1.0,0,10,False,0,True,0.9930856417359416,0.5152559691471188,2.8238126587146093
1.0,0,10,False,1,False,1.0910959756582321,1.6215094570282562,0.9858609798791486
1.0,0,10,False,2,False,0.9671019573002814,0.5390282278354414,2.6286512018834824
1.0,0,10,False,3,False,0.9871715190482202,0.5871676998253341,2.463216980173899
1.0,0,10,False,4,False,0.8982005744187428,0.758946568893559,1.733941081308954
1.0,0,10,False,5,False,1.0271657181168485,0.8683844706859424,1.7330084391971838
1.0,0,10,False,6,False,0.9030915266958012,1.15834748352611,1.1422603915080396
1.0,0,10,False,7,False,1.040466933455468,1.172924469003732,1.2996620743885825
1.0,0,10,False,8,False,0.9860405944590429,1.27413678199554,1.1338378519212102
1.0,0,10,False,9,False,1.106579855682555,1.5042988720589663,1.0777569690692685
1.0,0,11,False,0,True,0.9959469045433907,0.5257510958308814,2.7700123529842213
1.0,0,11,False,1,False,1.0876396494722758,1.6011651638191142,0.9932866644205692
1.0,0,11,False,2,False,0.9845008394796259,0.5445497702380214,2.643651587046347
1.0,0,11,False,3,False,0.9953409063292602,0.5754733917457454,2.5291367450120785
1.0,0,11,False,4,False,0.8936404294472576,0.7624132908369051,1.7139496365509341
1.0,0,11,False,5,False,1.0313412680507414,0.8700789044295049,1.7332829427051721
1.0,0,11,False,6,False,0.8982025216826891,1.2085785070268655,1.0867386413698943
1.0,0,11,False,7,False,1.0268510403195332,1.1531585223340992,1.3020994058040902
1.0,0,11,False,8,False,0.982806026229814,1.245716776855092,1.1536503538216634
1.0,0,11,False,9,False,1.1037313531689796,1.5131145768837708,1.0666385374869367
1.0,0,12,False,0,True,0.9910879697544164,0.5377465052471591,2.6804239275289055
1.0,0,12,False,1,False,1.0784519706841438,1.587318755292221,0.988110555900781
1.0,0,12,False,2,False,0.9817518187636989,0.5206093223435905,2.7425758796846327
1.0,0,12,False,3,False,1.0046379588792596,0.6116235447884938,2.3888796240042764
1.0,0,12,False,4,False,0.897341008629836,0.7445658792232588,1.7527632691899966
1.0,0,12,False,5,False,1.0467392257676316,0.8861483666245403,1.717912090688651
1.0,0,12,False,6,False,0.901182976533506,1.2382953245822428,1.0584189925162644
1.0,0,12,False,7,False,1.0193876364085732,1.1627034472472657,1.2750854208916762
1.0,0,12,False,8,False,0.9847591261640513,1.2261476962041553,1.1680356710498827
1.0,0,12,False,9,False,1.0946596863849465,1.4848411584470733,1.0721807493428408
1.0,0,13,False,0,True,0.9942226211456677,0.528586090919498,2.761887445037514
1.0,0,13,False,1,False,1.0636374292412063,1.4578805668639276,1.071296611726154
1.0,0,13,False,2,False,0.9854376587171922,0.5501399293212988,2.630231982048673
1.0,0,13,False,3,False,1.005239135255865,0.5889203338453692,2.5064030185697526
1.0,0,13,False,4,False,0.9021629426696428,0.787935921517508,1.6812494314559225
1.0,0,13,False,5,False,1.0387870913751036,0.8700728829828964,1.7531092341807528
1.0,0,13,False,6,False,0.894432766685741,1.2171514125848983,1.0790489835370112
1.0,0,13,False,7,False,1.040015537955157,1.2475532497907393,1.2241053683092635
1.0,0,13,False,8,False,0.9941647163949779,1.2986881851357999,1.1240652519516712
1.0,0,13,False,9,False,1.0819004793755724,1.453071427038064,1.0932976557462843
1.0,0,14,False,0,True,0.999528969559089,0.5214164742476834,2.8036701625880918
1.0,0,14,False,1,False,1.0719261109325156,1.5870280110899013,0.9878625928243009
1.0,0,14,False,2,False,0.9806209846929944,0.5385815748891138,2.66296815686205
1.0,0,14,False,3,False,0.9984552535918296,0.5670381372055762,2.575328416061862
1.0,0,14,False,4,False,0.8982780978758129,0.7857054893145754,1.6721194781526192
1.0,0,14,False,5,False,1.044429882044561,0.8375617768826616,1.8238063431740812
1.0,0,14,False,6,False,0.8932305942283439,1.2182328383804595,1.072382134711093
1.0,0,14,False,7,False,1.0348066965058482,1.166543498987081,1.2974020365156564
1.0,0,14,False,8,False,0.9818084522367022,1.276255285893505,1.1251372296483826
1.0,0,14,False,9,False,1.09691396918816,1.5016369131094427,1.0683754853897984
1.0,0,15,False,0,True,0.9888695819668392,0.5967639263727095,2.4133405149378695
1.0,0,15,False,1,False,1.0681728093430183,1.5652198852677188,0.9939128613796382
1.0,0,15,False,2,False,0.9858658461788008,0.5148798404636347,2.78865046334581
1.0,0,15,False,3,False,1.001432373112464,0.5995476773741997,2.4326523606249424
1.0,0,15,False,4,False,0.8983387148280878,0.7568940572087481,1.7285707890185793
1.0,0,15,False,5,False,1.0357893562988834,0.8994579425981286,1.6771531851139798
1.0,0,15,False,6,False,0.9102719471211115,1.1821163044716214,1.1214840463048785
1.0,0,15,False,7,False,1.0230492546165115,1.1874455029784523,1.254772536777172
1.0,0,15,False,8,False,0.9947099822081193,1.2535635019296734,1.155665865353471
1.0,0,15,False,9,False,1.093500134326164,1.4441113613351138,1.1028090070870575
1.0,0,16,False,0,True,0.9895803842578929,0.5262315287039534,2.7151831372751674
1.0,0,16,False,1,False,1.0767641206490681,1.6214897464266078,0.9588071936340223
1.0,0,16,False,2,False,0.9774390594535612,0.5438135340896875,2.595162713351227
1.0,0,16,False,3,False,0.9959708241141854,0.5919792260081588,2.429210024154722
1.0,0,16,False,4,False,0.9000440996351211,0.7546400779752269,1.7220622145210662
1.0,0,16,False,5,False,1.0395826784006559,0.8515619837904935,1.7626564897295687
1.0,0,16,False,6,False,0.9030958104144464,1.1799758821132693,1.1050593702866132
1.0,0,16,False,7,False,1.0325305436557335,1.1932527544577647,1.249382379624031
1.0,0,16,False,8,False,0.9739365345941702,1.2315330433678762,1.1418511754100575
1.0,0,16,False,9,False,1.1110548428351918,1.5055222230669616,1.065548546151895
1.0,0,17,False,0,True,0.9833180976150054,0.5934503409039587,2.428315138171727
1.0,0,17,False,1,False,1.060105032189465,1.5022295020820635,1.0342082739658698
1.0,0,17,False,2,False,0.9874456101636209,0.5305082331393823,2.7278246767655623
1.0,0,17,False,3,False,1.0071024013012202,0.570147719503441,2.5886994925868354
1.0,0,17,False,4,False,0.8993439707963804,0.8017407761998501,1.64394488759971
1.0,0,17,False,5,False,1.0531073610284836,0.8535131680784961,1.808247283070415
1.0,0,17,False,6,False,0.9064764783113356,1.2126604077990026,1.0955009019096196
1.0,0,17,False,7,False,1.0376276343060404,1.230365332585802,1.2359555225193934
1.0,0,17,False,8,False,0.9788789610770088,1.2342575835749727,1.162300939139697
1.0,0,17,False,9,False,1.0865956377182096,1.4711269361330306,1.082463368554103
1.0,0,18,False,0,True,0.9958505824288901,0.50743548839253,2.870394066846046
1.0,0,18,False,1,False,1.076677764230184,1.6055217291015824,0.980839021485976
1.0,0,18,False,2,False,0.9734144221892125,0.5651971689411414,2.5189872990347015
1.0,0,18,False,3,False,0.9894476632943093,0.612382951138391,2.363186053256693
1.0,0,18,False,4,False,0.9040080995185792,0.7318864116942836,1.80657841337211
1.0,0,18,False,5,False,1.028313489827278,0.8592410072387036,1.7504056908617696
1.0,0,18,False,6,False,0.9004504092663534,1.198667990347534,1.0987251632465185
1.0,0,18,False,7,False,1.0513926617582872,1.1745551006381165,1.3092413866191566
1.0,0,18,False,8,False,0.9834076488383388,1.2301043834275553,1.1692834287288763
1.0,0,18,False,9,False,1.0970373590093747,1.5150077690801618,1.0590945583081048
1.0,0,19,False,0,True,0.9899773393343546,0.5486282880890223,2.6239503501746837
1.0,0,19,False,1,False,1.0609163284804637,1.4987166357481385,1.0293668116995103
1.0,0,19,False,2,False,0.9826861663121611,0.5412394079677861,2.640182744020216
1.0,0,19,False,3,False,1.0059939919140506,0.5818061122937961,2.514349605734876
1.0,0,19,False,4,False,0.9021849569803413,0.7796649038329927,1.6826591538116344
1.0,0,19,False,5,False,1.0447148638876478,0.8845540326464307,1.7174415406112642
1.0,0,19,False,6,False,0.9029058721897765,1.2313437990572864,1.0662810870731514
1.0,0,19,False,7,False,1.0345958763183751,1.1782146232155002,1.2768941305227517
1.0,0,19,False,8,False,0.9891785360345277,1.2820118254904456,1.12199574291802
1.0,0,19,False,9,False,1.0868458566079195,1.4738203716586014,1.0723386391866403
1.0,0,20,False,0,True,0.9963141970524484,0.5404071485687378,2.686360357480232
1.0,0,20,False,1,False,1.0790439353367054,1.587804948102002,0.990218449076434
1.0,0,20,False,2,False,0.9770743965614928,0.5348114520989248,2.6620485457149603
1.0,0,20,False,3,False,0.9935584546431624,0.6072403645161449,2.384085505709618
1.0,0,20,False,4,False,0.899832712316692,0.7599102155952879,1.7253949830751625
1.0,0,20,False,5,False,1.0202977203669825,0.8480601952856458,1.7530296964828815
1.0,0,20,False,6,False,0.905163416555017,1.208195480764413,1.0916384459006285
1.0,0,20,False,7,False,1.041998358633525,1.186079273998898,1.2800954511329083
1.0,0,20,False,8,False,0.9845557837363327,1.2243845514747362,1.1716867611067088
1.0,0,20,False,9,False,1.1021607218134293,1.5031063695952092,1.0684255154837758
1.0,0,21,False,0,True,1.0080048795590817,0.5426746623968383,2.6993369804996457
1.0,0,21,False,1,False,1.080733555172909,1.5770026191497166,0.9959103276400073
1.0,0,21,False,2,False,0.9765566291583933,0.536141389758122,2.646988847603326
1.0,0,21,False,3,False,0.9840874218523377,0.5566845134701293,2.568967180018229
1.0,0,21,False,4,False,0.89647521201567,0.758732957502761,1.717051618488762
1.0,0,21,False,5,False,1.0302195703917418,0.8499309414570102,1.7614899534220472
1.0,0,21,False,6,False,0.8869867355300465,1.1950389978385083,1.0786214735431856
1.0,0,21,False,7,False,1.0373694527490493,1.1791314641755957,1.278513274971172
1.0,0,21,False,8,False,0.9879471179249567,1.2951192576055646,1.1085568051215828
1.0,0,21,False,9,False,1.1116196209844482,1.5095431966457546,1.0701500434069688
1.0,0,22,False,0,True,0.9933295551147634,0.5598832372209852,2.5796560612994113
1.0,0,22,False,1,False,1.0753793381157626,1.579535963758017,0.9899154061610805
1.0,0,22,False,2,False,0.9834166032820788,0.5490503925514735,2.604301397320554
1.0,0,22,False,3,False,0.9946815608019766,0.5689841683258359,2.541849299366917
1.0,0,22,False,4,False,0.8946241915357961,0.8014205941502242,1.6231028990239178
1.0,0,22,False,5,False,1.0346777825834066,0.8466979179482311,1.7768163663240013
1.0,0,22,False,6,False,0.9026258619061113,1.2031325964915747,1.0908378366882097
1.0,0,22,False,7,False,1.0348379591654113,1.156680954339165,1.3008423886093716
1.0,0,22,False,8,False,0.9946621725751045,1.2278784319415055,1.1778395820043737
1.0,0,22,False,9,False,1.0917657703340244,1.5067357432729875,1.0535576310214183
1.0,0,23,False,0,True,0.9806886262475139,0.5257072695338538,2.6967872333891254
1.0,0,23,False,1,False,1.0736511554117616,1.5738938062920111,0.9861598049727837
1.0,0,23,False,2,False,0.9773818657260983,0.5456682538506897,2.589375989255446
1.0,0,23,False,3,False,1.0010846038897363,0.6061265186047707,2.3876299864558423
1.0,0,23,False,4,False,0.9048236902936876,0.7709965239404237,1.696567215469948
1.0,0,23,False,5,False,1.043668743205645,0.8451441391756951,1.785218671582587
1.0,0,23,False,6,False,0.8992888899347922,1.1994486376584779,1.0838697612684118
1.0,0,23,False,7,False,1.0444110242900615,1.1991862084080631,1.259053978875051
1.0,0,23,False,8,False,0.9806261047214622,1.2103193783438106,1.1712861041938916
1.0,0,23,False,9,False,1.0943744985564208,1.5235092641922041,1.0384375708456668
1.0,0,24,False,0,True,1.0088717103765483,0.5550243321941595,2.623337949982654
1.0,0,24,False,1,False,1.0729708878906945,1.5178860646948322,1.0201853566916879
1.0,0,24,False,2,False,0.9767347347267539,0.5328035524965622,2.6456953938777223
1.0,0,24,False,3,False,0.9959251271620913,0.5773901928596545,2.4893594300380877
1.0,0,24,False,4,False,0.8945722773527793,0.7614360934044367,1.6955566195567755
1.0,0,24,False,5,False,1.0289197112728672,0.8743089350269666,1.6984270232234235
1.0,0,24,False,6,False,0.8978231117245096,1.2213109672203313,1.0609498223958778
1.0,0,24,False,7,False,1.0379875963065452,1.2035602937653034,1.2446711775535733
1.0,0,24,False,8,False,0.997524107977049,1.2418179141119157,1.1592999056890572
1.0,0,24,False,9,False,1.0886705253976943,1.514461654225838,1.0374531749088791
1.0,0,25,False,0,True,0.984285364560366,0.5777815697585073,2.4859610328902253
1.0,0,25,False,1,False,1.049896642290648,1.4909596969165075,1.0275846699698095
1.0,0,25,False,2,False,0.9936391021420777,0.5447335375774287,2.6618374636938404
1.0,0,25,False,3,False,1.0100950666735793,0.5894499068148363,2.500646601746534
1.0,0,25,False,4,False,0.9034265477684363,0.8038381835975125,1.6400654892507074
1.0,0,25,False,5,False,1.0489517404469433,0.8584461383094324,1.7831153157795836
1.0,0,25,False,6,False,0.9132592918350513,1.2517073771750957,1.064702469755512
1.0,0,25,False,7,False,1.0284868739612436,1.2269398376673935,1.2232422116096664
1.0,0,25,False,8,False,0.9935420197579666,1.2709610388366106,1.1407513085846601
1.0,0,25,False,9,False,1.0744175507335525,1.3851827133466748,1.1318868245816864
1.0,0,26,False,0,True,1.00486430838392,0.552603864519857,2.6262925283466636
1.0,0,26,False,1,False,1.0736522815550162,1.5792581288771423,0.9818838692495029
1.0,0,26,False,2,False,0.9780859180158865,0.5259294526063297,2.6859573282740214
1.0,0,26,False,3,False,0.9948099114871954,0.6019355824107839,2.3869299945386055
1.0,0,26,False,4,False,0.896891918505477,0.7365571449029118,1.7586655609566744
1.0,0,26,False,5,False,1.0362530090692852,0.8773196323255958,1.7059156433672895
1.0,0,26,False,6,False,0.8970583874476692,1.2291908501798736,1.0540251833096626
1.0,0,26,False,7,False,1.0340932074740874,1.1952271727790884,1.2495649142932126
1.0,0,26,False,8,False,0.9910941161000213,1.2759342144371275,1.1218536610660248
1.0,0,26,False,9,False,1.0931966352004918,1.4260439569612904,1.1071716803396299
1.0,0,27,False,0,True,0.9781189839529184,0.537499736634852,2.687961837806113
1.0,0,27,False,1,False,1.0722144096738477,1.5656924497640128,1.0115441632728506
1.0,0,27,False,2,False,0.986681377849189,0.5631875435079415,2.587816974963171
1.0,0,27,False,3,False,1.010272091498242,0.5429638592965077,2.7483820224052966
1.0,0,27,False,4,False,0.9070934237921622,0.7513981460764402,1.783165140871217
1.0,0,27,False,5,False,1.0397559952790554,0.8471554529139789,1.812917281531685
1.0,0,27,False,6,False,0.9093035257544799,1.1890084351421177,1.1296232063349494
1.0,0,27,False,7,False,1.0231547537324592,1.2573745402970442,1.2019498021463697
1.0,0,27,False,8,False,0.9794046557945465,1.2562450496645163,1.151588891956323
1.0,0,27,False,9,False,1.0940010939989147,1.489474786702588,1.084911384672256
1.0,0,28,False,0,True,1.0025335707528884,0.5294351356313894,2.7694431398286112
1.0,0,28,False,1,False,1.082437862479593,1.57843266525622,1.0029590542326647
1.0,0,28,False,2,False,0.9748883086707633,0.5475848809840036,2.603812465620667
1.0,0,28,False,3,False,0.9925621276213261,0.5889976968428763,2.464622403242636
1.0,0,28,False,4,False,0.8943324594424759,0.784086720002467,1.6681733681647268
1.0,0,28,False,5,False,1.0345976835358883,0.833368122167043,1.8156866737384643
1.0,0,28,False,6,False,0.8903902494845548,1.1993600688446104,1.0857681509975847
1.0,0,28,False,7,False,1.0433385719269195,1.1762469878582686,1.2972779231642608
1.0,0,28,False,8,False,0.9862511666066782,1.232510503519234,1.1703161256477344
1.0,0,28,False,9,False,1.0986689893869974,1.5299772188938874,1.050239118316324
1.0,0,29,False,0,True,0.9936099517388415,0.5238974391706044,2.718098039353399
1.0,0,29,False,1,False,1.0868085692229978,1.6087844602030787,0.9681678384362026
1.0,0,29,False,2,False,0.9751184159472503,0.5537662257609172,2.5236339091700333
1.0,0,29,False,3,False,0.9920281237366322,0.5815703688224656,2.4446527226091908
1.0,0,29,False,4,False,0.9006517045958321,0.7587638011991603,1.701162231062659
1.0,0,29,False,5,False,1.0279330875672,0.8305308292030353,1.7737995801466144
1.0,0,29,False,6,False,0.8997697366012853,1.1892246905252433,1.0843336231113856
1.0,0,29,False,7,False,1.0291266015538254,1.1366384861568644,1.2976031989825616
1.0,0,29,False,8,False,0.9867485173095116,1.2371809755884218,1.143059163586058
1.0,0,29,False,9,False,1.1082061051626344,1.5796427233702088,1.0054422418855762
1.0,0,30,True,0,True,1.0112218888164608,0.5920916348283681,2.4662682478764744
1.0,0,30,True,1,False,1.0732354342619885,1.4510914934639647,1.0680288447237323
1.0,0,30,True,2,False,0.9855603593342591,0.538110935925475,2.644808209050449
1.0,0,30,True,3,False,0.9944795046975966,0.5749152802770119,2.4978983477856755
1.0,0,30,True,4,False,0.8994770004640914,0.785620622304729,1.6533315873527517
1.0,0,30,True,5,False,1.022949938357329,0.8961448844051242,1.6483860318611117
1.0,0,30,True,6,False,0.895321323492943,1.2302397683366357,1.0509255276542029
1.0,0,30,True,7,False,1.0294582884593584,1.2018713657468014,1.2368970150130254
1.0,0,30,True,8,False,1.008334270668008,1.257741039996774,1.1577001006506735
1.0,0,30,True,9,False,1.0799615486126857,1.472172974715116,1.059332331009963
1.0,0,31,False,0,True,0.9925381399255057,0.5293859524081097,2.73891137245314
1.0,0,31,False,1,False,1.067883964618785,1.5289918543620227,1.0202863614868265
1.0,0,31,False,2,False,0.9773390973024815,0.5464210082866356,2.6128896711370757
1.0,0,31,False,3,False,0.9886731713153728,0.5941122169237576,2.4310139677559888
1.0,0,31,False,4,False,0.9024757079669009,0.7685609705051467,1.715380159303427
1.0,0,31,False,5,False,1.0463773462184252,0.8496204398383076,1.7991466506259526
1.0,0,31,False,6,False,0.8864574257265874,1.1731960437509614,1.1038002306731938
1.0,0,31,False,7,False,1.0509453186795534,1.2554376257776108,1.2228921789816511
1.0,0,31,False,8,False,0.9816610391166992,1.2490747356124747,1.1480910157164044
1.0,0,31,False,9,False,1.1056485821203101,1.5051991525349728,1.073065756790295
1.0,0,32,False,0,True,0.9930257219907361,0.5271950571451712,2.7893467304488193
1.0,0,32,False,1,False,1.0720034088424113,1.5362705745803638,1.0333365441580917
1.0,0,32,False,2,False,0.984005708951873,0.5464303358688967,2.6667122180813245
1.0,0,32,False,3,False,1.0062306905053797,0.6007306809055261,2.4804534476407456
1.0,0,32,False,4,False,0.9009731688671879,0.7848722718171652,1.6999110845227727
1.0,0,32,False,5,False,1.0405128360386486,0.8636333090438465,1.7841501159967477
1.0,0,32,False,6,False,0.8937713142147133,1.2039337177031613,1.0993530069444786
1.0,0,32,False,7,False,1.04187645482844,1.2155145459304952,1.2693149572664484
1.0,0,32,False,8,False,0.9789342785247633,1.2457467191651388,1.163689507488138
1.0,0,32,False,9,False,1.0886672354889462,1.475672787840235,1.0924923845498997
1.0,0,33,True,0,True,1.0115811900107623,0.549149524633386,2.6695655954116395
1.0,0,33,True,1,False,1.0854197324782007,1.5899104766290084,0.9893626360514204
1.0,0,33,True,2,False,0.9775946100287729,0.5201824112172433,2.7235389989355845
1.0,0,33,True,3,False,0.9863572667969865,0.6079653744885369,2.351179932605197
1.0,0,33,True,4,False,0.8962981286652463,0.7500881145566585,1.7316920739049448
1.0,0,33,True,5,False,1.0174874255968722,0.8390889892247348,1.75732259078958
1.0,0,33,True,6,False,0.8980594236640383,1.2263872802591023,1.0612260457490448
1.0,0,33,True,7,False,1.021003536207692,1.1552126337223743,1.2808426482166881
1.0,0,33,True,8,False,1.0145462232862572,1.2916914426688482,1.138265360059201
1.0,0,33,True,9,False,1.0916527927255155,1.4703237526001076,1.0759746027540023
1.0,0,34,False,0,True,0.9901949597332004,0.5674906040219265,2.547926299266054
1.0,0,34,False,1,False,1.06549081012394,1.5633690039156258,0.995206116580142
1.0,0,34,False,2,False,0.9828403252821823,0.530162865005955,2.7070637787670675
1.0,0,34,False,3,False,1.0006521299737077,0.5903788566906846,2.475011116749075
1.0,0,34,False,4,False,0.8966903109514761,0.7635850679503117,1.7147857879615762
1.0,0,34,False,5,False,1.0467821972866092,0.9062922193794771,1.686603129647668
1.0,0,34,False,6,False,0.9013344331253034,1.204254061007018,1.0929308084815734
1.0,0,34,False,7,False,1.0319484666144245,1.193521243608506,1.2625619071405718
1.0,0,34,False,8,False,0.9910041683302988,1.2481753229502277,1.1593770909570835
1.0,0,34,False,9,False,1.0930623021244237,1.4327707554702682,1.1140201171435151
1.0,0,35,False,0,True,0.9969399187780024,0.5205510381497076,2.7822446081343504
1.0,0,35,False,1,False,1.075286449284251,1.504047673690171,1.0386093092006947
1.0,0,35,False,2,False,0.9794072205445131,0.5562891932961224,2.5577159899652373
1.0,0,35,False,3,False,0.9941218871499152,0.5830492182722996,2.476988889046478
1.0,0,35,False,4,False,0.9028551390615942,0.7487539895149061,1.751735637115332
1.0,0,35,False,5,False,1.0407821771089185,0.8408292726483462,1.798215198632692
1.0,0,35,False,6,False,0.8887168786925383,1.2501620684992674,1.0327298999622427
1.0,0,35,False,7,False,1.0432459547974435,1.2168787759511166,1.2454578469685267
1.0,0,35,False,8,False,0.9827736586042272,1.2609751901162627,1.1322350787025506
1.0,0,35,False,9,False,1.0958704082884345,1.5184635798618007,1.0484421208990444
1.0,0,36,False,0,True,0.9925593055638627,0.5338093973846129,2.709674370845582
1.0,0,36,False,1,False,1.0820187775347991,1.6002216802792188,0.9853749121520066
1.0,0,36,False,2,False,0.9831598868005843,0.5532390332706721,2.5897520790917827
1.0,0,36,False,3,False,0.9982192763463529,0.5677282950034256,2.5623135065290996
1.0,0,36,False,4,False,0.8919267579461221,0.7914540288211303,1.6422919046296303
1.0,0,36,False,5,False,1.037073607477585,0.8348744266657251,1.810236331958106
1.0,0,36,False,6,False,0.9015809901016059,1.2039301220411294,1.0913154878997606
1.0,0,36,False,7,False,1.020254797005492,1.1496648111507801,1.2932552792991805
1.0,0,36,False,8,False,0.9965013342881325,1.2684522950372608,1.1448553006045472
1.0,0,36,False,9,False,1.0967049596845886,1.4966259103460446,1.0678823316938157
1.0,0,37,False,0,True,0.9780104772935824,0.5627811639432425,2.5247241291753344
1.0,0,37,False,1,False,1.0723036129096428,1.5380747493166624,1.0128620600434668
1.0,0,37,False,2,False,0.9781810280934566,0.5260957335247409,2.701247837725027
1.0,0,37,False,3,False,0.9998333595359253,0.6042944162619186,2.403748455910916
1.0,0,37,False,4,False,0.9005177485128693,0.7768707316418205,1.6840442299564728
1.0,0,37,False,5,False,1.0495412474251942,0.8463721827378441,1.8015574116892017
1.0,0,37,False,6,False,0.9060478657186676,1.21797033213639,1.0807479207646309
1.0,0,37,False,7,False,1.036495565077613,1.1949477556851762,1.2601681734352093
1.0,0,37,False,8,False,0.98162974373865,1.1887544568368607,1.1996803009508872
1.0,0,37,False,9,False,1.0974387501042757,1.5438384779153442,1.0327338369792116
1.0,0,38,False,0,True,0.997816006731016,0.5273164260027045,2.7210535779005225
1.0,0,38,False,1,False,1.083473701059455,1.5961417210766782,0.9761236858860276
1.0,0,38,False,2,False,0.9749418728330602,0.5511611033440453,2.5436543095642374
1.0,0,38,False,3,False,0.9950109329249607,0.5717146389606013,2.5026865903594087
1.0,0,38,False,4,False,0.8953214420928185,0.750793103550187,1.7148124872799115
1.0,0,38,False,5,False,1.0334878622347785,0.8202930364643096,1.8117333641555131
1.0,0,38,False,6,False,0.9009462070235282,1.2093065995437937,1.0713228422973688
1.0,0,38,False,7,False,1.021821997965601,1.1596940952565196,1.267038258450975
1.0,0,38,False,8,False,0.988177077307577,1.283811670739331,1.106856659866321
1.0,0,38,False,9,False,1.1090032108339833,1.5297676050618303,1.0424740912584485
1.0,0,39,False,0,True,0.9939047843804706,0.5447718672217325,2.6527485924503535
1.0,0,39,False,1,False,1.0731561383805952,1.5443061681771388,1.0104050111760217
1.0,0,39,False,2,False,0.9844754105571878,0.5493311376347977,2.605773360707611
1.0,0,39,False,3,False,1.0019073478025473,0.5819622020428481,2.503218539506354
1.0,0,39,False,4,False,0.8956267552384309,0.7804184028518093,1.668651105576429
1.0,0,39,False,5,False,1.037836326667866,0.8555383952088068,1.76382440210722
1.0,0,39,False,6,False,0.8968956449968968,1.1889044332407464,1.0968846331780149
1.0,0,39,False,7,False,1.026233172591314,1.1962703791074252,1.247333777698438
1.0,0,39,False,8,False,0.9921713056420094,1.265550131236981,1.1399171641909018
1.0,0,39,False,9,False,1.0977931137426817,1.4929468832777137,1.0691585891277071
1.0,0,40,False,0,True,0.9970539464585818,0.5408932033474593,2.6954618950980875
1.0,0,40,False,1,False,1.0818211112917169,1.5688473096923932,1.0083257060737636
1.0,0,40,False,2,False,0.9783623795381156,0.5331539344747183,2.683324465308307
1.0,0,40,False,3,False,0.9990613478548421,0.5962598520237186,2.4500934729110657
1.0,0,40,False,4,False,0.8993099258904227,0.758217879351309,1.7343687103494545
1.0,0,40,False,5,False,1.0307553016859323,0.8679544062015829,1.7365397514018648
1.0,0,40,False,6,False,0.8958908844345068,1.2436344047784538,1.0533882112995852
1.0,0,40,False,7,False,1.03800564696711,1.1563781279205718,1.312580390236072
1.0,0,40,False,8,False,0.9846013444249169,1.2321382637818117,1.1684954992665013
1.0,0,40,False,9,False,1.095138111453855,1.502522618427982,1.0657956385701963
1.0,0,41,False,0,True,0.9912233695423857,0.5689291986608404,2.578407998878849
1.0,0,41,False,1,False,1.0562392121385682,1.46904908094121,1.0640555736709956
1.0,0,41,False,2,False,0.9860074615896814,0.534873888997525,2.728143023100106
1.0,0,41,False,3,False,1.0028404538697229,0.5812414563769221,2.5533690678505834
1.0,0,41,False,4,False,0.8999277700331262,0.8082837884914127,1.6477150768474984
1.0,0,41,False,5,False,1.0545891577229036,0.8507957072209565,1.8344097181999441
1.0,0,41,False,6,False,0.8995971391502776,1.2448498887721557,1.069471981576126
1.0,0,41,False,7,False,1.030865296189364,1.2490136681714372,1.221442589367607
1.0,0,41,False,8,False,0.9992599555118135,1.268010753482353,1.1662559638103236
1.0,0,41,False,9,False,1.0794499704591516,1.424952568885188,1.121089901594048
1.0,0,42,False,0,True,0.9946471549994308,0.5269729359527667,2.7611519672790417
1.0,0,42,False,1,False,1.0736554208122069,1.5632030636359902,1.00475251096601
1.0,0,42,False,2,False,0.9813218051967476,0.5522003716817531,2.599706565718819
1.0,0,42,False,3,False,0.9977125449137406,0.5894917959691712,2.475923626779194
1.0,0,42,False,4,False,0.9037827336241911,0.7565649247970795,1.747541160297556
1.0,0,42,False,5,False,1.0387675960537675,0.8871976484616266,1.7128036826566948
1.0,0,42,False,6,False,0.8997572782081772,1.2037059719181462,1.0934892799036797
1.0,0,42,False,7,False,1.0339155083145612,1.1783017461416712,1.2836248168886712
1.0,0,42,False,8,False,0.9835825123925936,1.2459526326855137,1.1548320892033748
1.0,0,42,False,9,False,1.0928579559405074,1.496408908756282,1.0683732602183231
1.0,0,43,False,0,True,0.9970087074958974,0.5342207662526003,2.7336901133246023
1.0,0,43,False,1,False,1.0620829376060346,1.508058918582718,1.0315997288146848
1.0,0,43,False,2,False,0.9839814289077243,0.5539467983005332,2.6018960514943337
1.0,0,43,False,3,False,0.9967365581957313,0.5867811331431774,2.488143034801579
1.0,0,43,False,4,False,0.8966672178010422,0.7716813786855111,1.7020188611671436
1.0,0,43,False,5,False,1.0437027129910064,0.8544624458062826,1.789183684343225
1.0,0,43,False,6,False,0.8946063383871073,1.2244053074817545,1.070231832097056
1.0,0,43,False,7,False,1.0382515026956451,1.231599011822939,1.2348219286423936
1.0,0,43,False,8,False,0.9928523425560758,1.2659566337615897,1.1487801764350472
1.0,0,43,False,9,False,1.094111001026648,1.4688876061628944,1.0910481445374596
1.0,0,44,False,0,True,0.9960560704638208,0.5275135715631916,2.761641731714889
1.0,0,44,False,1,False,1.067261184534606,1.5340046847013005,1.0175627876473359
1.0,0,44,False,2,False,0.9807646361747356,0.5427563130887332,2.6428779150396124
1.0,0,44,False,3,False,0.9919906021068531,0.5906846695120844,2.4562300816257943
1.0,0,44,False,4,False,0.905167073771465,0.7462601645663648,1.7740084156565321
1.0,0,44,False,5,False,1.0354797705962555,0.8638412168628734,1.7531734475314422
1.0,0,44,False,6,False,0.897748319198164,1.248153823273937,1.051970780119068
1.0,0,44,False,7,False,1.045407901541287,1.2252244008082998,1.247921676519239
1.0,0,44,False,8,False,0.9808493702542418,1.2458593756239844,1.15146430716947
1.0,0,44,False,9,False,1.0992742396130055,1.4757017799992311,1.0894934842214674
1.0,0,45,False,0,True,0.9823496441310902,0.5640518660304334,2.542987129493521
1.0,0,45,False,1,False,1.0756533032211537,1.5580782275378597,1.0080455730870033
1.0,0,45,False,2,False,0.9773701455337537,0.5438088359895444,2.624278482487328
1.0,0,45,False,3,False,1.007533823234085,0.5692145547441503,2.5845250650144798
1.0,0,45,False,4,False,0.8920276017500018,0.7718960473873189,1.6873943324157779
1.0,0,45,False,5,False,1.0491543013004176,0.8657213056057567,1.7695317933302095
1.0,0,45,False,6,False,0.9014841886220282,1.2080394067179876,1.0896176333750793
1.0,0,45,False,7,False,1.0352942237917646,1.1932717604968344,1.2668393313191466
1.0,0,45,False,8,False,0.9848343247219028,1.2341854542644293,1.1651446985135805
1.0,0,45,False,9,False,1.0942983423196455,1.4917325412256859,1.0711292720052552
1.0,0,46,False,0,True,0.9873420440599404,0.556758488430604,2.5903934955032653
1.0,0,46,False,1,False,1.0685489966918649,1.5705388909610394,0.9938267969487067
1.0,0,46,False,2,False,0.9874454773635298,0.5423463187428589,2.659508516132641
1.0,0,46,False,3,False,1.002030285800674,0.5676574533609242,2.5784544307133395
1.0,0,46,False,4,False,0.8988445705914482,0.8066283920419466,1.6277063284194373
1.0,0,46,False,5,False,1.0482329041088778,0.8373605688961833,1.8285643097390765
1.0,0,46,False,6,False,0.9032657334933021,1.2133690222393518,1.0873956440973953
1.0,0,46,False,7,False,1.0310822167507996,1.2038290169566817,1.2511040968937053
1.0,0,46,False,8,False,0.9817047254054488,1.2306477439485364,1.1652311298810365
1.0,0,46,False,9,False,1.091503147538547,1.4708641044218733,1.0839703423793876
1.0,0,47,False,0,True,0.9907137449285783,0.5416701320202335,2.645697115848518
1.0,0,47,False,1,False,1.0710590015308308,1.5581160413450474,0.9943526174596566
1.0,0,47,False,2,False,0.9833830015213275,0.5312637611767675,2.677560723820665
1.0,0,47,False,3,False,1.0029500963401818,0.5737031014513473,2.5288260190272753
1.0,0,47,False,4,False,0.8976277665629482,0.7731936973409453,1.6793251711444621
1.0,0,47,False,5,False,1.0465129447467476,0.8608672857792886,1.7584710584679146
1.0,0,47,False,6,False,0.9017961722101538,1.180538706109149,1.1049814348066413
1.0,0,47,False,7,False,1.0290191634995443,1.177266166533093,1.264374197020862
1.0,0,47,False,8,False,0.9857743802431748,1.2938161023352701,1.1021274000708778
1.0,0,47,False,9,False,1.0911643223757101,1.5095650059088574,1.0455990076948047
1.0,0,48,False,0,True,0.9827901553521379,0.5796431423669509,2.474794823772243
1.0,0,48,False,1,False,1.0725921729957155,1.5891276346584264,0.9851785491544996
1.0,0,48,False,2,False,0.9791711764408436,0.5188806666938838,2.7544204566516806
1.0,0,48,False,3,False,0.9972778928560111,0.580258065140111,2.5086155506606773
1.0,0,48,False,4,False,0.8939627953192195,0.8117869475983932,1.6073723167124625
1.0,0,48,False,5,False,1.0428009897379313,0.8462284955292834,1.7986758055770247
1.0,0,48,False,6,False,0.9085359681044266,1.1458631111217834,1.1573067619095345
1.0,0,48,False,7,False,1.0265218929398567,1.1940862808391128,1.2547916244175696
1.0,0,48,False,8,False,0.9916975781780012,1.204104994313369,1.2021370949338408
1.0,0,48,False,9,False,1.1046491793891555,1.5300206617386858,1.0538193829083784
1.0,0,49,False,0,True,0.9958537527647218,0.5204554688836982,2.829543601817121
1.0,0,49,False,1,False,1.084015721145871,1.5898829227409397,1.008265341539945
1.0,0,49,False,2,False,0.9719387660949376,0.5374600859235229,2.67421973783268
1.0,0,49,False,3,False,0.9907109937197811,0.5752363188949816,2.5468600817702898
1.0,0,49,False,4,False,0.8906887392868746,0.7520261655538724,1.7514486661600766
1.0,0,49,False,5,False,1.0402143886928727,0.8795333380600443,1.748940173936086
1.0,0,49,False,6,False,0.9052857919061894,1.2068604613762153,1.1092592212333308
1.0,0,49,False,7,False,1.026115891231185,1.1624554624080106,1.3053425461754022
1.0,0,49,False,8,False,0.9889478959984814,1.2523690561587333,1.167738193728575
1.0,0,49,False,9,False,1.10622775990629,1.5237207199999816,1.0736026677478303
1.0,0,50,False,0,True,0.9943518652237772,0.5419791119163831,2.691053858807107
1.0,0,50,False,1,False,1.0735577845944635,1.577846354887425,0.9979885546764966
1.0,0,50,False,2,False,0.9755309414476795,0.5490795847310376,2.605977119193882
1.0,0,50,False,3,False,0.9982646015265034,0.597020887274248,2.452567629233822
1.0,0,50,False,4,False,0.8968564479101812,0.7568131312777846,1.738197504644579
1.0,0,50,False,5,False,1.0345505691479788,0.8744646111471732,1.7352990595478948
1.0,0,50,False,6,False,0.9099587263597401,1.215045008292351,1.0984851106227687
1.0,0,50,False,7,False,1.0252130147694634,1.1725557027935596,1.2824648585546832
1.0,0,50,False,8,False,0.992715740811207,1.2263098124604648,1.1873795120058543
1.0,0,50,False,9,False,1.0989997089692016,1.4888857952195735,1.0826823002502068
1.0,0,51,False,0,True,1.0054505953439772,0.5173112120737741,2.847473267072632
1.0,0,51,False,1,False,1.0817864219072981,1.6326753823336788,0.9707166812275272
1.0,0,51,False,2,False,0.9725999933408878,0.536397413507711,2.6564301356479874
1.0,0,51,False,3,False,0.9954342316448547,0.5969565760201629,2.4429841086391217
1.0,0,51,False,4,False,0.9001472233996722,0.754841388362248,1.7470633478940687
1.0,0,51,False,5,False,1.02320313682877,0.8447266014866679,1.774583761718263
1.0,0,51,False,6,False,0.8957400926105339,1.1955681487327754,1.0976363679693342
1.0,0,51,False,7,False,1.0336873693441966,1.1343529619106005,1.335032417545748
1.0,0,51,False,8,False,0.9917593995557944,1.2611883312581977,1.1520655561720545
1.0,0,51,False,9,False,1.1001909250962898,1.525981984314183,1.0562566669064928
1.0,0,52,False,0,True,0.9814799658935819,0.5769673466989245,2.513135067739445
1.0,0,52,False,1,False,1.0617496480051751,1.5131801841364538,1.036614087383678
1.0,0,52,False,2,False,0.9921508241965977,0.5467319542496754,2.680950937633385
1.0,0,52,False,3,False,1.006326517639708,0.5864018501798058,2.535299152196974
1.0,0,52,False,4,False,0.8987278177485727,0.8168927162959766,1.625357077769697
1.0,0,52,False,5,False,1.0457334692475369,0.8417247881720754,1.8354244690996775
1.0,0,52,False,6,False,0.9073083474665159,1.1953428677392366,1.1213676887583075
1.0,0,52,False,7,False,1.0365872774946343,1.1962973112110145,1.2801249842737257
1.0,0,52,False,8,False,0.985602881954176,1.2471184033450666,1.1675618684943123
1.0,0,52,False,9,False,1.084333752450106,1.479342577971771,1.0828787851285593
1.0,0,53,False,0,True,0.9939054189401207,0.5372267131239971,2.7053596680542698
1.0,0,53,False,1,False,1.0680435090961908,1.5566596716091385,1.003304644976861
1.0,0,53,False,2,False,0.9864522883816558,0.5559835518201282,2.594488160381697
1.0,0,53,False,3,False,0.9986688073112261,0.5927817621304352,2.463566012979685
1.0,0,53,False,4,False,0.8987558535830504,0.7694352945655493,1.7080759599168454
1.0,0,53,False,5,False,1.0348388456788937,0.8344538090783602,1.813459970486869
1.0,0,53,False,6,False,0.9045825443732617,1.2149776825445309,1.088723142277438
1.0,0,53,False,7,False,1.0341608097285357,1.1859813014840608,1.2751103948043034
1.0,0,53,False,8,False,0.9869914756180626,1.2663469962663019,1.1397201574781748
1.0,0,53,False,9,False,1.0935999311227793,1.4861532173774974,1.0760499716093488
1.0,0,54,True,0,True,1.0026428646064116,0.569036404769803,2.572304707026314
1.0,0,54,True,1,False,1.0734754133352407,1.5202854258283405,1.0308207840367731
1.0,0,54,True,2,False,0.9791080820876049,0.5281632585671643,2.706316876619669
1.0,0,54,True,3,False,0.9926321865349015,0.5836778434510372,2.4827405775143316
1.0,0,54,True,4,False,0.8983928692162542,0.767299551380798,1.7092970717773668
1.0,0,54,True,5,False,1.0280660621160909,0.8680612458636802,1.728967587215312
1.0,0,54,True,6,False,0.899713016351251,1.2205979643564564,1.0760874316004991
1.0,0,54,True,7,False,1.0294909225216788,1.1669421915560059,1.2879214491445312
1.0,0,54,True,8,False,1.0003049760036744,1.250337326224074,1.1679424124820277
1.0,0,54,True,9,False,1.0961727131968335,1.525598788002641,1.0489501485656478
1.0,0,55,False,0,True,0.9922039176546619,0.5186779920505398,2.7534902921367146
1.0,0,55,False,1,False,1.0642988945272163,1.5482015035603247,0.9895017331366578
1.0,0,55,False,2,False,0.9907273645693147,0.5491643009327221,2.596762877951728
1.0,0,55,False,3,False,0.9974299110082411,0.5984564837105297,2.39899997964108
1.0,0,55,False,4,False,0.9058361365676374,0.7877180653651468,1.6552335080666287
1.0,0,55,False,5,False,1.0316097458604252,0.8326695135663514,1.7832950548217303
1.0,0,55,False,6,False,0.8981461033111311,1.1960589216639426,1.0808734474263246
1.0,0,55,False,7,False,1.0433339149256518,1.1981141636427262,1.2534457892019255
1.0,0,55,False,8,False,0.9788004516084688,1.2814334949113606,1.0994576930821292
1.0,0,55,False,9,False,1.0976134582902732,1.4895055605963556,1.0606881761761195
1.0,0,56,True,0,True,1.002330516541508,0.560188776844372,2.642356417834122
1.0,0,56,True,1,False,1.0712929883309703,1.5042805326218678,1.051705816056903
1.0,0,56,True,2,False,0.9814679550596024,0.5284130049736397,2.7429473729115115
1.0,0,56,True,3,False,0.9942076164903422,0.5920945173510729,2.4797100068865356
1.0,0,56,True,4,False,0.8983058131562885,0.7542872234072474,1.758742696958803
1.0,0,56,True,5,False,1.0306668850587168,0.8701650133789713,1.7491681194902553
1.0,0,56,True,6,False,0.8952132713274144,1.2512801338780926,1.056542109069076
1.0,0,56,True,7,False,1.0361075732550247,1.2306116687920872,1.2433650848368405
1.0,0,56,True,8,False,1.0041739316945069,1.2487428133842742,1.1875469523831728
1.0,0,56,True,9,False,1.0862324915551445,1.4599363153683753,1.0987622400898474
1.0,0,57,False,0,True,0.9949508429751831,0.5479579546899249,2.6215233555383906
1.0,0,57,False,1,False,1.0684442750942982,1.5829140451390007,0.9745270238322268
1.0,0,57,False,2,False,0.9822015972140007,0.5383419842037518,2.634157436685991
1.0,0,57,False,3,False,1.0014597319810752,0.5735386478453723,2.520984329395529
1.0,0,57,False,4,False,0.8957362414757242,0.7648552664803988,1.6908311010336736
1.0,0,57,False,5,False,1.0413857197450536,0.8502620453569447,1.7683090425489307
1.0,0,57,False,6,False,0.9058543378407593,1.2121219156099998,1.078975063663841
1.0,0,57,False,7,False,1.0280880473322838,1.1940687466641982,1.2430835562983464
1.0,0,57,False,8,False,0.9856059815229117,1.2506629127972342,1.1377907584773606
1.0,0,57,False,9,False,1.096272717579854,1.4852764812131745,1.0656403213918804
1.0,0,58,False,0,True,0.9937434154514159,0.533069264930515,2.7303144062783993
1.0,0,58,False,1,False,1.0706499062834023,1.5623209509058726,1.0036892354362517
1.0,0,58,False,2,False,0.9822777616696886,0.5285231015474996,2.722026674817321
1.0,0,58,False,3,False,1.0015860449605392,0.604775803978839,2.425581643182865
1.0,0,58,False,4,False,0.9008257489112527,0.7551193586612349,1.7472185302169894
1.0,0,58,False,5,False,1.038592620412689,0.8953702051717509,1.698887550245068
1.0,0,58,False,6,False,0.9074050365946185,1.2299061584471527,1.0805658776297835
1.0,0,58,False,7,False,1.02436476048596,1.1968101436761545,1.2535781337423602
1.0,0,58,False,8,False,0.9864534137648178,1.2592773504498405,1.1473006185636616
1.0,0,58,False,9,False,1.094101498791755,1.4348276622311402,1.1168115888354817
1.0,0,59,False,0,True,1.0025628306964294,0.5656534519770717,2.6002683893147656
1.0,0,59,False,1,False,1.075233330445295,1.5507898311828348,1.017201033014467
1.0,0,59,False,2,False,0.9778885124962439,0.5432196031587541,2.641015373556337
1.0,0,59,False,3,False,0.9950776800848813,0.5849228916463124,2.4958322115575258
1.0,0,59,False,4,False,0.8967636877677568,0.7978912514764763,1.6488886547186956
1.0,0,59,False,5,False,1.0317629789328868,0.8452072366401698,1.7909099640653525
1.0,0,59,False,6,False,0.8928641078785305,1.1853780538493857,1.1050590905530357
1.0,0,59,False,7,False,1.0363919878673264,1.1879529940391917,1.279917005338032
1.0,0,59,False,8,False,0.9996437623727569,1.2475659608975012,1.1755436569442488
1.0,0,59,False,9,False,1.091811017446907,1.491418725132303,1.0740015293952259
1.0,0,60,False,0,True,0.9921330744571859,0.5480514453058283,2.707067272745296
1.0,0,60,False,1,False,1.066765297857049,1.5054887516135125,1.0595996656339812
1.0,0,60,False,2,False,0.9819428356264795,0.5443990712511378,2.6972380535897917
1.0,0,60,False,3,False,0.9994965774969707,0.5783750370275911,2.5841767753886593
1.0,0,60,False,4,False,0.8995559861241055,0.8158846412538232,1.648731320536371
1.0,0,60,False,5,False,1.0409606108221956,0.8524157606617924,1.826136653336428
1.0,0,60,False,6,False,0.9063486653067825,1.1986152180633254,1.1307483435545802
1.0,0,60,False,7,False,1.0201295255562834,1.2262990830536666,1.243968439301145
1.0,0,60,False,8,False,1.000932014862351,1.276730436067863,1.1723460290910717
1.0,0,60,False,9,False,1.0917353576658548,1.453740555701459,1.1230030029628029
1.0,0,61,True,0,True,1.005549980261507,0.5504142329197116,2.700243542099316
1.0,0,61,True,1,False,1.0783804337341836,1.4986081460678402,1.063586558836013
1.0,0,61,True,2,False,0.9869248643468901,0.5326669633758057,2.738528457849358
1.0,0,61,True,3,False,0.9942267256210278,0.5892902502322465,2.4937051790178915
1.0,0,61,True,4,False,0.8998436388743015,0.7151208743534453,1.8598440322567937
1.0,0,61,True,5,False,1.0385817100130894,0.9319995123381415,1.6470770464319557
1.0,0,61,True,6,False,0.88504231042346,1.259868091729519,1.0383120307968738
1.0,0,61,True,7,False,1.019609223140872,1.1353694661179647,1.3273500630929482
1.0,0,61,True,8,False,0.9969260321939073,1.300984982400644,1.1326078910690567
1.0,0,61,True,9,False,1.0949153576081256,1.485677480464682,1.0892935617639643
1.0,0,62,False,0,True,0.9875889640019275,0.5639908019837817,2.531960176991713
1.0,0,62,False,1,False,1.0688967571394292,1.4674648392975285,1.0532239323828032
1.0,0,62,False,2,False,0.9778582009490816,0.5269246883703639,2.6833665322656346
1.0,0,62,False,3,False,0.9970569746389385,0.5803015048684422,2.4843852538930706
1.0,0,62,False,4,False,0.9035688718700238,0.7345197273426504,1.7787317632261381
1.0,0,62,False,5,False,1.0454163088937232,0.8653327322134312,1.7468628263949955
1.0,0,62,False,6,False,0.9067395498902389,1.2590384068413405,1.0413488564297295
1.0,0,62,False,7,False,1.040810011164499,1.3615610226276051,1.1053174191513095
1.0,0,62,False,8,False,0.9827695889362394,1.2335245623172624,1.1520108546389367
1.0,0,62,False,9,False,1.089294871667754,1.4073417141375941,1.1191764480565918
1.0,0,63,True,0,True,1.0107927182952934,0.5808330556486839,2.5802512757581364
1.0,0,63,True,1,False,1.0598736520426613,1.4621592868862665,1.074757860626287
1.0,0,63,True,2,False,0.9830902268176108,0.5443145805546271,2.6779017065212103
1.0,0,63,True,3,False,0.9892185201775312,0.5716445311724558,2.565768132997687
1.0,0,63,True,4,False,0.9025145624231798,0.7539279572309954,1.774906955148463
1.0,0,63,True,5,False,1.029087002522693,0.8685704632715132,1.7567026551432285
1.0,0,63,True,6,False,0.8959055949934209,1.251105605735747,1.0617432289446516
1.0,0,63,True,7,False,1.0251035372978536,1.226487846679136,1.2392408023737438
1.0,0,63,True,8,False,1.018493021711124,1.2986063652505535,1.1628715666290272
1.0,0,63,True,9,False,1.0859208770228965,1.4423503075700215,1.1162941591567483
1.0,0,64,False,0,True,0.9880101282072885,0.5342597933954001,2.701473158966485
1.0,0,64,False,1,False,1.076805735215917,1.604014708608447,0.9806652035761553
1.0,0,64,False,2,False,0.9817852150745155,0.5560565351515712,2.5792253615147103
1.0,0,64,False,3,False,0.999298753116816,0.5738801046432797,2.5437002274408558
1.0,0,64,False,4,False,0.8985429582782596,0.7669181309665584,1.7115184769195486
1.0,0,64,False,5,False,1.040444938110407,0.8480708506645467,1.7921679961484935
1.0,0,64,False,6,False,0.9007380040542611,1.1734406435694718,1.121318823272296
1.0,0,64,False,7,False,1.0282591325699493,1.158262933751374,1.296842303993231
1.0,0,64,False,8,False,0.9856902726339727,1.2378474503850687,1.1632286664750586
1.0,0,64,False,9,False,1.1004250586723607,1.547248848864283,1.0389437991486905
1.0,0,65,True,0,True,0.9991654629651926,0.559112375805196,2.6377739389407204
1.0,0,65,True,1,False,1.0814952352773208,1.542099569811936,1.0351694797079525
1.0,0,65,True,2,False,0.9770914636097322,0.5375525193792812,2.6829561958565726
1.0,0,65,True,3,False,0.9929488767450373,0.5801860798389386,2.5261483355140455
1.0,0,65,True,4,False,0.8982368398512435,0.7592041718610459,1.746351018362962
1.0,0,65,True,5,False,1.0192034778313868,0.8775500233750364,1.714305740662672
1.0,0,65,True,6,False,0.8959040394561194,1.2334589356848502,1.0721018954913988
1.0,0,65,True,7,False,1.0352302173215804,1.1644265132031821,1.312272776339756
1.0,0,65,True,8,False,0.9964220461594638,1.2532680835838212,1.1735419337268915
1.0,0,65,True,9,False,1.104302285806834,1.4931417274567125,1.0916569984132978
1.0,0,66,False,0,True,0.9977401497896597,0.5299310624484559,2.753945237888045
1.0,0,66,False,1,False,1.0870064579573406,1.6256252443117907,0.9780677014172534
1.0,0,66,False,2,False,0.9703556720662652,0.5343160688263797,2.6563784091382563
1.0,0,66,False,3,False,0.9920374310318918,0.5867516108320467,2.4730391779939893
1.0,0,66,False,4,False,0.8973457024720006,0.7465851395334546,1.7580761165214744
1.0,0,66,False,5,False,1.0301326845374104,0.8598620487163244,1.7523530701495962
1.0,0,66,False,6,False,0.8988876310568507,1.2062500757876655,1.0899969403603262
1.0,0,66,False,7,False,1.0416112390180443,1.1709468082473267,1.3011450630478218
1.0,0,66,False,8,False,0.9780181884265654,1.185802688425499,1.206401112330082
1.0,0,66,False,9,False,1.1068652481638337,1.5539292528710569,1.041887284799153
1.0,0,67,False,0,True,0.9959860676375496,0.5352396761508142,2.6836027257892994
1.0,0,67,False,1,False,1.0802724142734723,1.6085715575199728,0.9685145757660426
1.0,0,67,False,2,False,0.9731451210189336,0.5197896661974313,2.699996671015483
1.0,0,67,False,3,False,0.9882830448210155,0.6134328534298347,2.323419196182956
1.0,0,67,False,4,False,0.8989228483326946,0.770615740802297,1.6822781480540392
1.0,0,67,False,5,False,1.0288779989572232,0.8597793251662533,1.7257987228241172
1.0,0,67,False,6,False,0.8953096962972281,1.1667781358165792,1.1066193653692664
1.0,0,67,False,7,False,1.0406529208086954,1.213988594902557,1.2362450369214724
1.0,0,67,False,8,False,0.9914002597696437,1.2787934140253372,1.1180517293391636
1.0,0,67,False,9,False,1.1071494203176926,1.4330110359889234,1.1142174665820959
1.0,0,68,False,0,True,0.984474294388721,0.5716850853757934,2.565083274748209
1.0,0,68,False,1,False,1.0653002089919725,1.4868540725251966,1.0672289947900653
1.0,0,68,False,2,False,1.00031484244333,0.5535969584050457,2.6915160117081967
1.0,0,68,False,3,False,1.0081509879210064,0.5894579861202571,2.547573216270208
1.0,0,68,False,4,False,0.8983626788296049,0.8099787389493817,1.6520836473852765
1.0,0,68,False,5,False,1.0465568497294542,0.8411115227197705,1.8533745375299782
1.0,0,68,False,6,False,0.9068973370830821,1.2110970690910354,1.1154063788817106
1.0,0,68,False,7,False,1.0334880790296672,1.2085340859607012,1.2737978686897728
1.0,0,68,False,8,False,0.9825061779552097,1.2502322724478192,1.1705730871007618
1.0,0,68,False,9,False,1.0739494466177513,1.477452208404999,1.0827404137602321
1.0,0,69,False,0,True,0.9981539281708771,0.5303073698920245,2.7020206073619075
1.0,0,69,False,1,False,1.085462272359216,1.62265390529693,0.9603015574875774
1.0,0,69,False,2,False,0.974325489229655,0.5339575276061002,2.6194864129936914
1.0,0,69,False,3,False,0.9867066332047497,0.5656392894176746,2.5041900127679457
1.0,0,69,False,4,False,0.8976931394688005,0.7618483525924271,1.6915240336907889
1.0,0,69,False,5,False,1.0296694210719548,0.817778859284597,1.8075101114564487
1.0,0,69,False,6,False,0.898152218193157,1.1992497614405302,1.075125358435724
1.0,0,69,False,7,False,1.0343930836430573,1.1663937934857338,1.2730902947355833
1.0,0,69,False,8,False,0.987816509331952,1.2403257138893218,1.1432977063439962
1.0,0,69,False,9,False,1.107626802391957,1.5618454270946607,1.018061948313999
1.0,0,70,False,0,True,0.9966335073969766,0.5067643692648525,2.8445392605412603
1.0,0,70,False,1,False,1.079587429132755,1.6018030181349014,0.9748352642643596
1.0,0,70,False,2,False,0.9731247550039148,0.5722503386888274,2.459602818909959
1.0,0,70,False,3,False,1.0007828698127637,0.5644519012486504,2.5644571262388043
1.0,0,70,False,4,False,0.8986013403381469,0.7482559207622911,1.7369984062836556
1.0,0,70,False,5,False,1.0314008523069613,0.861608225982566,1.731410987652468
1.0,0,70,False,6,False,0.8944535020037606,1.1799925690362774,1.0963797771672392
1.0,0,70,False,7,False,1.0399771631642938,1.173873224161308,1.2814011992562815
1.0,0,70,False,8,False,0.9871250683550508,1.2516091625225114,1.1407381532196894
1.0,0,70,False,9,False,1.098313004458243,1.5393912701978143,1.0319523072932584
1.0,0,71,False,0,True,0.986599790491062,0.5182547666402213,2.8279892458914464
1.0,0,71,False,1,False,1.0765129995403793,1.5342708256586146,1.0423109289892614
1.0,0,71,False,2,False,0.978162656915477,0.5802187385751216,2.5043750486948624
1.0,0,71,False,3,False,1.0003893669809796,0.5781169215929843,2.570593621002901
1.0,0,71,False,4,False,0.9004614990978975,0.7612722857965357,1.7571351594481894
1.0,0,71,False,5,False,1.0438669818816475,0.8375015290975709,1.851567683145311
1.0,0,71,False,6,False,0.9019631460809614,1.2247501839429789,1.0940100694595511
1.0,0,71,False,7,False,1.0326330705964044,1.2101380845950178,1.2676260060299755
1.0,0,71,False,8,False,0.9860619567871631,1.2625185687957303,1.1602363540180665
1.0,0,71,False,9,False,1.093349380615722,1.4929580953052237,1.0879060330185366
1.0,0,72,False,0,True,0.9864318770521435,0.5224867505475745,2.7461238030607293
1.0,0,72,False,1,False,1.0729990947414336,1.522359458171218,1.0252043540987001
1.0,0,72,False,2,False,0.9785037440259408,0.5508631364682193,2.5837296995637
1.0,0,72,False,3,False,0.9997397755078261,0.5642152195038429,2.5773326204540306
1.0,0,72,False,4,False,0.8986672084275689,0.7745727702087603,1.6875823155157634
1.0,0,72,False,5,False,1.0397393572365414,0.8534426196025044,1.7720601233490525
1.0,0,72,False,6,False,0.9061105451170313,1.2256360399881305,1.0753453411359861
1.0,0,72,False,7,False,1.033436905270517,1.1735029493082283,1.2809379053625478
1.0,0,72,False,8,False,0.9895727956356379,1.3159612616887175,1.0937874569119956
1.0,0,72,False,9,False,1.0947992945157663,1.4969597945128041,1.0637820770245334
1.0,0,73,False,0,True,0.9968886677736573,0.5601279033621048,2.608024923676344
1.0,0,73,False,1,False,1.069659921716721,1.5512877540107812,1.0104286365014787
1.0,0,73,False,2,False,0.9891059226599971,0.5566763425657937,2.6037082759500403
1.0,0,73,False,3,False,0.9994306259972515,0.5534174231747054,2.6463794293579075
1.0,0,73,False,4,False,0.8954656639551761,0.7924469314300252,1.6558882942617452
1.0,0,73,False,5,False,1.051678749865767,0.8432158775392202,1.82766506015885
1.0,0,73,False,6,False,0.8901347381587968,1.2134633309529848,1.0749329590861358
1.0,0,73,False,7,False,1.0370670072918062,1.1960430868642136,1.2706100298527963
1.0,0,73,False,8,False,0.9889054200585965,1.2502617508511613,1.1590604809789555
1.0,0,73,False,9,False,1.0816627692027183,1.4830595992490099,1.0687732210021632
1.0,0,74,False,0,True,0.9873580733463041,0.5252094623611808,2.7487623638614234
1.0,0,74,False,1,False,1.0726976342844878,1.553330006943285,1.0097378753233042
1.0,0,74,False,2,False,0.9854077436058403,0.5492838898861493,2.6230958792820713
1.0,0,74,False,3,False,0.9997926185882068,0.6050005865249852,2.4162907228459773
1.0,0,74,False,4,False,0.906583817256786,0.7724817043191197,1.7159902517054237
1.0,0,74,False,5,False,1.047031270785867,0.8384400281333663,1.825924032578618
1.0,0,74,False,6,False,0.8919550882596801,1.216460201632595,1.0721119542969548
1.0,0,74,False,7,False,1.0399278545790096,1.2080899305451505,1.2586326762582387
1.0,0,74,False,8,False,0.9792770306197047,1.2574043798172512,1.138742829716217
1.0,0,74,False,9,False,1.0899693710515643,1.4742998098369167,1.080994640322876
1.0,0,75,False,0,True,1.0065445937478243,0.5493754616671847,2.6437759498822078
1.0,0,75,False,1,False,1.0802735196598379,1.642960773393869,0.9487841487448414
1.0,0,75,False,2,False,0.9797510736377277,0.538430844162966,2.6257096592992917
1.0,0,75,False,3,False,0.9989106240627427,0.5641302375418075,2.5551013879187616
1.0,0,75,False,4,False,0.8948479146976533,0.7418740352829478,1.7405237077216547
1.0,0,75,False,5,False,1.027394698870726,0.8817156005839586,1.6813947222782981
1.0,0,75,False,6,False,0.8925279358431365,1.1696882395139487,1.101064040437497
1.0,0,75,False,7,False,1.0243639991478437,1.146531608729582,1.2892263076441561
1.0,0,75,False,8,False,0.9902764963702061,1.2808293890897438,1.1156451242267642
1.0,0,75,False,9,False,1.1051094566419621,1.484463810033992,1.0742282402763847
1.0,0,76,False,0,True,1.0020088442279242,0.49397954994018833,2.9323643292343333
1.0,0,76,False,1,False,1.0988323771738893,1.7137978717061642,0.9268878545858982
1.0,0,76,False,2,False,0.9548837700713273,0.5243183161067296,2.6327573003536546
1.0,0,76,False,3,False,0.9896616047743054,0.5963058102990784,2.399236300379435
1.0,0,76,False,4,False,0.8935657925094838,0.7136342982591106,1.8101149831647392
1.0,0,76,False,5,False,1.0247621215765605,0.8616163652621107,1.7193506932562919
1.0,0,76,False,6,False,0.8927499933072586,1.204995565200544,1.0710253499365567
1.0,0,76,False,7,False,1.0393499478170525,1.152424362882901,1.3037811892307043
1.0,0,76,False,8,False,0.9846860879465055,1.215666780042385,1.170950661098701
1.0,0,76,False,9,False,1.1194994605956927,1.5232610803007882,1.0624411565315535
1.0,0,77,False,0,True,0.9825820462200658,0.5100864231468671,2.85664060938629
1.0,0,77,False,1,False,1.0765414875272565,1.5490437175137,1.030617807203395
1.0,0,77,False,2,False,0.980682613097874,0.5462966695606561,2.662137408406077
1.0,0,77,False,3,False,1.0008199808753406,0.5756162993061471,2.5784186254974633
1.0,0,77,False,4,False,0.8959877215145506,0.7690067298972303,1.7278357801657822
1.0,0,77,False,5,False,1.0434227512357719,0.8760556050820726,1.7662784689621365
1.0,0,77,False,6,False,0.9121006172318413,1.1944199215555755,1.1324427527704226
1.0,0,77,False,7,False,1.0239121430725933,1.180772148275675,1.2859590478584304
1.0,0,77,False,8,False,0.9773629000368769,1.2835106223534913,1.129241753543322
1.0,0,77,False,9,False,1.1065870480540387,1.5151918633085846,1.0830499802143232
1.0,0,78,False,0,True,0.9945605566387411,0.5520902886601066,2.644467467907137
1.0,0,78,False,1,False,1.074963095679996,1.596500095404405,0.9884204248189644
1.0,0,78,False,2,False,0.9821292745959855,0.5288372270506145,2.7262378441228488
1.0,0,78,False,3,False,0.9958194802325258,0.5833701195373875,2.5058411812667845
1.0,0,78,False,4,False,0.8974523649313907,0.8056275913634057,1.6352877363156568
1.0,0,78,False,5,False,1.0393243098957263,0.861321017812987,1.7713449592599795
1.0,0,78,False,6,False,0.9035366448028561,1.1651274306320984,1.1383857457136903
1.0,0,78,False,7,False,1.029216362380891,1.1845579568518017,1.2754618491417653
1.0,0,78,False,8,False,0.9918178480088895,1.2640751179684133,1.1517975266836815
1.0,0,78,False,9,False,1.091178961062011,1.4584931547187805,1.0982689203076696
1.0,0,79,False,0,True,0.9836059079553963,0.5317556111914028,2.738769975963629
1.0,0,79,False,1,False,1.0743864420018479,1.5716296030366832,1.0121778510039483
1.0,0,79,False,2,False,0.9862888049199082,0.5298111917634764,2.756319048385529
1.0,0,79,False,3,False,1.00594170793867,0.6023514040772664,2.4726884429292926
1.0,0,79,False,4,False,0.9090125890781015,0.7675742884031251,1.7534605127571794
1.0,0,79,False,5,False,1.0455236165759196,0.8529234516434608,1.8149735586457636
1.0,0,79,False,6,False,0.8952405713963308,1.2122582347634696,1.093430348710664
1.0,0,79,False,7,False,1.0384312810640435,1.2220501695538555,1.2581581564110658
1.0,0,79,False,8,False,0.9694468464481402,1.2701632008510506,1.130084678808841
1.0,0,79,False,9,False,1.0921226327703375,1.4394828447162094,1.1233405206675733
1.0,0,80,False,0,True,0.9987168583434735,0.5176534187072759,2.7987469542645695
1.0,0,80,False,1,False,1.0860234312295098,1.6094290792295398,0.9788760236446663
1.0,0,80,False,2,False,0.9724573825979136,0.5292708209188183,2.665342139976481
1.0,0,80,False,3,False,0.9964174060214354,0.588754197680725,2.4550911939835474
1.0,0,80,False,4,False,0.8953147277117016,0.7330775400275594,1.7716835567415
1.0,0,80,False,5,False,1.0288648050227105,0.8589386951981494,1.7376267064042614
1.0,0,80,False,6,False,0.8984670047404842,1.2181286792135229,1.0699643413297268
1.0,0,80,False,7,False,1.0301677232065074,1.1514051655850468,1.2978966300042556
1.0,0,80,False,8,False,0.9858622170359266,1.2409687570005634,1.1524330764671014
1.0,0,80,False,9,False,1.1077078355818062,1.5523736464387987,1.0351166779271457
1.0,0,81,False,0,True,0.9817572790828409,0.5234550202617692,2.7256532063197154
1.0,0,81,False,1,False,1.0799874152118476,1.5965757048592746,0.9830486614239589
1.0,0,81,False,2,False,0.9727573278875572,0.53581452104853,2.6383710293609157
1.0,0,81,False,3,False,0.9951425248346715,0.5717155875714585,2.5295955555294616
1.0,0,81,False,4,False,0.9031192238965565,0.7597263179698024,1.7275624402106888
1.0,0,81,False,5,False,1.035896672181131,0.8742850749478117,1.721905094798537
1.0,0,81,False,6,False,0.9137439905427306,1.2283599373194922,1.0810473781389225
1.0,0,81,False,7,False,1.0348495800484714,1.1638763531546004,1.292159785572272
1.0,0,81,False,8,False,0.9745766592549107,1.2076300323223503,1.1728107519417768
1.0,0,81,False,9,False,1.1081688249531485,1.538561450544911,1.046735417615011
1.0,0,82,False,0,True,1.0005447722806204,0.5423163388171078,2.6604071368985975
1.0,0,82,False,1,False,1.0736299245160827,1.568483139220755,0.9870496964612901
1.0,0,82,False,2,False,0.9751174665230088,0.5587895484929032,2.5163608930876897
1.0,0,82,False,3,False,0.9958233794265478,0.5718219975246277,2.5112255764109697
1.0,0,82,False,4,False,0.897503993970975,0.7579551602792551,1.7074859621566978
1.0,0,82,False,5,False,1.0252966715882792,0.8451995380656271,1.7492607943334142
1.0,0,82,False,6,False,0.9061611878735755,1.1769374606486487,1.110238636151489
1.0,0,82,False,7,False,1.0343100322078742,1.1790295433192015,1.2649993887203301
1.0,0,82,False,8,False,0.9890901608051036,1.278294933227844,1.1157556126072852
1.0,0,82,False,9,False,1.102522013743588,1.5211723404040303,1.0451367419201336
1.0,0,83,False,0,True,0.9954907451882277,0.5689542585694063,2.529725347446463
1.0,0,83,False,1,False,1.0792693598539216,1.5874914382284986,0.9829511926028714
1.0,0,83,False,2,False,0.9746775568248227,0.5073604940735129,2.7775239745569893
1.0,0,83,False,3,False,0.9989952330996195,0.5943753547119335,2.4300550959658223
1.0,0,83,False,4,False,0.891954831631924,0.7761972629508885,1.6614384359816012
1.0,0,83,False,5,False,1.0356864013347564,0.9009413925082246,1.6620543886177666
1.0,0,83,False,6,False,0.9033209141732301,1.1628906851316847,1.1230954595310423
1.0,0,83,False,7,False,1.0207597281783352,1.1734403900691426,1.2576969068862576
1.0,0,83,False,8,False,0.996728968448124,1.2472348362327956,1.1554265584316128
1.0,0,83,False,9,False,1.1031162612670389,1.481113887523912,1.0768279771892821
1.0,0,84,False,0,True,0.9805194118215527,0.512982179493481,2.824999749046174
1.0,0,84,False,1,False,1.0598728427777242,1.5944262181594433,0.982457637499143
1.0,0,84,False,2,False,0.9886228872827519,0.5363200207262717,2.7244017275693304
1.0,0,84,False,3,False,0.9986786838718865,0.572833055384476,2.576690196877141
1.0,0,84,False,4,False,0.9059010106456027,0.7996990258358346,1.674243698971971
1.0,0,84,False,5,False,1.045451891336524,0.8469461782333756,1.8243692181081794
1.0,0,84,False,6,False,0.9169978688449547,1.2096321039028257,1.1204165562541855
1.0,0,84,False,7,False,1.0359975992716435,1.201369018540948,1.2745204757373263
1.0,0,84,False,8,False,0.9774881870940506,1.268416679445244,1.1389746793131814
1.0,0,84,False,9,False,1.0904702274079763,1.4573755202780998,1.1058770321567384
1.0,0,85,False,0,True,0.9892528069836117,0.540183412801179,2.6930752027041103
1.0,0,85,False,1,False,1.0901027283222702,1.6767178577318673,0.9560703963502126
1.0,0,85,False,2,False,0.9811663413204338,0.5418898924140072,2.6626496448727544
1.0,0,85,False,3,False,0.9989741125425459,0.564694622104895,2.6014951252716205
1.0,0,85,False,4,False,0.8947722609602466,0.7611924617687064,1.7286237172728027
1.0,0,85,False,5,False,1.0285267498409825,0.8345514392362114,1.8123618633725216
1.0,0,85,False,6,False,0.9118542342532756,1.1737693697238247,1.1424181153964694
1.0,0,85,False,7,False,1.009559297092621,1.119997118799145,1.3255538067630948
1.0,0,85,False,8,False,0.9846009208062738,1.2599515382954507,1.1491820416400778
1.0,0,85,False,9,False,1.1111902487851857,1.5270522871247136,1.0700817268753189
1.0,0,86,False,0,True,0.9881684509739612,0.5458701864137592,2.6635522004230787
1.0,0,86,False,1,False,1.05782634962807,1.481095621170453,1.050874578965874
1.0,0,86,False,2,False,0.9785555866855116,0.5641885021596654,2.5520011932447897
1.0,0,86,False,3,False,1.0060934580551428,0.5794898788880949,2.5545362714693476
1.0,0,86,False,4,False,0.9017700337937272,0.7702197612977382,1.7226646666599381
1.0,0,86,False,5,False,1.0460839501390435,0.843093623638933,1.825619801936591
1.0,0,86,False,6,False,0.9043619360406957,1.2328237440512078,1.0793465017550945
1.0,0,86,False,7,False,1.0402750729995187,1.2432292930635045,1.2311658519605215
1.0,0,86,False,8,False,0.9821594233779222,1.2885654924411052,1.121489197404322
1.0,0,86,False,9,False,1.0947066616042587,1.451423896875539,1.1097447402272376
1.0,0,87,False,0,True,0.9969671056657131,0.5558385392023896,2.578775425873431
1.0,0,87,False,1,False,1.07232045352953,1.5619399134859488,0.9870555983244776
1.0,0,87,False,2,False,0.9767468053683818,0.5316129031885277,2.64160473940552
1.0,0,87,False,3,False,0.9941475166607739,0.594287591459889,2.4051131826046883
1.0,0,87,False,4,False,0.9039879857757598,0.7697577805481549,1.688456671490235
1.0,0,87,False,5,False,1.029470597874844,0.838047296454138,1.7661466718021772
1.0,0,87,False,6,False,0.8884668330307572,1.246287186378728,1.0249541524302168
1.0,0,87,False,7,False,1.0510548265027904,1.1841838904948412,1.2761084114010122
1.0,0,87,False,8,False,0.9885507384855563,1.1939136678323068,1.190439667883977
1.0,0,87,False,9,False,1.0982867352117265,1.524131230955077,1.0360357107145888
1.0,0,88,False,0,True,0.988251149312224,0.5322401826834902,2.736479132855439
1.0,0,88,False,1,False,1.0696295429229599,1.5290146136608034,1.0309894601039387
1.0,0,88,False,2,False,0.9861779951664444,0.5428284787007364,2.677473343428794
1.0,0,88,False,3,False,1.001897468440178,0.5690270459271713,2.5949132430870083
1.0,0,88,False,4,False,0.9017414348245294,0.7794083586738937,1.7050983691751838
1.0,0,88,False,5,False,1.0467028724403467,0.8325668286394854,1.852835164753699
1.0,0,88,False,6,False,0.8997131967500867,1.2531741472432758,1.0580961543031573
1.0,0,88,False,7,False,1.0330666044612233,1.226715115009651,1.2411294424328774
1.0,0,88,False,8,False,0.9779857853721653,1.2700419567773134,1.1348721704163607
1.0,0,88,False,9,False,1.0948337409109083,1.4649832726841798,1.101407373093851
1.0,0,89,False,0,True,0.9883275945547972,0.5274936782494577,2.7374436253500116
1.0,0,89,False,1,False,1.0566438092919974,1.5365544765508556,1.0047133496740648
1.0,0,89,False,2,False,0.9841923739878052,0.5373854560590066,2.6758120752824666
1.0,0,89,False,3,False,1.0033823113199862,0.5699328572304023,2.57219723716981
1.0,0,89,False,4,False,0.9051585528714334,0.8095978854874368,1.6334912644752038
1.0,0,89,False,5,False,1.0452961511350758,0.8517143800682967,1.793109838994728
1.0,0,89,False,6,False,0.9112945950805935,1.2457135680675142,1.0688139704541422
1.0,0,89,False,7,False,1.0403780689012854,1.240517067087323,1.2253212551751864
1.0,0,89,False,8,False,0.9828491393303542,1.2566150493954347,1.1427365732806682
1.0,0,89,False,9,False,1.0824782442963499,1.4244755818042727,1.1102625467609273
1.0,0,90,False,0,True,0.9975628097691405,0.568596211704329,2.574666568394695
1.0,0,90,False,1,False,1.0801589808595278,1.4487431062925702,1.0941604293397582
1.0,0,90,False,2,False,0.9706291981870353,0.5712701987059042,2.493426026983281
1.0,0,90,False,3,False,0.9862467596517542,0.568546976577998,2.5456807635157253
1.0,0,90,False,4,False,0.8923407542063388,0.7459470808525375,1.75552660377506
1.0,0,90,False,5,False,1.0432072926177123,0.867547524822532,1.7646640781053406
1.0,0,90,False,6,False,0.8929959566975348,1.141437410952227,1.1481062887283635
1.0,0,90,False,7,False,1.0415541036259293,1.246023511189688,1.22670547360067
1.0,0,90,False,8,False,0.9977813804291118,1.2574429949856696,1.16447936037271
1.0,0,90,False,9,False,1.0975224582626841,1.584444983916544,1.016531773348269
1.0,0,91,False,0,True,1.0037614472604643,0.524901238841714,2.7606172765050316
1.0,0,91,False,1,False,1.091074608216487,1.6417633868999573,0.9593943816157734
1.0,0,91,False,2,False,0.96343950025008,0.5447787362744002,2.5530398183866114
1.0,0,91,False,3,False,0.9889479542376842,0.5695970611028177,2.5064496492421116
1.0,0,91,False,4,False,0.8910069489867091,0.7586733567861663,1.695428762503697
1.0,0,91,False,5,False,1.026615778566432,0.8459148321310425,1.7520019416924704
1.0,0,91,False,6,False,0.8896520563321865,1.186092439165571,1.0828166811498037
1.0,0,91,False,7,False,1.0447642064790092,1.1712680351123759,1.2877017392246048
1.0,0,91,False,8,False,0.9939597006596523,1.2400230451314804,1.1571570573982746
1.0,0,91,False,9,False,1.1067776985372384,1.5169878685544753,1.053250272119719
1.0,0,92,False,0,True,0.9840677408478,0.5192550582372977,2.779743844391612
1.0,0,92,False,1,False,1.073689307238283,1.5717698840046663,1.0019595352065735
1.0,0,92,False,2,False,0.9745150348803331,0.5486234850226515,2.6054015490022686
1.0,0,92,False,3,False,1.0029074787297076,0.5892593982255572,2.4964039997743868
1.0,0,92,False,4,False,0.9021436632697489,0.7662929114022761,1.726797505412778
1.0,0,92,False,5,False,1.0442090012865295,0.8808415323289361,1.738802142378827
1.0,0,92,False,6,False,0.9060888769220193,1.212605864161646,1.0960027723216035
1.0,0,92,False,7,False,1.031446416704586,1.1917204724952053,1.2695002451799893
1.0,0,92,False,8,False,0.9810388315824966,1.250929010097722,1.1503077651089189
1.0,0,92,False,9,False,1.0998924209340923,1.4687023840240416,1.0984414870053762
1.0,0,93,False,0,True,0.9873788613934262,0.4934994965200849,2.9473534735406335
1.0,0,93,False,1,False,1.0815063126934588,1.5894645028076213,1.0023360202938558
1.0,0,93,False,2,False,0.9763404655555852,0.5350315001548201,2.688171978661528
1.0,0,93,False,3,False,1.0018656012298366,0.6059702267050072,2.435528922580403
1.0,0,93,False,4,False,0.9020555896408399,0.7652344567142789,1.7364964393518239
1.0,0,93,False,5,False,1.0372165858005646,0.856363137008628,1.7842125943570668
1.0,0,93,False,6,False,0.9009248473819044,1.2414092128315815,1.0690763272559558
1.0,0,93,False,7,False,1.0372132266710927,1.158897239503917,1.318433502077805
1.0,0,93,False,8,False,0.9766950513107027,1.2399769518188435,1.1603272367683608
1.0,0,93,False,9,False,1.0988044463018454,1.5141532759352172,1.0690196294041396
1.0,0,94,False,0,True,0.9945023052432973,0.5578409207828483,2.633233432637265
1.0,0,94,False,1,False,1.063599375115855,1.5247457344462028,1.0303258161526745
1.0,0,94,False,2,False,0.9813119363149103,0.5370814980730905,2.6987386273238028
1.0,0,94,False,3,False,0.9953894093829571,0.571180661360588,2.5740291216432505
1.0,0,94,False,4,False,0.8977774754189559,0.8145749517342116,1.6279144908828571
1.0,0,94,False,5,False,1.039247388670407,0.8317346783773316,1.8455595709617596
1.0,0,94,False,6,False,0.9046194533366371,1.2156286623692434,1.099154966747465
1.0,0,94,False,7,False,1.0326351965224851,1.192487649336549,1.2790483716862926
1.0,0,94,False,8,False,0.9974581054459748,1.2597290684226727,1.1695302201367401
1.0,0,94,False,9,False,1.0934588344358682,1.4949961750972616,1.0803296399267759
1.0,0,95,False,0,True,0.997731622319776,0.5121341155700093,2.8288429821825054
1.0,0,95,False,1,False,1.0820107688398262,1.608627043099084,0.9766861515792724
1.0,0,95,False,2,False,0.9759266787765547,0.5306921335493159,2.670258784793568
1.0,0,95,False,3,False,0.9913968157386849,0.5871451628640053,2.4517763107899024
1.0,0,95,False,4,False,0.8961362401759033,0.7681765519743362,1.6939157514391467
1.0,0,95,False,5,False,1.0276055329941984,0.8598415387486327,1.7353489776331261
1.0,0,95,False,6,False,0.9025693162000025,1.2217207279261955,1.0727226116561217
1.0,0,95,False,7,False,1.0303491040084198,1.1737489560722543,1.2746413144288957
1.0,0,95,False,8,False,0.9891337191349555,1.2438796698169854,1.1546635318577974
1.0,0,95,False,9,False,1.1071393734075226,1.4940341003791813,1.076020630392794
1.0,0,96,False,0,True,1.0070326910604732,0.5323914945773237,2.733928141590396
1.0,0,96,False,1,False,1.091099566946808,1.6210414166999605,0.9728478138099442
1.0,0,96,False,2,False,0.9604875761242964,0.5570270507666254,2.4922413668938925
1.0,0,96,False,3,False,0.987544950493126,0.5631531855764909,2.534573923763676
1.0,0,96,False,4,False,0.8942889889864787,0.7458477619719012,1.7330150227803276
1.0,0,96,False,5,False,1.0183054158461446,0.8282034120595966,1.7771155745488503
1.0,0,96,False,6,False,0.8948004574272403,1.1627489972117386,1.11228187076816
1.0,0,96,False,7,False,1.0436123985104373,1.148578178129155,1.3132678245306075
1.0,0,96,False,8,False,0.9924119295454206,1.2912858656751192,1.1108213383227608
1.0,0,96,False,9,False,1.1104157276942022,1.5497226373320885,1.035633910210922
1.0,0,97,False,0,True,0.9940899606503539,0.5118942306822767,2.863139675534869
1.0,0,97,False,1,False,1.075711510535916,1.5669067168382083,1.0121613644575118
1.0,0,97,False,2,False,0.9804690173280307,0.5625684847893189,2.5695410340881177
1.0,0,97,False,3,False,1.0013683034929597,0.5716568356451348,2.5825903365125793
1.0,0,97,False,4,False,0.8996838840349269,0.7659095678402665,1.7318470270236723
1.0,0,97,False,5,False,1.0383639807938283,0.8388287506816877,1.8250442108064848
1.0,0,97,False,6,False,0.8948831731328263,1.184600484737858,1.1137597478213188
1.0,0,97,False,7,False,1.0315017661266048,1.191131544936037,1.276754307594786
1.0,0,97,False,8,False,0.9898911327152462,1.2805341717825163,1.1397073360457615
1.0,0,97,False,9,False,1.0940374792013916,1.5259692120666966,1.0570207453402167
1.0,0,98,True,0,True,0.9922859185387888,0.5573867695756434,2.64065566289372
1.0,0,98,True,1,False,1.091097905286791,1.5746572458277195,1.0278015947160055
1.0,0,98,True,2,False,0.9772060442122142,0.5373502352405196,2.6974928504996147
1.0,0,98,True,3,False,0.9888658352305411,0.5937628978499148,2.47033537262114
1.0,0,98,True,4,False,0.9019064117035187,0.7526408238225378,1.7774823803462088
1.0,0,98,True,5,False,1.0115941143485108,0.8296810070320694,1.808534286524706
1.0,0,98,True,6,False,0.9093215951277065,1.2230632855699828,1.102808682526604
1.0,0,98,True,7,False,1.0323140924463527,1.1249819861094466,1.3611246178360956
1.0,0,98,True,8,False,0.9969811085370304,1.2619809074095163,1.17183305857328
1.0,0,98,True,9,False,1.0984270810137158,1.5444948415626492,1.0549123351517702
1.0,0,99,False,0,True,0.9960755372286282,0.530019432289973,2.739039555437148
1.0,0,99,False,1,False,1.0754030642128303,1.5773105946370143,0.9936921786990491
1.0,0,99,False,2,False,0.9764198358913162,0.5537634867838997,2.5698637558846165
1.0,0,99,False,3,False,0.9934798142468066,0.5876110901621066,2.46414855293929
1.0,0,99,False,4,False,0.8961215115843804,0.7525850706624673,1.735438094310624
1.0,0,99,False,5,False,1.0363136985247752,0.8493666732721056,1.7782542067571723
1.0,0,99,False,6,False,0.9024773203249155,1.200552420829919,1.0956024411334846
1.0,0,99,False,7,False,1.0409647998661224,1.1917196194226802,1.273091965296521
1.0,0,99,False,8,False,0.9867547973251917,1.2495427531295447,1.150948652348274
1.0,0,99,False,9,False,1.0959898256262022,1.5075288588102902,1.059592096435245
0.5,0,0,False,0,True,0.9783581341845304,0.5775917997888723,2.6950516836591305
0.5,0,0,False,1,False,1.0834891361779877,1.7593688694401302,0.9798462046737811
0.5,0,0,False,2,False,1.0362357402588565,0.580609809501114,2.83964764947882
0.5,0,0,False,3,False,1.0110106847038784,0.5797757058155967,2.7745080484000755
0.5,0,0,False,4,False,0.9093095114092108,0.8521927569815978,1.6977125222895977
0.5,0,0,False,5,False,1.0416637522555179,0.9664488889055572,1.7149004630998435
0.5,0,0,False,6,False,0.919127926265713,0.988140096446035,1.479952225803469
0.5,0,0,False,7,False,0.9835947993357033,1.128202309828049,1.387137447143004
0.5,0,0,False,8,False,0.9537479996899697,1.118508227835055,1.3567027766082873
0.5,0,0,False,9,False,1.0834620794150256,1.449161535457993,1.1895622522835785
0.5,0,1,False,0,True,0.9926574599441101,0.5518082615508885,2.849268541486999
0.5,0,1,False,1,False,1.1068913345239906,1.8457286321596573,0.9498593649669316
0.5,0,1,False,2,False,1.024044860894681,0.6086265592751312,2.6649572887446653
0.5,0,1,False,3,False,1.007827358600245,0.575829180038335,2.772136719059819
0.5,0,1,False,4,False,0.9008349435495732,0.8265882132318373,1.7261486255715308
0.5,0,1,False,5,False,1.0283532602264687,0.9050921913828428,1.799582171482756
0.5,0,1,False,6,False,0.9079934917480227,1.0152690737017434,1.4165233867917961
0.5,0,1,False,7,False,0.976187888804981,1.0606982307615362,1.4576851904240913
0.5,0,1,False,8,False,0.9619828549487542,1.0646396080854452,1.4311556955898934
0.5,0,1,False,9,False,1.0932264892617176,1.5457200498125836,1.1202152399662146
0.5,0,2,False,0,True,0.9808184053951134,0.5634962632865562,2.739319661210349
0.5,0,2,False,1,False,1.0991603407729251,1.7823976712618057,0.9705135251105634
0.5,0,2,False,2,False,1.0315542163004146,0.5459163419374665,2.9737955797980042
0.5,0,2,False,3,False,1.0166158440809159,0.6440665982336085,2.484112414122598
0.5,0,2,False,4,False,0.9150513859466637,0.805531905034313,1.78775452065643
0.5,0,2,False,5,False,1.033448325016535,0.9218323680096023,1.7643387010270832
0.5,0,2,False,6,False,0.9128518012498731,0.9966832368231107,1.4414124571373812
0.5,0,2,False,7,False,0.9841887749230905,1.1997836699041609,1.2909832545681528
0.5,0,2,False,8,False,0.9518936695873609,1.0401455089243916,1.4402553214107927
0.5,0,2,False,9,False,1.0744182501011685,1.5001464365849846,1.1271581876350454
0.5,0,3,False,0,True,0.9862161903523232,0.5338587929630757,2.8708255465850154
0.5,0,3,False,1,False,1.1076031532704786,1.8442444339695099,0.9333118427271158
0.5,0,3,False,2,False,1.0230160661859544,0.5527417468712219,2.8762144380351575
0.5,0,3,False,3,False,1.0035552181337517,0.5883755920543151,2.6506213981377327
0.5,0,3,False,4,False,0.9103345744280774,0.8119902272416791,1.742253355954446
0.5,0,3,False,5,False,1.0271340838616834,0.9407773671533957,1.6966855244317014
0.5,0,3,False,6,False,0.8980655785496225,0.9932047643156127,1.4051747306383804
0.5,0,3,False,7,False,0.994265043082157,1.131006707827659,1.3661489868223466
0.5,0,3,False,8,False,0.9602392250798769,1.0848425209503623,1.3755418811031155
0.5,0,3,False,9,False,1.0895700136398667,1.5189578466531677,1.1147320689014077
0.5,0,4,False,0,True,0.9727355953443197,0.6468420269880677,2.354275001505135
0.5,0,4,False,1,False,1.0959680495066215,1.7170151811728318,0.9992735005485615
0.5,0,4,False,2,False,1.0316321307129728,0.5322820861959755,3.034195932774314
0.5,0,4,False,3,False,1.0133321895777165,0.6694762510544345,2.3696121905370062
0.5,0,4,False,4,False,0.9081847203991603,0.8141962240333174,1.7462471856707664
0.5,0,4,False,5,False,1.0468159327239674,0.934315070321724,1.75403228293577
0.5,0,4,False,6,False,0.9092964798615535,1.0332901063274327,1.3776657162800052
0.5,0,4,False,7,False,0.997433242840549,1.1171982456182095,1.3977007739117793
0.5,0,4,False,8,False,0.951886856541254,1.0432175247304105,1.4284698171345676
0.5,0,4,False,9,False,1.072715304465254,1.4921672835575965,1.1254535498161926
0.5,0,5,False,0,True,0.990786968187868,0.5502235127144388,2.9075593313648542
0.5,0,5,False,1,False,1.105759023027993,1.7947954148502714,0.9947936071256118
0.5,0,5,False,2,False,1.0231250924289994,0.5961353576984194,2.77122188370645
0.5,0,5,False,3,False,1.0044642227898535,0.5947154437658675,2.727173079130896
0.5,0,5,False,4,False,0.9045105799182799,0.8379008571152134,1.7430444468804038
0.5,0,5,False,5,False,1.0337363330929714,0.8759935118910477,1.9054446442268833
0.5,0,5,False,6,False,0.9044998408151695,1.0399569036884626,1.4043669411654873
0.5,0,5,False,7,False,0.990482246137111,1.0786496035074131,1.482701587075653
0.5,0,5,False,8,False,0.9615987571278001,1.0985078070113892,1.4134426464023127
0.5,0,5,False,9,False,1.0810370483396117,1.533121587757477,1.1385482082050995
0.5,0,6,False,0,True,0.9743387669243029,0.5727707528180344,2.8037183998276163
0.5,0,6,False,1,False,1.0905826607919729,1.7402882742674146,1.032862803333305
0.5,0,6,False,2,False,1.030212466775038,0.5661676177067859,2.999072868064504
0.5,0,6,False,3,False,1.0216443072933998,0.5990895556137197,2.810691718059122
0.5,0,6,False,4,False,0.9014679299170099,0.8205973886791675,1.8106119957964826
0.5,0,6,False,5,False,1.0555119181961492,0.9386982924146766,1.853285622055303
0.5,0,6,False,6,False,0.9084442045970282,0.9696265585367165,1.544183825047099
0.5,0,6,False,7,False,0.9895914086473441,1.1665172624211657,1.398202225583176
0.5,0,6,False,8,False,0.9464165976637486,1.1570669693043805,1.3481216862214085
0.5,0,6,False,9,False,1.0817903082120224,1.469177328237938,1.2135959298463952
0.5,0,7,True,0,True,0.9896717430881311,0.5576932816829616,2.7756074315983494
0.5,0,7,True,1,False,1.0941739898863414,1.7537969534918274,0.9758192006700492
0.5,0,7,True,2,False,1.0199600114895413,0.5735762761228718,2.7813410713016427
0.5,0,7,True,3,False,1.0111462095246662,0.6090720044919554,2.596615253769014
0.5,0,7,True,4,False,0.9097948339996381,0.8565012734299899,1.6614135086273438
0.5,0,7,True,5,False,1.0335563094857203,0.9160475011827122,1.764730663650133
0.5,0,7,True,6,False,0.9173529895807033,1.025318425946812,1.3993939832798172
0.5,0,7,True,7,False,0.9906069293996306,1.1077288311215778,1.3987180716553094
0.5,0,7,True,8,False,0.9563937917633073,1.0540537579218805,1.4191760427874
0.5,0,7,True,9,False,1.0773433195574686,1.5462116946074118,1.0898016300191016
0.5,0,8,True,0,True,0.9818424462689405,0.5793599742945684,2.6807495133485735
0.5,0,8,True,1,False,1.0823071399770858,1.7060496104446619,1.0035101934922233
0.5,0,8,True,2,False,1.0230334461047,0.5480742991650008,2.952659152076253
0.5,0,8,True,3,False,1.0166061876808792,0.5975018228510516,2.6913887638161493
0.5,0,8,True,4,False,0.9088474146584564,0.8591454732289672,1.6733515515751247
0.5,0,8,True,5,False,1.048440720305417,0.9735486462156505,1.7035274801281624
0.5,0,8,True,6,False,0.912792301744642,1.0432711158155925,1.3840051490309475
0.5,0,8,True,7,False,1.0014333410226417,1.1575338990510633,1.3685203151431657
0.5,0,8,True,8,False,0.9550338569378858,1.0522875256573807,1.4356456742907435
0.5,0,8,True,9,False,1.0696635431365231,1.483227633276063,1.1407810726941359
0.5,0,9,False,0,True,0.990583931843505,0.5324055586490715,2.9180312683626446
0.5,0,9,False,1,False,1.106565260153124,1.850224148592481,0.937980759971783
0.5,0,9,False,2,False,1.020908681436593,0.5666029904678102,2.825851124094051
0.5,0,9,False,3,False,1.0073899990888544,0.5809815985711393,2.719421339916326
0.5,0,9,False,4,False,0.9067990076243438,0.8043722114016129,1.76805276149548
0.5,0,9,False,5,False,1.0277188500078818,0.9294641549485448,1.7341350647179468
0.5,0,9,False,6,False,0.9056296261422404,1.0049194748216284,1.4133854036534275
0.5,0,9,False,7,False,0.9857224201055383,1.1253289987323918,1.3737774002348226
0.5,0,9,False,8,False,0.9588065024403006,1.046858842005738,1.43642874863629
0.5,0,9,False,9,False,1.0898759553852564,1.5588420218095822,1.0965191232537497
0.5,0,10,False,0,True,0.9798315314013444,0.5662357372823511,2.779695517300291
0.5,0,10,False,1,False,1.0950993425725264,1.774352994844746,0.9914175119327909
0.5,0,10,False,2,False,1.0316014320221127,0.5593330046733909,2.962678877571259
0.5,0,10,False,3,False,1.0158174491095036,0.614273344269637,2.6564221329675184
0.5,0,10,False,4,False,0.9108582317502206,0.8436589500630789,1.7343109289496292
0.5,0,10,False,5,False,1.0377561376177318,0.9346529139724408,1.783561289137223
0.5,0,10,False,6,False,0.9094794362636871,1.0000655790703863,1.4608562928130735
0.5,0,10,False,7,False,0.9886984180067533,1.1488794918974088,1.382395952510216
0.5,0,10,False,8,False,0.955845255616704,1.0537789646058753,1.457072478774596
0.5,0,10,False,9,False,1.0750132386598668,1.5047690193206844,1.1475908127878482
0.5,0,11,False,0,True,0.9773887730167278,0.5730914952087367,2.729708597221463
0.5,0,11,False,1,False,1.0923799639622174,1.7769401399798939,0.983951818936925
0.5,0,11,False,2,False,1.0341833490345225,0.5664844637560241,2.9220150100021693
0.5,0,11,False,3,False,1.0108681899344465,0.5983565701553558,2.7040042583441135
0.5,0,11,False,4,False,0.9047676080312107,0.8475105215125109,1.7086961869375124
0.5,0,11,False,5,False,1.0462866241014146,0.9033203666308529,1.853880669605736
0.5,0,11,False,6,False,0.9092233398817738,0.9936824445788873,1.4645218763192023
0.5,0,11,False,7,False,0.980448116521387,1.1451903786248965,1.370313167365252
0.5,0,11,False,8,False,0.9542839081024893,1.1133280622160044,1.3719154579656103
0.5,0,11,False,9,False,1.0901696031346766,1.4820955573368364,1.1773098241922677
0.5,0,12,False,0,True,0.9717625369936409,0.6315025132723925,2.473228611468584
0.5,0,12,False,1,False,1.0863471060134333,1.7694237956253742,0.9867700085782505
0.5,0,12,False,2,False,1.034731224728362,0.5443547523935727,3.055095067477517
0.5,0,12,False,3,False,1.0178960548245817,0.6035286851673346,2.710720296537472
0.5,0,12,False,4,False,0.904014776383075,0.8428957915238711,1.7237760276311223
0.5,0,12,False,5,False,1.0481653119399454,0.9266214311188575,1.8180534015496521
0.5,0,12,False,6,False,0.92306518434015,0.9976310067031317,1.4871049700848122
0.5,0,12,False,7,False,0.9775016272584797,1.1498963997128233,1.3662745158388907
0.5,0,12,False,8,False,0.9593907553723208,1.1038638046438405,1.3968804174382625
0.5,0,12,False,9,False,1.0771256589242548,1.430281819838803,1.2103861517976031
0.5,0,13,False,0,True,0.9932053329097769,0.5913140803298443,2.6875625509066787
0.5,0,13,False,1,False,1.1057171525490481,1.7373606088765075,1.0183377296292955
0.5,0,13,False,2,False,1.0265490229407819,0.5771993671640799,2.8457163318306447
0.5,0,13,False,3,False,1.009996535382752,0.5899508416176102,2.7393140033622316
0.5,0,13,False,4,False,0.8990882042322204,0.812280250501337,1.7710636292995647
0.5,0,13,False,5,False,1.0510809280715736,0.959421043777059,1.7529304069201452
0.5,0,13,False,6,False,0.9079612933518361,1.0832512539188295,1.3411454885461778
0.5,0,13,False,7,False,0.9737926203652617,1.0772542482973693,1.4463920371281986
0.5,0,13,False,8,False,0.9567775065530495,1.048006572935893,1.460779645669752
0.5,0,13,False,9,False,1.0758301845257003,1.5239617325814707,1.1295551030185411
0.5,0,14,False,0,True,0.976676084315254,0.5471163012587952,2.8843853147647946
0.5,0,14,False,1,False,1.0970412000037153,1.779181996482013,0.9962880928771977
0.5,0,14,False,2,False,1.0302611907922266,0.61708751703574,2.697633563967863
0.5,0,14,False,3,False,1.0097059323936528,0.5585320985627298,2.920983798875359
0.5,0,14,False,4,False,0.9119226139785815,0.8078078235134913,1.824031389324254
0.5,0,14,False,5,False,1.0401328438965278,0.8882826307053288,1.8919951430895037
0.5,0,14,False,6,False,0.9180543369098649,1.0219934551149243,1.451451903025944
0.5,0,14,False,7,False,0.9862375916193122,1.109120739724301,1.4367628927274874
0.5,0,14,False,8,False,0.9526548503155716,1.149895281408676,1.33862727060527
0.5,0,14,False,9,False,1.0773135256871633,1.5209821561939998,1.1444593472230011
0.5,0,15,False,0,True,0.9711995326810647,0.5960025975696919,2.6523715344044025
0.5,0,15,False,1,False,1.0954035666751951,1.762478026472276,1.0116364889954588
0.5,0,15,False,2,False,1.0297375968188351,0.5520019130895653,3.036407341809955
0.5,0,15,False,3,False,1.0141013534853858,0.5845885088967513,2.823612749482433
0.5,0,15,False,4,False,0.9072838171208623,0.8662845635297376,1.7047340472166042
0.5,0,15,False,5,False,1.0449996343303158,0.9180628423823504,1.8527540636429036
0.5,0,15,False,6,False,0.916066118615863,1.0586639414512728,1.4084542538411517
0.5,0,15,False,7,False,0.9813228152735959,1.1439334921143849,1.3963206692270738
0.5,0,15,False,8,False,0.9625046689212836,1.0782634867803498,1.4529544253627584
0.5,0,15,False,9,False,1.0773810114308113,1.4397206277136203,1.2180500557814948
0.5,0,16,False,0,True,0.9873111739440019,0.5469193517063755,2.9426635063080435
0.5,0,16,False,1,False,1.0978043681150704,1.7698361160725584,1.011117769303673
0.5,0,16,False,2,False,1.028576958185213,0.5918193281133597,2.833071192471678
0.5,0,16,False,3,False,1.0066206393359172,0.5879612214633131,2.7907889116983884
0.5,0,16,False,4,False,0.9092598804325156,0.825283513035436,1.795951901323061
0.5,0,16,False,5,False,1.0467400064949908,0.878784508867518,1.9416290991591243
0.5,0,16,False,6,False,0.9096537978446335,1.0499839946649487,1.4122230625990508
0.5,0,16,False,7,False,0.9849559050662932,1.0982547064256907,1.4619198287232051
0.5,0,16,False,8,False,0.9483518014696308,1.1409395607889337,1.354929429657432
0.5,0,16,False,9,False,1.0807250795903482,1.510217698861866,1.1665020753402633
0.5,0,17,False,0,True,0.9802770429206619,0.5658864402011001,2.8535286987227875
0.5,0,17,False,1,False,1.09855202752621,1.8023599119508342,1.0040187212777287
0.5,0,17,False,2,False,1.023947640506707,0.5635712196402254,2.9928961199849247
0.5,0,17,False,3,False,1.0121609614815672,0.6093214800062039,2.7363131318013814
0.5,0,17,False,4,False,0.9058326199318997,0.7876666038409776,1.894384902513786
0.5,0,17,False,5,False,1.0371714926455882,0.8810655907065471,1.9391215418602634
0.5,0,17,False,6,False,0.9092534900647079,1.0148017428012372,1.475932420095035
0.5,0,17,False,7,False,0.9852589331328896,1.168522766857481,1.388915750878205
0.5,0,17,False,8,False,0.9665787222092296,1.1073308468393022,1.4378796343080584
0.5,0,17,False,9,False,1.0809667119858355,1.4994733971560914,1.1875072102393844
0.5,0,18,False,0,True,0.9853118904409496,0.5186454259344193,3.0273695208227296
0.5,0,18,False,1,False,1.1079783164379333,1.8199040980772017,0.9701636997322315
0.5,0,18,False,2,False,1.0150676301217516,0.5612348780590323,2.8821235138211296
0.5,0,18,False,3,False,1.007458935735372,0.6112029178650387,2.6266620344650677
0.5,0,18,False,4,False,0.9082127946990561,0.8193231639079639,1.7664227319107204
0.5,0,18,False,5,False,1.04218151540383,0.9211426170652869,1.8029295339269789
0.5,0,18,False,6,False,0.9096303779484463,1.0709906008544308,1.3534479502308325
0.5,0,18,False,7,False,0.9852653092120203,1.0678902439895674,1.4702420351660948
0.5,0,18,False,8,False,0.9543264645429508,1.0027453570035785,1.5165913347176756
0.5,0,18,False,9,False,1.084567988214949,1.6069206972434809,1.0755351288890551
0.5,0,19,False,0,True,0.9793982123441913,0.5320808599427138,2.9376355746941956
0.5,0,19,False,1,False,1.1069614919155217,1.8452552732895906,0.957397538891988
0.5,0,19,False,2,False,1.0283238286692202,0.5889824900688952,2.7864019433696687
0.5,0,19,False,3,False,1.011051078360571,0.5750185053058139,2.8061283014002414
0.5,0,19,False,4,False,0.8989040777378758,0.8037340452950724,1.7849137461133573
0.5,0,19,False,5,False,1.0346852198836354,0.9404517992979907,1.7558521846520272
0.5,0,19,False,6,False,0.9128579968926247,1.0196145593279906,1.4288394904856252
0.5,0,19,False,7,False,0.9795127680650794,1.08828848698153,1.4364228836450907
0.5,0,19,False,8,False,0.9549462849221912,1.0428376913194932,1.4614315289767459
0.5,0,19,False,9,False,1.0933587479276736,1.5637362891709097,1.1158746661298045
0.5,0,20,False,0,True,0.9795019160526622,0.6158018308927521,2.6684617837688545
0.5,0,20,False,1,False,1.0999615293719953,1.7103449128682668,1.0789230447995026
0.5,0,20,False,2,False,1.0275998935027717,0.5384341641636387,3.201755140621247
0.5,0,20,False,3,False,1.0128683353226777,0.5849504192453694,2.9048961506436615
0.5,0,20,False,4,False,0.9027744322890023,0.8673348999581983,1.746180372163169
0.5,0,20,False,5,False,1.0473151629916149,0.9167897623126222,1.9164800808945257
0.5,0,20,False,6,False,0.9108427939368375,1.0040393077591996,1.5219114504805797
0.5,0,20,False,7,False,0.9862488146200352,1.1395220812016273,1.4519792916803378
0.5,0,20,False,8,False,0.9639460214609864,1.142173522596424,1.4158501797248189
0.5,0,20,False,9,False,1.0689408013018986,1.4806090990019019,1.21118341063247
0.5,0,21,False,0,True,0.9753537320775802,0.5239955232104405,2.982136484500587
0.5,0,21,False,1,False,1.1020751463578808,1.8557447925759498,0.9514498466494582
0.5,0,21,False,2,False,1.0301398650657803,0.578514203114083,2.8528248635582933
0.5,0,21,False,3,False,1.0123604000542736,0.582310175756523,2.785311113049824
0.5,0,21,False,4,False,0.9096203248608078,0.877267990676944,1.6611957642124582
0.5,0,21,False,5,False,1.0415564487868227,0.9002987663662482,1.8534851025004682
0.5,0,21,False,6,False,0.9232324564890718,1.044296899122411,1.4163807575585485
0.5,0,21,False,7,False,0.9732807641827065,1.0445078135582468,1.4928610585491915
0.5,0,21,False,8,False,0.9525621434218213,1.0829320655187755,1.4092402769928523
0.5,0,21,False,9,False,1.0798191057398299,1.5101317701003771,1.145589714182207
0.5,0,22,False,0,True,0.9827511549318898,0.5502394524984633,2.880129228079742
0.5,0,22,False,1,False,1.0920169466017868,1.816288357141154,0.9695377355931325
0.5,0,22,False,2,False,1.032683660393019,0.5660865744264624,2.941742049255073
0.5,0,22,False,3,False,1.0100320599059638,0.5867950964666504,2.775676324744911
0.5,0,22,False,4,False,0.9119632359983035,0.8614673282800198,1.7070988026153353
0.5,0,22,False,5,False,1.0385491866452021,0.9103747563204119,1.8396152502788696
0.5,0,22,False,6,False,0.9092982848178331,1.0443462987170327,1.4040480735359124
0.5,0,22,False,7,False,0.9858090451802971,1.112864885439333,1.4284679390963142
0.5,0,22,False,8,False,0.9578684722975962,1.0910510025026732,1.4157317249077248
0.5,0,22,False,9,False,1.0790272121563138,1.4604862482077987,1.1913930526155585
0.5,0,23,False,0,True,0.9803599107763136,0.5604884368124047,2.770694382078747
0.5,0,23,False,1,False,1.097028362615173,1.7632761371736785,0.9855241332533107
0.5,0,23,False,2,False,1.03148932290555,0.5687806514403501,2.872695938451061
0.5,0,23,False,3,False,1.0069588278362476,0.6332136149664879,2.5190176310478645
0.5,0,23,False,4,False,0.909146196908914,0.8085606650791514,1.7811104602889614
0.5,0,23,False,5,False,1.0319426191786343,0.906173698300005,1.8039057144329536
0.5,0,23,False,6,False,0.9045289168359051,1.014853758063555,1.4118505549380589
0.5,0,23,False,7,False,0.994846443797671,1.1192875160829716,1.4079399422411132
0.5,0,23,False,8,False,0.9573104584600833,1.098809186990614,1.3800672805462846
0.5,0,23,False,9,False,1.0863888849569279,1.5265563350907818,1.127307030582453
0.5,0,24,False,0,True,0.9855739110734983,0.5391798083302205,2.8800831810842005
0.5,0,24,False,1,False,1.1005207444276248,1.828098977375011,0.9485232478628829
0.5,0,24,False,2,False,1.0278633399436017,0.554856841105971,2.9187969501694315
0.5,0,24,False,3,False,1.0070976312479085,0.6167467515780508,2.5728481564667494
0.5,0,24,False,4,False,0.9042642311813404,0.8332756598966242,1.7098425022081243
0.5,0,24,False,5,False,1.0404460827741329,0.911754674320424,1.798005571277798
0.5,0,24,False,6,False,0.9067465160972723,1.0049041788596236,1.4217089438531694
0.5,0,24,False,7,False,0.9823079985749564,1.0931663586068356,1.415829230748008
0.5,0,24,False,8,False,0.957409933778712,1.0751127248831591,1.4031153612370026
0.5,0,24,False,9,False,1.0877700049948587,1.54290402504408,1.110830048779052
0.5,0,25,False,0,True,0.9797766733616919,0.6137550305273711,2.5709207214336054
0.5,0,25,False,1,False,1.089477337589814,1.8001642148951043,0.9746815169804224
0.5,0,25,False,2,False,1.0324439229074966,0.5336494426042305,3.1157820145528
0.5,0,25,False,3,False,1.0206414288469734,0.5908063969926897,2.7821763701043976
0.5,0,25,False,4,False,0.9032159798202161,0.8377945071304316,1.7362439996190129
0.5,0,25,False,5,False,1.0410656062424277,0.8906172998691884,1.8825374561070627
0.5,0,25,False,6,False,0.9180381651087932,1.042266641731736,1.418530088302423
0.5,0,25,False,7,False,0.9713773233835787,1.135936503871505,1.377179529250174
0.5,0,25,False,8,False,0.9622354954915415,1.0812681443378318,1.433192804308387
0.5,0,25,False,9,False,1.081727663005,1.4737418180399113,1.1820971846348527
0.5,0,26,False,0,True,0.991087581075,0.5565295385109283,2.8007413041621216
0.5,0,26,False,1,False,1.1033625455142118,1.7659583152328358,0.9826231043431182
0.5,0,26,False,2,False,1.023043321151341,0.5314383639699738,3.0275428879905384
0.5,0,26,False,3,False,1.0058246818907919,0.6198547490791753,2.5520050982200835
0.5,0,26,False,4,False,0.9051193029923048,0.7980648406655713,1.783679540999239
0.5,0,26,False,5,False,1.0369362231274974,0.971973061404434,1.6778263068416466
0.5,0,26,False,6,False,0.9011938654188073,1.0021472033153824,1.4142815960396573
0.5,0,26,False,7,False,0.9892475177072882,1.1040896069550585,1.409126003973994
0.5,0,26,False,8,False,0.9596015752808368,1.1245059735588425,1.3420798856939573
0.5,0,26,False,9,False,1.0845844302116194,1.525438347307798,1.1181958804482113
0.5,0,27,False,0,True,0.9763998814418317,0.5528386138225249,2.8073302111186345
0.5,0,27,False,1,False,1.1003179986514346,1.7983410382408582,0.972546360047531
0.5,0,27,False,2,False,1.028194811928866,0.6046727086044659,2.7028328666951795
0.5,0,27,False,3,False,1.0145082511022274,0.5803377225814643,2.7786825463377123
0.5,0,27,False,4,False,0.9032168497072052,0.8205233255198169,1.7497066806836057
0.5,0,27,False,5,False,1.0402296398581186,0.8882611894197774,1.861455626431254
0.5,0,27,False,6,False,0.9118625438582828,1.0029833112372648,1.445106387545719
0.5,0,27,False,7,False,0.9840048055336776,1.1394722436498477,1.3726430623763344
0.5,0,27,False,8,False,0.9564012042728798,1.1054075779712416,1.375250550602701
0.5,0,27,False,9,False,1.0848635621673028,1.507162268952738,1.1441402395256626
0.5,0,28,False,0,True,0.9832782433489642,0.5964229229005801,2.739106200286749
0.5,0,28,False,1,False,1.090687142620251,1.7704407180069408,1.0235417738597514
0.5,0,28,False,2,False,1.0280118833049994,0.5391439257482924,3.1679636247241487
0.5,0,28,False,3,False,1.009860272597646,0.598834735672795,2.801825423587008
0.5,0,28,False,4,False,0.9044029465313413,0.8276069965536185,1.8156184321641349
0.5,0,28,False,5,False,1.0425029311673095,0.9491431900636654,1.8248716175779944
0.5,0,28,False,6,False,0.9117205388596087,0.9811876022772813,1.5438192589927344
0.5,0,28,False,7,False,0.9851219271783876,1.1690352106698998,1.4000681040965834
0.5,0,28,False,8,False,0.9634901378388814,1.1431209132578533,1.4003670111435917
0.5,0,28,False,9,False,1.0809243420727992,1.425063784849074,1.2602240447924806
0.5,0,29,False,0,True,0.9834633008358119,0.5795289974079619,2.7112985717571916
0.5,0,29,False,1,False,1.1049392643063203,1.7684635599604637,0.9982438642631855
0.5,0,29,False,2,False,1.027180555639748,0.5489361182320646,2.9896430666873313
0.5,0,29,False,3,False,1.0029994329187852,0.5936720179597053,2.699283290585711
0.5,0,29,False,4,False,0.9061141838410499,0.8017344269926509,1.8057048064036747
0.5,0,29,False,5,False,1.0326368254292007,0.9293146786679723,1.7753303186080156
0.5,0,29,False,6,False,0.9049204131051743,1.0046135004852028,1.4391489104299302
0.5,0,29,False,7,False,0.9933390243516869,1.1335877299230706,1.4000279931335573
0.5,0,29,False,8,False,0.9562860138469561,1.1567554295450468,1.3208108128961888
0.5,0,29,False,9,False,1.088121045155283,1.4833935408258614,1.1719664644460053
0.5,0,30,True,0,True,0.9942165447833435,0.5799177179832534,2.675697274522768
0.5,0,30,True,1,False,1.0922227407501934,1.709162155806526,0.997356252224307
0.5,0,30,True,2,False,1.010898915366868,0.5489273678646077,2.874188283742173
0.5,0,30,True,3,False,1.013619991624724,0.6448870870550483,2.453092104864972
0.5,0,30,True,4,False,0.9057450405644117,0.7931015705579523,1.782376809349376
0.5,0,30,True,5,False,1.0336607649905827,0.9469685073938996,1.7035891434106298
0.5,0,30,True,6,False,0.9059532707506415,1.027713101206334,1.3758030643098087
0.5,0,30,True,7,False,1.0089805519982167,1.1596197365970715,1.3579680904718014
0.5,0,30,True,8,False,0.9608737191194601,1.03045207234222,1.4553280037861906
0.5,0,30,True,9,False,1.073828328426915,1.5592506831930866,1.0748337177077714
0.5,0,31,False,0,True,0.9860647281999255,0.5821489203774333,2.768381531967724
0.5,0,31,False,1,False,1.0858625708809977,1.8187160228220483,0.9758084758157344
0.5,0,31,False,2,False,1.0308737700894106,0.5702579063727344,2.9545326226954387
0.5,0,31,False,3,False,1.0083510512063434,0.5948562931023876,2.770475477758395
0.5,0,31,False,4,False,0.9066820802861808,0.8286730295082186,1.7882426291763096
0.5,0,31,False,5,False,1.0507164108372897,0.9626409116928115,1.7839218131762355
0.5,0,31,False,6,False,0.909432509932912,1.0180209902645923,1.4600521155768438
0.5,0,31,False,7,False,0.9815238803304142,1.1585409044543167,1.3846630843864285
0.5,0,31,False,8,False,0.9676867676945612,1.055706309664866,1.4981189611503336
0.5,0,31,False,9,False,1.072805182359935,1.4104387117405919,1.2431434868215452
0.5,0,32,False,0,True,0.9818127144314093,0.5450327729618162,2.848295222533164
0.5,0,32,False,1,False,1.1067234510259596,1.8433377617482036,0.9493211561354368
0.5,0,32,False,2,False,1.0274056894659416,0.5891016091820199,2.757596531638137
0.5,0,32,False,3,False,1.006888744066972,0.5966833654379361,2.668188587054565
0.5,0,32,False,4,False,0.9086571304203176,0.8356622074590645,1.7192864639946446
0.5,0,32,False,5,False,1.0302822104234515,0.917745780353048,1.77505891280576
0.5,0,32,False,6,False,0.9118965417768452,0.997820815230032,1.4450137384724184
0.5,0,32,False,7,False,0.9841240782101208,1.0616017917642842,1.4657745661922932
0.5,0,32,False,8,False,0.953258863539067,1.015017357960538,1.4849654514963209
0.5,0,32,False,9,False,1.0889504643941998,1.5979965379030576,1.0774850602399468
0.5,0,33,True,0,True,0.9910867297187845,0.5679791986322601,2.6448532021431155
0.5,0,33,True,1,False,1.0953356076879168,1.7243157466805634,0.9628369615493099
0.5,0,33,True,2,False,1.0200232875448487,0.550831281438453,2.8068152865896026
0.5,0,33,True,3,False,1.0163926863895263,0.6316648223447581,2.4389179026761094
0.5,0,33,True,4,False,0.9069040450231132,0.8177603399580219,1.6809609966078678
0.5,0,33,True,5,False,1.0288472586332313,0.9405807832321502,1.6579718210564336
0.5,0,33,True,6,False,0.904035152163324,1.0315962677810282,1.3283052749458972
0.5,0,33,True,7,False,1.0037485919090061,1.1289978099295546,1.3475788660882226
0.5,0,33,True,8,False,0.9576502690886731,1.0412439785655523,1.3940449384170224
0.5,0,33,True,9,False,1.075976108616247,1.5650297714376582,1.0420831328916351
0.5,0,34,False,0,True,0.9741626252284663,0.6098991290710857,2.674904784211073
0.5,0,34,False,1,False,1.0932437854570902,1.7525453350541231,1.0446784437450145
0.5,0,34,False,2,False,1.0323927668507953,0.5465364821655091,3.1634478056502306
0.5,0,34,False,3,False,1.0175186634992628,0.6357614564146309,2.6802979011296495
0.5,0,34,False,4,False,0.9091334420087533,0.8718289211738559,1.7463498004115265
0.5,0,34,False,5,False,1.0403138282345057,0.8794919999069546,1.980921908829482
0.5,0,34,False,6,False,0.9139842443566639,0.9895710727616642,1.5467730446278543
0.5,0,34,False,7,False,0.9854460380010716,1.156344568921524,1.4271856163986083
0.5,0,34,False,8,False,0.9640051794361482,1.132667958235615,1.4253175398581692
0.5,0,34,False,9,False,1.0697996063451503,1.4253530762950375,1.2569408871321914
0.5,0,35,False,0,True,0.9792572669293063,0.5344022139108898,2.9474652990570807
0.5,0,35,False,1,False,1.1024909225895354,1.7386488428360625,1.0199603584637154
0.5,0,35,False,2,False,1.0256789697274862,0.5681883343328638,2.903616692776686
0.5,0,35,False,3,False,1.010374281365718,0.6271796185728431,2.591257025799271
0.5,0,35,False,4,False,0.9111866617362215,0.834996182301233,1.7552662820655807
0.5,0,35,False,5,False,1.0422523522966862,0.8923325198319995,1.878738390017924
0.5,0,35,False,6,False,0.9076472003625821,1.0943114939280338,1.3341241876500547
0.5,0,35,False,7,False,0.9940916959911937,1.1150809740042593,1.433970399621353
0.5,0,35,False,8,False,0.9552176320946828,1.0804279417131666,1.4220886475646757
0.5,0,35,False,9,False,1.0718030169065877,1.5144318785686484,1.1383750761752662
0.5,0,36,False,0,True,0.9849843068656802,0.6403289166212931,2.3666425471882047
0.5,0,36,False,1,False,1.1057860283849237,1.803570942110434,0.9432880659727807
0.5,0,36,False,2,False,1.026169557595953,0.5254419100121456,3.004698417229954
0.5,0,36,False,3,False,1.0011434406975666,0.6589456904332051,2.3375082674648624
0.5,0,36,False,4,False,0.898176692114019,0.8144826160067956,1.6966272295179505
0.5,0,36,False,5,False,1.0380919245837334,0.9438982224538366,1.6920652861316587
0.5,0,36,False,6,False,0.8988747715705575,0.9792168827084167,1.4122993854940908
0.5,0,36,False,7,False,0.9938548542018255,1.1250162301077256,1.3591601937167836
0.5,0,36,False,8,False,0.9610193075336932,1.0006713161724046,1.4775668306973344
0.5,0,36,False,9,False,1.0918995188695884,1.5084272733737432,1.1136911532215952
0.5,0,37,False,0,True,0.9797992221454953,0.5879756720078744,2.6628126708356503
0.5,0,37,False,1,False,1.0908829243304594,1.7812898966868427,0.9786027250762714
0.5,0,37,False,2,False,1.0348473068430957,0.5950876294424553,2.7788060329850808
0.5,0,37,False,3,False,1.011838221750088,0.5784172541933417,2.7953276659289785
0.5,0,37,False,4,False,0.9050456909246096,0.869556366323972,1.6631661892094092
0.5,0,37,False,5,False,1.0395239162265235,0.8861048098654931,1.874615800615806
0.5,0,37,False,6,False,0.9101468037798197,1.0033907017463835,1.4494534014754232
0.5,0,37,False,7,False,0.9858754642209764,1.1161499773896102,1.4114398832571495
0.5,0,37,False,8,False,0.9585920743045684,1.1122424204254366,1.377200782219072
0.5,0,37,False,9,False,1.0834475060652875,1.4697852719185907,1.1779228992410005
0.5,0,38,False,0,True,0.9821582997905168,0.5920033404761803,2.5918013082629545
0.5,0,38,False,1,False,1.1001379674130183,1.777822178566021,0.9667255665671399
0.5,0,38,False,2,False,1.0288049652686917,0.5790702535797508,2.7755315378972036
0.5,0,38,False,3,False,1.0099631674439984,0.5839639459394569,2.701866410511005
0.5,0,38,False,4,False,0.898274926135533,0.8271444439677414,1.6965719851312828
0.5,0,38,False,5,False,1.0418171185914813,0.9304411595378611,1.7492301182862646
0.5,0,38,False,6,False,0.9038954770244501,0.9548827732381521,1.4788105010413937
0.5,0,38,False,7,False,0.9842362893021521,1.1384849249449778,1.3505680151788289
0.5,0,38,False,8,False,0.9589031372978551,1.1201473158730126,1.3373465695159645
0.5,0,38,False,9,False,1.0918088235900674,1.496039663876845,1.1401129085739414
0.5,0,39,False,0,True,0.9675591914951394,0.6208884156101011,2.466636921800824
0.5,0,39,False,1,False,1.0950693159689027,1.7626355777050045,0.9833776199443591
0.5,0,39,False,2,False,1.0363857683214548,0.551995777634438,2.97185028484716
0.5,0,39,False,3,False,1.013600839265367,0.5972560897251706,2.6862573502762497
0.5,0,39,False,4,False,0.9062196407335208,0.8664770592771182,1.6554560052104348
0.5,0,39,False,5,False,1.0495364565704053,0.9207265755072851,1.804297270315594
0.5,0,39,False,6,False,0.9201146197726283,1.0116376237801317,1.439654239339704
0.5,0,39,False,7,False,0.9822058610671394,1.0846927149664067,1.4332997989408935
0.5,0,39,False,8,False,0.9487510635728716,1.1203293837692108,1.34044127128049
0.5,0,39,False,9,False,1.0805571871739137,1.463360782025134,1.1687929585275767
0.5,0,40,False,0,True,0.9924301405282826,0.5304923153644712,3.0251725756102203
0.5,0,40,False,1,False,1.1019484046535386,1.811873688678225,0.9834734688102943
0.5,0,40,False,2,False,1.0280714088180378,0.5871038805304333,2.8316373803352617
0.5,0,40,False,3,False,0.9994269365267222,0.5974332950998439,2.7051474011244716
0.5,0,40,False,4,False,0.9129084639031926,0.7907661786804763,1.86684582905645
0.5,0,40,False,5,False,1.0346581247448852,0.9193723306146324,1.819846466098848
0.5,0,40,False,6,False,0.9048864677257724,1.0837611068852024,1.350174304328608
0.5,0,40,False,7,False,0.9888603466515278,1.0857826038165783,1.472724084310117
0.5,0,40,False,8,False,0.9616487003774945,1.0171069989591393,1.5289001122334456
0.5,0,40,False,9,False,1.0751611176266047,1.5763076013709973,1.1029653941976143
0.5,0,41,False,0,True,0.9821033144733394,0.518005557986475,2.9922527974548476
0.5,0,41,False,1,False,1.1119664135393377,1.8267108021199,0.9607212509933813
0.5,0,41,False,2,False,1.0242055956799787,0.5726021136972107,2.8229924842838505
0.5,0,41,False,3,False,1.0021781446143045,0.6103818103327299,2.5913070047715583
0.5,0,41,False,4,False,0.9107786861242984,0.8031799339907671,1.7896806124571543
0.5,0,41,False,5,False,1.0318618948155212,0.8897324671660519,1.8303648231931078
0.5,0,41,False,6,False,0.901649809346185,1.018956771807005,1.3965537644469395
0.5,0,41,False,7,False,0.9998730853930492,1.142322535815587,1.381438826424494
0.5,0,41,False,8,False,0.9526240314131487,1.060102119315406,1.4182387747342733
0.5,0,41,False,9,False,1.0827593697901583,1.5580058877688683,1.0968276260456575
0.5,0,42,False,0,True,0.9945137038581248,0.5503503984203036,2.8639412972689673
0.5,0,42,False,1,False,1.1016093009860604,1.8094868656522436,0.9648610706957965
0.5,0,42,False,2,False,1.0313404990630686,0.5565875750911774,2.93671086647691
0.5,0,42,False,3,False,1.0009663429366848,0.6186928539552778,2.5641120532646138
0.5,0,42,False,4,False,0.9068733170762467,0.8359877976068962,1.7192510995530417
0.5,0,42,False,5,False,1.0294482833589487,0.8998931396328577,1.8130351251687988
0.5,0,42,False,6,False,0.8959936650067623,1.0310867323495887,1.377216971177815
0.5,0,42,False,7,False,0.9928532504604658,1.1051363254997482,1.4238421098806173
0.5,0,42,False,8,False,0.9636259059906204,1.0495213331537108,1.4551568953047684
0.5,0,42,False,9,False,1.0827758489088584,1.5432569786381953,1.1119696558824892
0.5,0,43,False,0,True,0.9819162882809305,0.5484269671921732,2.8493696925795775
0.5,0,43,False,1,False,1.0942955780268973,1.8161638327651735,0.9588987654105617
0.5,0,43,False,2,False,1.0315630407009422,0.5885381273465226,2.7894225575990017
0.5,0,43,False,3,False,1.016702219145392,0.5754262497644929,2.8118829598557555
0.5,0,43,False,4,False,0.9007835805021603,0.828536161111795,1.73022320199029
0.5,0,43,False,5,False,1.0467041187273063,0.8879541300785441,1.8759728102676176
0.5,0,43,False,6,False,0.907352780327868,1.0092376775854157,1.4307898705475948
0.5,0,43,False,7,False,0.9801248391487835,1.1354561423409104,1.373738815713148
0.5,0,43,False,8,False,0.9592897554469001,1.087007202107907,1.4044637134928948
0.5,0,43,False,9,False,1.0812675034386225,1.5232535097070652,1.129676518119227
0.5,0,44,False,0,True,0.97857846982162,0.558649510843854,2.8125853519208723
0.5,0,44,False,1,False,1.0876533452466302,1.7887605758007155,0.9763100557866656
0.5,0,44,False,2,False,1.0372874283959994,0.5894179454436586,2.825694700943792
0.5,0,44,False,3,False,1.015190118825375,0.5924427796701258,2.751379189382624
0.5,0,44,False,4,False,0.9106192747854542,0.8634569208124293,1.693345745132834
0.5,0,44,False,5,False,1.0407379737221303,0.9157989030085316,1.8246970047139244
0.5,0,44,False,6,False,0.9144941647619589,1.0529284016636509,1.394541924771848
0.5,0,44,False,7,False,0.9949704178763336,1.092660303993035,1.4620912568784268
0.5,0,44,False,8,False,0.9490013371403829,1.0676096795799364,1.4272623140513239
0.5,0,44,False,9,False,1.0714666930486445,1.4782749791840635,1.1637854579491942
0.5,0,45,False,0,True,0.9818248537881265,0.601662109161721,2.553698978174533
0.5,0,45,False,1,False,1.097365023798475,1.760528590058694,0.9754305977710233
0.5,0,45,False,2,False,1.025463602547825,0.5497206443534945,2.9192181216851827
0.5,0,45,False,3,False,1.0042542534211902,0.5754092414334899,2.7312106051207365
0.5,0,45,False,4,False,0.9125532267145676,0.8346255744735802,1.7110191089627298
0.5,0,45,False,5,False,1.0469138547803676,0.9267799402730936,1.7677574047875586
0.5,0,45,False,6,False,0.9091364749939025,1.1003834183890953,1.2929251628432474
0.5,0,45,False,7,False,0.9868565218385157,1.1017042753473367,1.4017718157533543
0.5,0,45,False,8,False,0.9603382053240141,1.0651915624181927,1.4108629607458791
0.5,0,45,False,9,False,1.0752947040598,1.4839946440913028,1.1339228742994798
0.5,0,46,False,0,True,0.9901360082444898,0.5639263680716295,2.80121692164542
0.5,0,46,False,1,False,1.1003283199902814,1.7808619310853755,0.9857489629462681
0.5,0,46,False,2,False,1.0275430917154165,0.58073301502314,2.8229150905743294
0.5,0,46,False,3,False,1.004510150246172,0.5888266544698061,2.7217056615812165
0.5,0,46,False,4,False,0.9107361611401583,0.8130893737034086,1.7870165872085053
0.5,0,46,False,5,False,1.0457849547126474,0.9118744884326292,1.8297072635401395
0.5,0,46,False,6,False,0.8966524665135595,1.0855870923967872,1.3177522449479564
0.5,0,46,False,7,False,0.988976485208262,1.0935647952551715,1.4428318912387537
0.5,0,46,False,8,False,0.9656409707809714,1.053438351060437,1.4624493948926225
0.5,0,46,False,9,False,1.0696912781248364,1.5280979305016156,1.11681581529139
0.5,0,47,False,0,True,0.9751136693728015,0.5247394844146098,2.9917254475353006
0.5,0,47,False,1,False,1.0980565673438416,1.7720699965494364,0.9975945699523858
0.5,0,47,False,2,False,1.0259565929351313,0.5808927490628919,2.8434347484724993
0.5,0,47,False,3,False,1.007703480025134,0.6157099480640861,2.634916293760173
0.5,0,47,False,4,False,0.9158731787113922,0.8210217875700887,1.7959361567234386
0.5,0,47,False,5,False,1.0442496260270666,0.9162473465569891,1.8348553551109297
0.5,0,47,False,6,False,0.9071766562833307,1.0557558953203912,1.3833707425734156
0.5,0,47,False,7,False,0.9992657139718965,1.102663868126935,1.4589757647615245
0.5,0,47,False,8,False,0.9530249852390109,1.085492777349409,1.4134732170972377
0.5,0,47,False,9,False,1.073580143389279,1.5254061469851636,1.1330764506026418
0.5,0,48,False,0,True,0.9870335585877866,0.5132728910488615,3.056737854444284
0.5,0,48,False,1,False,1.1071248697374325,1.8467729891351334,0.9529227523447609
0.5,0,48,False,2,False,1.0253767962173663,0.581940746658633,2.8007821003411064
0.5,0,48,False,3,False,1.012050425587775,0.595960444913815,2.699350750502847
0.5,0,48,False,4,False,0.908184280993271,0.8043164976089671,1.794822924031166
0.5,0,48,False,5,False,1.0293496172395378,0.920758708545211,1.7770173826641322
0.5,0,48,False,6,False,0.9055982765809975,1.038671996012375,1.3858995971908126
0.5,0,48,False,7,False,0.9834844006469736,1.115686241561181,1.4011995919259397
0.5,0,48,False,8,False,0.9619796383558461,1.014232431859742,1.507658531867041
0.5,0,48,False,9,False,1.0798179631763483,1.5683870526560806,1.0943894636929636
0.5,0,49,False,0,True,0.9719766767911268,0.5548818915672703,2.8466782924883587
0.5,0,49,False,1,False,1.0891205866485925,1.7796490596913868,0.9945455887341771
0.5,0,49,False,2,False,1.039560468692943,0.574613930708305,2.9400634514945736
0.5,0,49,False,3,False,1.0138578767912676,0.6128122181905747,2.6886406571915007
0.5,0,49,False,4,False,0.9116517978688076,0.856177274992794,1.7304075210680614
0.5,0,49,False,5,False,1.0456615380428553,0.9221593845839511,1.8427577285036192
0.5,0,49,False,6,False,0.9100224530519364,0.9879160728466799,1.4969770915416933
0.5,0,49,False,7,False,0.9840163502230349,1.1317377398510338,1.4129917100872718
0.5,0,49,False,8,False,0.9571651816637359,1.1310534693576781,1.3752664664825278
0.5,0,49,False,9,False,1.0769663077533236,1.4489989582103266,1.207861507755299
0.5,0,50,False,0,True,0.9823556944547297,0.5467489224177696,2.974907820217707
0.5,0,50,False,1,False,1.0969339129120264,1.82486548573952,0.9952731503187227
0.5,0,50,False,2,False,1.031624769211871,0.5959552641136824,2.866162323543157
0.5,0,50,False,3,False,1.0138116830122108,0.5814755128885724,2.8868122753318803
0.5,0,50,False,4,False,0.8993678437084577,0.9047278372068368,1.6459327418534726
0.5,0,50,False,5,False,1.045387666629877,0.9078922420712671,1.9064953443668395
0.5,0,50,False,6,False,0.9192991107129993,0.9476678984080605,1.6061768151561309
0.5,0,50,False,7,False,0.975269969743087,1.085922072681564,1.4870270649813395
0.5,0,50,False,8,False,0.9558916972934824,1.1348411240148277,1.394653452563278
0.5,0,50,False,9,False,1.0800575976288889,1.4699036404578996,1.2166081820474162
0.5,0,51,False,0,True,0.9802782229636033,0.5453379327193008,2.859610407963038
0.5,0,51,False,1,False,1.0993858246923862,1.7583383795884817,0.994651401793396
0.5,0,51,False,2,False,1.0328028023468199,0.5663223687188722,2.9011949548426017
0.5,0,51,False,3,False,1.0075763163864173,0.5710536137030318,2.8068828577548097
0.5,0,51,False,4,False,0.9113535141829614,0.8123136794962823,1.7847867263649217
0.5,0,51,False,5,False,1.0428796615503504,0.9698250763617055,1.7106612202354932
0.5,0,51,False,6,False,0.9037522247408525,1.0046137857751403,1.4311114870363464
0.5,0,51,False,7,False,0.9915513609043576,1.1245447650977904,1.4026899599829445
0.5,0,51,False,8,False,0.947045329102096,1.1344124422064021,1.3280762399065402
0.5,0,51,False,9,False,1.0833748587461538,1.513237956332993,1.138924010073333
0.5,0,52,False,0,True,0.9886666812099698,0.5730656022570779,2.752367474230584
0.5,0,52,False,1,False,1.0945837965262946,1.8011731503481654,0.9695147264116065
0.5,0,52,False,2,False,1.026737263158747,0.5436974436437445,3.012748596139926
0.5,0,52,False,3,False,1.0115500065107519,0.5748253901195353,2.807451576572623
0.5,0,52,False,4,False,0.9014182194454009,0.8332370834887485,1.725911813382772
0.5,0,52,False,5,False,1.0464242477944967,0.9369575574894345,1.7817580751610667
0.5,0,52,False,6,False,0.9167692569264168,1.039685342144394,1.406756659406683
0.5,0,52,False,7,False,0.9755903025554308,1.1283381427309767,1.3793963263878117
0.5,0,52,False,8,False,0.9582459516953931,1.0809693608321587,1.41424440242001
0.5,0,52,False,9,False,1.0800143304012084,1.4880509269457647,1.1579040769062916
0.5,0,53,False,0,True,0.987188226086058,0.5592225056270764,2.7869987783946932
0.5,0,53,False,1,False,1.1101937048815287,1.8312997278762149,0.9571076377920312
0.5,0,53,False,2,False,1.0272794991361789,0.5759955023003016,2.815729827336021
0.5,0,53,False,3,False,1.0012260321189919,0.6028923117003373,2.6218862115344588
0.5,0,53,False,4,False,0.9024732643292931,0.8143315194158072,1.749663581919609
0.5,0,53,False,5,False,1.0339383533662627,0.9338015104531684,1.7480808928702498
0.5,0,53,False,6,False,0.9082786527256627,1.0069015269471113,1.4241428703719068
0.5,0,53,False,7,False,0.9854587629206193,1.0870082017022165,1.4312881878629027
0.5,0,53,False,8,False,0.9588390497716239,1.0511602516301182,1.440118518538775
0.5,0,53,False,9,False,1.085124227072892,1.5373869423476483,1.1143400104378693
0.5,0,54,True,0,True,0.9809140683942703,0.5659675942752849,2.8946503391327894
0.5,0,54,True,1,False,1.0852446933173523,1.693261614679121,1.070435047703794
0.5,0,54,True,2,False,1.0213739452182335,0.59629051840358,2.8607742223624357
0.5,0,54,True,3,False,1.020055768994098,0.5725311602518773,2.975647622496492
0.5,0,54,True,4,False,0.9121746697202052,0.8442893337087422,1.804444039278407
0.5,0,54,True,5,False,1.0421326122202186,0.9343887318643941,1.8627394263099664
0.5,0,54,True,6,False,0.9271601288479134,1.0808546351383814,1.4326634137548953
0.5,0,54,True,7,False,0.9892885139148255,1.1464364512321579,1.4412180517108677
0.5,0,54,True,8,False,0.9583040152605585,1.088840254945766,1.469927286251074
0.5,0,54,True,9,False,1.0633505808322676,1.4771397055006945,1.2022965835597046
0.5,0,55,False,0,True,0.9815638476993225,0.5557044555758709,2.8235798856194547
0.5,0,55,False,1,False,1.100125316993915,1.807021973265856,0.9732045474037837
0.5,0,55,False,2,False,1.029889720816695,0.5836791953864879,2.8206026779598656
0.5,0,55,False,3,False,1.0066033515350332,0.5817150096803848,2.766135856114925
0.5,0,55,False,4,False,0.9012465845374081,0.8471018613301615,1.700722274990925
0.5,0,55,False,5,False,1.0411039968701048,0.931692292857681,1.786269631548811
0.5,0,55,False,6,False,0.9126976377958157,0.9956243467354288,1.4654021430102884
0.5,0,55,False,7,False,0.980651609496195,1.0911619300940694,1.4366498905937417
0.5,0,55,False,8,False,0.9547058697766532,1.128860003686121,1.3519321959040436
0.5,0,55,False,9,False,1.0914128076231513,1.47743893138794,1.1808776721963181
0.5,0,56,True,0,True,0.9852417572524738,0.6125384501460197,2.4751549593562907
0.5,0,56,True,1,False,1.0882920866838943,1.6980896158817045,0.9862290795386605
0.5,0,56,True,2,False,1.0355824818880253,0.5662790450706908,2.8141493545890537
0.5,0,56,True,3,False,1.0103997034504428,0.6004371879714053,2.5895158072964546
0.5,0,56,True,4,False,0.9053458550275885,0.8673543660189373,1.606241666077536
0.5,0,56,True,5,False,1.0466303260421728,0.9835138637854783,1.6375922214612189
0.5,0,56,True,6,False,0.9162696021496635,1.0490479222344498,1.3440669112020354
0.5,0,56,True,7,False,0.9947075888286748,1.0888492658497178,1.4057905104396191
0.5,0,56,True,8,False,0.9483678064065767,1.0487553524205826,1.3915395404333588
0.5,0,56,True,9,False,1.0691620864445552,1.4851349306210133,1.1078235055549277
0.5,0,57,False,0,True,0.9717293986183158,0.5653153270253688,2.9254806035274825
0.5,0,57,False,1,False,1.0953250864380153,1.7381204860015407,1.0725209829064557
0.5,0,57,False,2,False,1.0298669314017197,0.5528196253331987,3.170591583299428
0.5,0,57,False,3,False,1.0218534567341058,0.5886879298223846,2.954242409876335
0.5,0,57,False,4,False,0.9033201222913664,0.899813733016897,1.7085657997518724
0.5,0,57,False,5,False,1.0573127055880722,0.9272321485837531,1.9406964505045339
0.5,0,57,False,6,False,0.9151332316688214,0.9948230941207212,1.5656010688707398
0.5,0,57,False,7,False,0.9798931289726428,1.1459328211503816,1.4553323905452025
0.5,0,57,False,8,False,0.9601855226520165,1.130855679839551,1.4450757435535053
0.5,0,57,False,9,False,1.0653804763688315,1.4563991551062037,1.2449931354869772
0.5,0,58,False,0,True,0.9829569360160546,0.5900537078641571,2.6733447000333763
0.5,0,58,False,1,False,1.0919758148858836,1.756759708545083,0.9974994612707124
0.5,0,58,False,2,False,1.0275457697698411,0.5752765724151454,2.866398051310446
0.5,0,58,False,3,False,1.0068103027663091,0.5873386113417677,2.750876614722133
0.5,0,58,False,4,False,0.902531618528456,0.8045335920105059,1.8002393727772426
0.5,0,58,False,5,False,1.0453630251795565,0.962621955800973,1.7427030220308388
0.5,0,58,False,6,False,0.9156074798064213,1.0274646443248305,1.4300606538352836
0.5,0,58,False,7,False,0.9848618558957527,1.1203044369290562,1.4107539462568601
0.5,0,58,False,8,False,0.961245076196224,1.1122411396928504,1.3869065072871747
0.5,0,58,False,9,False,1.0811021780745378,1.4634056310756305,1.1855340524808258
0.5,0,59,False,0,True,0.9756476836420664,0.6291565098032873,2.3848800685322673
0.5,0,59,False,1,False,1.095954991763197,1.7476569908698518,0.9644256253083334
0.5,0,59,False,2,False,1.0333337227271737,0.5359677718979433,2.9650645159080957
0.5,0,59,False,3,False,1.0091743809705027,0.6126751997526961,2.533192168151979
0.5,0,59,False,4,False,0.9134926762881391,0.832310605776785,1.6879200108673442
0.5,0,59,False,5,False,1.0454351846838823,0.9541378170143582,1.6850710751815725
0.5,0,59,False,6,False,0.9070433595283063,1.1065073837568944,1.260683162895958
0.5,0,59,False,7,False,0.9961988047256537,1.114020560156814,1.3752606946745987
0.5,0,59,False,8,False,0.9523622315232435,1.0149122753413098,1.443131410416526
0.5,0,59,False,9,False,1.071356009384092,1.45265488563006,1.1342364028230127
0.5,0,60,False,0,True,0.978039034003524,0.5328787444198312,2.9700297381820726
0.5,0,60,False,1,False,1.0929161137798298,1.8007929020963054,0.9821008029575489
0.5,0,60,False,2,False,1.0273732787998309,0.5815129339821012,2.8589192853707983
0.5,0,60,False,3,False,1.012500757881154,0.6168943602513378,2.6559357468139893
0.5,0,60,False,4,False,0.9084839414818555,0.8054337143984526,1.8252420165289334
0.5,0,60,False,5,False,1.0451287564871155,0.9269690086563075,1.824473626909452
0.5,0,60,False,6,False,0.90548730254014,1.0295289065384774,1.423235693102088
0.5,0,60,False,7,False,0.9947698100877106,1.1511367553244305,1.3983912013062452
0.5,0,60,False,8,False,0.9549057242127177,1.023973570154808,1.5090539160982503
0.5,0,60,False,9,False,1.0803959171148771,1.5308791041779481,1.1420235146543254
0.5,0,61,True,0,True,1.0017505905731257,0.5557899188484537,2.8131425891651065
0.5,0,61,True,1,False,1.097600448305845,1.7047782009330492,1.0048915539417018
0.5,0,61,True,2,False,1.0181936649963095,0.57188700794122,2.7788363028093173
0.5,0,61,True,3,False,1.0082218233804954,0.6497122188379109,2.422020769081762
0.5,0,61,True,4,False,0.9041744348275441,0.8345645760179446,1.6909667980886938
0.5,0,61,True,5,False,1.0267087161133888,0.9032861112748268,1.7740453598169978
0.5,0,61,True,6,False,0.9038732579547483,0.9867837498079662,1.4296454690689313
0.5,0,61,True,7,False,1.0007064556334224,1.0981956876170378,1.4222297900523644
0.5,0,61,True,8,False,0.9612498687597612,1.1021107048644934,1.361300100091662
0.5,0,61,True,9,False,1.0775213117931668,1.592891823857097,1.0558017784502407
0.5,0,62,False,0,True,0.9752642491965026,0.5596735850683878,2.8211787399751502
0.5,0,62,False,1,False,1.0882738599969823,1.7418895925478952,1.0114878756038879
0.5,0,62,False,2,False,1.0347380578112046,0.6035342821464987,2.77569400093652
0.5,0,62,False,3,False,1.0078197407603398,0.6105401081555869,2.672463421460787
0.5,0,62,False,4,False,0.9120836435514884,0.8193357624809846,1.8022534443693752
0.5,0,62,False,5,False,1.0407254157867805,0.917821220319451,1.8357822831734925
0.5,0,62,False,6,False,0.9099195546176401,1.037283537437602,1.4201970985286254
0.5,0,62,False,7,False,0.9937165327445151,1.1331060301847182,1.4198258295456836
0.5,0,62,False,8,False,0.9600837488662722,1.0951069528897457,1.4193702241359885
0.5,0,62,False,9,False,1.0773754328000769,1.4817089287691292,1.1771919355963336
0.5,0,63,True,0,True,0.9902463085623633,0.5678297642897817,2.7097553994939547
0.5,0,63,True,1,False,1.0997029656496018,1.7610716251179317,0.9702940948247831
0.5,0,63,True,2,False,1.0247042314209813,0.5595670515105993,2.8454529369729595
0.5,0,63,True,3,False,1.0107202924775733,0.6264627981782696,2.506921361249011
0.5,0,63,True,4,False,0.903772961224676,0.8134441029160463,1.7263809724878747
0.5,0,63,True,5,False,1.029303332617821,0.9940356624854385,1.6089643629150734
0.5,0,63,True,6,False,0.9048802474794009,0.9592672414753455,1.4657385358804658
0.5,0,63,True,7,False,1.005187618962732,1.0941269532664617,1.4275273103815027
0.5,0,63,True,8,False,0.9506953040409224,1.025631593509401,1.4403066638767552
0.5,0,63,True,9,False,1.080787594596633,1.5985632072507243,1.0505471523655723
0.5,0,64,False,0,True,0.9833933672976765,0.5652793752923863,2.9029788110173724
0.5,0,64,False,1,False,1.0923942590036748,1.7329580048055597,1.0518918781748654
0.5,0,64,False,2,False,1.02819381258271,0.5801281419437118,2.9575410672477047
0.5,0,64,False,3,False,1.0126555231815162,0.5807983082730995,2.909485012242031
0.5,0,64,False,4,False,0.9060579779288567,0.80746493829276,1.8724578336699864
0.5,0,64,False,5,False,1.0447845422481215,0.8902027577756733,1.9584727556044212
0.5,0,64,False,6,False,0.9068299567778175,1.0835464546296163,1.3965550328796024
0.5,0,64,False,7,False,0.9850076391373739,1.1204914704724962,1.4669346769712592
0.5,0,64,False,8,False,0.9692512509442428,1.1541815687294381,1.4013349921854337
0.5,0,64,False,9,False,1.0714315573048896,1.4849489797852586,1.204017037932997
0.5,0,65,True,0,True,0.9770478448955973,0.5950979127996823,2.7183298458736935
0.5,0,65,True,1,False,1.084609332667762,1.7292119017647438,1.0384841452171498
0.5,0,65,True,2,False,1.0198236933529887,0.5518334412407151,3.059791485172213
0.5,0,65,True,3,False,1.0232629015495736,0.597123377126663,2.837251958621789
0.5,0,65,True,4,False,0.9057173676480401,0.8516263506484787,1.760833752337329
0.5,0,65,True,5,False,1.0469734057307543,0.9605764851973412,1.8045895939797068
0.5,0,65,True,6,False,0.9221151714799862,1.001603754171072,1.5242772690679687
0.5,0,65,True,7,False,1.0007799579483205,1.1815297454619242,1.402389621845871
0.5,0,65,True,8,False,0.9550791652560876,1.0672375514133285,1.48167523757738
0.5,0,65,True,9,False,1.064590955613611,1.4641594801760505,1.2038410208871475
0.5,0,66,False,0,True,0.9755544073995279,0.6024360430112198,2.549376268222884
0.5,0,66,False,1,False,1.0993568542922842,1.766440309274521,0.9797902481563677
0.5,0,66,False,2,False,1.029058857718312,0.5349389327134181,3.028512698607848
0.5,0,66,False,3,False,1.0074839207881616,0.6462304361010015,2.4543930118894934
0.5,0,66,False,4,False,0.900290275547202,0.850166954100216,1.66713868748842
0.5,0,66,False,5,False,1.0445325557440945,0.9217265194907257,1.7840757419955162
0.5,0,66,False,6,False,0.9125975330277933,1.01839787967782,1.410766682779301
0.5,0,66,False,7,False,0.9919222328804188,1.101259544762388,1.418016648334227
0.5,0,66,False,8,False,0.9563333420981728,1.0449719755201488,1.4407812387190906
0.5,0,66,False,9,False,1.0828692806149867,1.5134314053485418,1.126436416855726
0.5,0,67,False,0,True,0.9842769350864737,0.5975755323990392,2.548063607649677
0.5,0,67,False,1,False,1.106817658541239,1.7807215166949772,0.9615366378782231
0.5,0,67,False,2,False,1.0292805033765748,0.5364179533129955,2.9683575053550957
0.5,0,67,False,3,False,1.0007238629629833,0.6340747571079701,2.441515894540872
0.5,0,67,False,4,False,0.9083060666435507,0.8063149510978743,1.7426624208725876
0.5,0,67,False,5,False,1.0330948587269002,0.9298102229757709,1.718824943135979
0.5,0,67,False,6,False,0.9020802489180467,1.0209458475655837,1.3668732076933094
0.5,0,67,False,7,False,0.9856509331674859,1.1038040024302218,1.3813920010567595
0.5,0,67,False,8,False,0.9666047261039226,1.0630201028990682,1.4066731588216272
0.5,0,67,False,9,False,1.0831642064728233,1.5273151135164997,1.0971131355410562
0.5,0,68,False,0,True,0.9883909061963507,0.5431426114567632,2.924271006867457
0.5,0,68,False,1,False,1.0995330228331197,1.780782669043407,0.992202028080553
0.5,0,68,False,2,False,1.0296482526637327,0.5569572664712468,2.9707750365306826
0.5,0,68,False,3,False,1.0041845885613685,0.6195138140877481,2.6047455847184438
0.5,0,68,False,4,False,0.9085596508440879,0.8308076343406581,1.757339701851791
0.5,0,68,False,5,False,1.0320240526747744,0.9095385253240885,1.8233560126638901
0.5,0,68,False,6,False,0.8994581851906421,1.029046657449302,1.4045870676664551
0.5,0,68,False,7,False,0.9960523317203387,1.0958712795746148,1.4605800515976308
0.5,0,68,False,8,False,0.9578284792067442,1.066741317672964,1.4428838835402402
0.5,0,68,False,9,False,1.0843207037192086,1.5675982245792064,1.1115416503726427
0.5,0,69,False,0,True,0.9784139206011918,0.5596021724831215,2.793926354031178
0.5,0,69,False,1,False,1.0961595661351278,1.7558374304110633,0.9976109290845859
0.5,0,69,False,2,False,1.0292742589469104,0.5909529360246233,2.7832354024270987
0.5,0,69,False,3,False,1.0079215952879819,0.5891418928030121,2.7338744584002193
0.5,0,69,False,4,False,0.9102150590070324,0.8010957648121769,1.8156465285141747
0.5,0,69,False,5,False,1.0323788498413988,0.9438556617770986,1.7478543362703303
0.5,0,69,False,6,False,0.9165959668081741,1.076242051180611,1.3609422850872677
0.5,0,69,False,7,False,0.9898651735399056,1.1598198648312148,1.3638205334874622
0.5,0,69,False,8,False,0.9579294007438309,1.0422447129676249,1.4687082184067166
0.5,0,69,False,9,False,1.0812466877672262,1.481207512709453,1.1664888903348547
0.5,0,70,False,0,True,0.9894737230767578,0.5424957840818876,2.956039179943097
0.5,0,70,False,1,False,1.1054913556731172,1.8019849970540356,0.9942748823292691
0.5,0,70,False,2,False,1.0200522783791242,0.5813055732110222,2.8439387031673005
0.5,0,70,False,3,False,1.0039696614436773,0.5782606672768598,2.8138388679690225
0.5,0,70,False,4,False,0.9053892134500575,0.7934406689497764,1.8493671843646613
0.5,0,70,False,5,False,1.046324166677669,0.8978777781757602,1.8886492960150096
0.5,0,70,False,6,False,0.9048046564948871,1.0714739556569015,1.3685967236508703
0.5,0,70,False,7,False,0.984624624812784,1.0571601867909208,1.5094967492230058
0.5,0,70,False,8,False,0.9555730000812305,1.1255206506489697,1.3759818032393083
0.5,0,70,False,9,False,1.0842978234050584,1.5504797381538657,1.133404098823586
0.5,0,71,False,0,True,0.9918955619787792,0.5280615883862256,3.002915878239426
0.5,0,71,False,1,False,1.1132249540655184,1.83773891260491,0.9684136863625618
0.5,0,71,False,2,False,1.023938109670983,0.5618259122505642,2.913625560860689
0.5,0,71,False,3,False,1.0037382760196958,0.6215997462282908,2.5814959857910003
0.5,0,71,False,4,False,0.9001938382483797,0.8163919411399898,1.7627840968627384
0.5,0,71,False,5,False,1.0337007127726494,0.9118838074706684,1.8122458285172658
0.5,0,71,False,6,False,0.9058414568805926,1.026462006034361,1.4108183862562573
0.5,0,71,False,7,False,0.9767530624048323,1.0436068835183054,1.496268880242257
0.5,0,71,False,8,False,0.962104761277796,1.0567762779698946,1.455462783635422
0.5,0,71,False,9,False,1.0886088617423297,1.5956529243967899,1.090674676634228
0.5,0,72,False,0,True,0.9758446348601384,0.5531310762358239,2.8559538508287705
0.5,0,72,False,1,False,1.0966823333393427,1.7522894008144654,1.0131496037816214
0.5,0,72,False,2,False,1.0326745496360208,0.6125685209702939,2.729024057707442
0.5,0,72,False,3,False,1.010628253828141,0.5808642748841797,2.816536179852224
0.5,0,72,False,4,False,0.9027442717823839,0.827765405873367,1.765452489207249
0.5,0,72,False,5,False,1.051134247960762,0.931943744761687,1.8258582338469402
0.5,0,72,False,6,False,0.9114725603981503,0.9562834570159471,1.5429630344099508
0.5,0,72,False,7,False,0.9886364875671521,1.1394130034175904,1.4046044143688339
0.5,0,72,False,8,False,0.9463103194162801,1.1720207920534518,1.307063916086614
0.5,0,72,False,9,False,1.0838728976355765,1.4737203239731933,1.1905889555133198
0.5,0,73,False,0,True,0.9786118980169972,0.5511133759926929,3.0053469712181204
0.5,0,73,False,1,False,1.0939066805075865,1.7309868896517546,1.06957581776744
0.5,0,73,False,2,False,1.029942227094571,0.6172166681323038,2.824231534161644
0.5,0,73,False,3,False,1.0168267831502968,0.5689700997420996,3.024702129967894
0.5,0,73,False,4,False,0.9060313506538864,0.8388430527680545,1.8280479901296462
0.5,0,73,False,5,False,1.0444606406923047,0.9061522243367374,1.9508145999209954
0.5,0,73,False,6,False,0.9148300162016376,1.0050914989045898,1.5404935534718665
0.5,0,73,False,7,False,0.9773401422251543,1.124387512435808,1.471142704981511
0.5,0,73,False,8,False,0.9632975304629594,1.1468820050596138,1.4215652140299468
0.5,0,73,False,9,False,1.0747523671853778,1.5103566729763462,1.2043534774753473
0.5,0,74,False,0,True,0.978459222221714,0.5422086901812291,2.9123040210577718
0.5,0,74,False,1,False,1.0969756011522347,1.7740366193878503,0.9979179642051149
0.5,0,74,False,2,False,1.0282498716149473,0.5478980498021759,3.028721651197442
0.5,0,74,False,3,False,1.0120627417371215,0.6202914178155385,2.633128885645173
0.5,0,74,False,4,False,0.9000340444674926,0.8588621210731724,1.6912037808813793
0.5,0,74,False,5,False,1.0493555650859736,0.9530044530438523,1.7770031307272505
0.5,0,74,False,6,False,0.9058805924605167,0.9792282920511568,1.4929575368706165
0.5,0,74,False,7,False,0.9866855992840694,1.1035254034278992,1.4429686887002426
0.5,0,74,False,8,False,0.956949111437053,1.100442255398724,1.403401828415914
0.5,0,74,False,9,False,1.0853478264489744,1.5205026978184009,1.1519727306051906
0.5,0,75,False,0,True,0.9765781898573094,0.632915776437275,2.4404256335383803
0.5,0,75,False,1,False,1.090499937587145,1.756027111739563,0.9821976862634832
0.5,0,75,False,2,False,1.0253500016163632,0.552521568531441,2.935130253522725
0.5,0,75,False,3,False,1.01343280377186,0.6128587440331242,2.615405601261776
0.5,0,75,False,4,False,0.9113166422403124,0.8146589804390378,1.7692855495269821
0.5,0,75,False,5,False,1.0471930850804017,0.9390672938778093,1.7637398569465572
0.5,0,75,False,6,False,0.9136272156858488,1.0822905047406581,1.3351487648981928
0.5,0,75,False,7,False,0.9904254668988881,1.1245649868451066,1.3929698602096225
0.5,0,75,False,8,False,0.957528996021387,1.0439054268861416,1.4507589462236272
0.5,0,75,False,9,False,1.0740474842664154,1.4411896064698428,1.1787096504792207
0.5,0,76,False,0,True,0.9828543114575495,0.5954980073090885,2.632054434701705
0.5,0,76,False,1,False,1.0918548091058187,1.7967272591178385,0.9691003866751968
0.5,0,76,False,2,False,1.028116163867381,0.5557006691345799,2.9504434812276257
0.5,0,76,False,3,False,1.0099877588272501,0.5777387349478789,2.787858046052883
0.5,0,76,False,4,False,0.912837659337263,0.8375789805235215,1.7380161635194205
0.5,0,76,False,5,False,1.0469414578181608,0.9548721510008471,1.7484902013206864
0.5,0,76,False,6,False,0.9092069009795545,1.0166212082798152,1.4262300750565722
0.5,0,76,False,7,False,0.9895242262680086,1.118922493563002,1.4103030956969858
0.5,0,76,False,8,False,0.952870634910111,1.1054133679697349,1.3746598975077708
0.5,0,76,False,9,False,1.0758063040962993,1.4409271281536933,1.1906335041863676
0.5,0,77,False,0,True,0.9838523460478528,0.5564249151223544,2.8842883977924076
0.5,0,77,False,1,False,1.1036022313377096,1.9083509186722687,0.9433430566842563
0.5,0,77,False,2,False,1.0289663838461007,0.565510709220176,2.968080520386661
0.5,0,77,False,3,False,1.0050039160608604,0.5634062533829192,2.909788456597057
0.5,0,77,False,4,False,0.8937526877152366,0.8179922504139365,1.7823110402249136
0.5,0,77,False,5,False,1.031964763561547,0.8971878258720447,1.8762764272119328
0.5,0,77,False,6,False,0.9231883815902656,0.9511543144612208,1.5832688730438642
0.5,0,77,False,7,False,0.9634742449555073,1.1621678189314273,1.352342167682408
0.5,0,77,False,8,False,0.9685567121985145,1.0621624348887702,1.4874742045176994
0.5,0,77,False,9,False,1.0976376669984214,1.5156425590348828,1.1813471448594965
0.5,0,78,False,0,True,0.9830276354414591,0.5761470361408028,2.796835252259357
0.5,0,78,False,1,False,1.0893663875882689,1.7693883656081208,1.0092187106488066
0.5,0,78,False,2,False,1.0301812075233272,0.5742154478573852,2.9408524895858705
0.5,0,78,False,3,False,1.006771881966761,0.5667650502189912,2.911806466318507
0.5,0,78,False,4,False,0.9120913131462776,0.841003049385865,1.7777686317137453
0.5,0,78,False,5,False,1.038921789169817,0.9069322184377342,1.8777705104626692
0.5,0,78,False,6,False,0.9145089169346493,1.083151717315779,1.3839906042319434
0.5,0,78,False,7,False,0.9798533425082121,1.163934094474258,1.3799621622272986
0.5,0,78,False,8,False,0.9686213277795125,1.117299970085202,1.4210806639173361
0.5,0,78,False,9,False,1.0766562590586801,1.4011630504758616,1.2595716677091404
0.5,0,79,False,0,True,0.9796036746293072,0.6033174377638626,2.638324941111211
0.5,0,79,False,1,False,1.0897397472140389,1.7808588522838775,0.9942991031783238
0.5,0,79,False,2,False,1.0319088116771626,0.5463560002431643,3.0689467959762564
0.5,0,79,False,3,False,1.012361047147052,0.596072943209001,2.7596866515006973
0.5,0,79,False,4,False,0.8969702908557445,0.8803436779091329,1.6555776864699085
0.5,0,79,False,5,False,1.03499335876115,0.9428334414794294,1.7837185972657987
0.5,0,79,False,6,False,0.9244745461336642,0.9833203872414107,1.52764931629774
0.5,0,79,False,7,False,0.9733643795439865,1.104450330987105,1.4320329631919388
0.5,0,79,False,8,False,0.9668616279581129,1.0842578119404462,1.4489570764230983
0.5,0,79,False,9,False,1.0897224580624942,1.478189116942571,1.1978699115439315
0.5,0,80,False,0,True,0.9849609067475223,0.6003022659370826,2.53735599631587
0.5,0,80,False,1,False,1.1003632658386155,1.7926686361705753,0.9492234447842678
0.5,0,80,False,2,False,1.0303810579920734,0.5576113373188479,2.8575817525385
0.5,0,80,False,3,False,1.005127446702266,0.614215283841253,2.53065478843006
0.5,0,80,False,4,False,0.9032156899351744,0.8435299577364411,1.6558590084202252
0.5,0,80,False,5,False,1.0349944216762863,0.9173511351043031,1.744756397219565
0.5,0,80,False,6,False,0.9104844369267036,1.030564071886052,1.3662492039620016
0.5,0,80,False,7,False,0.9853035912708231,1.0807706468284783,1.409837044308419
0.5,0,80,False,8,False,0.9592286392938922,1.0365073332195769,1.4311401003236537
0.5,0,80,False,9,False,1.085940824782153,1.5264793319573904,1.1001391622419363
0.5,0,81,False,0,True,0.9913571589955363,0.5913169933801922,2.7449698398138755
0.5,0,81,False,1,False,1.0839119739976466,1.7811893190154884,0.9963495331917573
0.5,0,81,False,2,False,1.0259356603453695,0.5650875636655092,2.972570517107089
0.5,0,81,False,3,False,1.007696266976466,0.5806282846533911,2.8415758388511074
0.5,0,81,False,4,False,0.9059160408728091,0.8298641654002028,1.7873463920417327
0.5,0,81,False,5,False,1.053195588286398,0.9337720082307721,1.8466983885285935
0.5,0,81,False,6,False,0.9094411808376442,1.061803847783799,1.4023554636886688
0.5,0,81,False,7,False,0.9831761384717287,1.1014609504752408,1.4614703694720743
0.5,0,81,False,8,False,0.9633740789185328,1.0765637659220586,1.46515303162241
0.5,0,81,False,9,False,1.0759970238495704,1.478313101473345,1.1917150777979806
0.5,0,82,False,0,True,0.9674243134521577,0.6353640226903225,2.41748067624365
0.5,0,82,False,1,False,1.0958769774107215,1.7621872428962784,0.9873664884827723
0.5,0,82,False,2,False,1.0334342362597753,0.5224768816797468,3.1403958807892813
0.5,0,82,False,3,False,1.0088140506937724,0.6480604061042718,2.4715207817156397
0.5,0,82,False,4,False,0.9121148019162676,0.8555900662483864,1.6925924632490614
0.5,0,82,False,5,False,1.0471772669912747,0.9128870942112635,1.8212592520076476
0.5,0,82,False,6,False,0.9067717952645196,1.0027348438087353,1.4357556350210587
0.5,0,82,False,7,False,0.9953927635358191,1.1305262157867328,1.3979205016054101
0.5,0,82,False,8,False,0.9541246721202845,1.0502023062269077,1.4424500770668758
0.5,0,82,False,9,False,1.0788691223554079,1.4799709203473546,1.157401961997555
0.5,0,83,False,0,True,0.9944417050259894,0.5320172971802267,2.923884927884257
0.5,0,83,False,1,False,1.1057608850456415,1.8403086278528644,0.9398905013207679
0.5,0,83,False,2,False,1.0252218705017928,0.5980301071439422,2.6816464099384265
0.5,0,83,False,3,False,1.007083822621834,0.5594660309643064,2.8157792006341182
0.5,0,83,False,4,False,0.9054343605480748,0.8027717025036288,1.7642966758502365
0.5,0,83,False,5,False,1.0294784565265487,0.8620513101480984,1.8680601071024991
0.5,0,83,False,6,False,0.911171800053206,1.057813288282611,1.3474043697525742
0.5,0,83,False,7,False,0.9698863641452969,1.0815861858369358,1.4027052463273313
0.5,0,83,False,8,False,0.962027069634375,1.0901203294191333,1.3804464149581095
0.5,0,83,False,9,False,1.0894937778625728,1.5758351206682533,1.0814854439113564
0.5,0,84,False,0,True,0.9809512499460201,0.5197536258778134,2.980698229804914
0.5,0,84,False,1,False,1.0960278786032969,1.8779471010364224,0.9217355943347855
0.5,0,84,False,2,False,1.0260378336238776,0.56670106950683,2.8594167392246366
0.5,0,84,False,3,False,1.0074984260612438,0.5604657173772895,2.838987210398263
0.5,0,84,False,4,False,0.9102928776146134,0.841905170186822,1.707599742395344
0.5,0,84,False,5,False,1.0414730021205558,0.9478130083907592,1.7353755081420124
0.5,0,84,False,6,False,0.9126650931067165,1.0764942758356495,1.3389606930657991
0.5,0,84,False,7,False,0.9850282627125385,1.0952217795957373,1.4204133075005902
0.5,0,84,False,8,False,0.9592454412596965,1.0476490867588084,1.4460456975724176
0.5,0,84,False,9,False,1.0807796508469723,1.4660491654338692,1.1642781215304987
0.5,0,85,False,0,True,0.9707330143305101,0.6249586887272719,2.484950842164978
0.5,0,85,False,1,False,1.0928975866911408,1.7717070639501578,0.9868629906298149
0.5,0,85,False,2,False,1.0291648707277263,0.5841469687399955,2.8185915034441815
0.5,0,85,False,3,False,1.0122490063737504,0.6150234259217118,2.6330858130814967
0.5,0,85,False,4,False,0.9006687161074696,0.8341018827319826,1.7274889928700117
0.5,0,85,False,5,False,1.0480991007275007,0.907677416147945,1.8473114860428719
0.5,0,85,False,6,False,0.9134218010386093,1.0163719243200502,1.4377653905079972
0.5,0,85,False,7,False,0.9949695854748789,1.126305616835732,1.4132626045363106
0.5,0,85,False,8,False,0.9560727961008504,1.0264935251524088,1.490061037690472
0.5,0,85,False,9,False,1.0817239782978396,1.4932134874727447,1.1589477716844658
0.5,0,86,False,0,True,0.9830074117268366,0.6188048781830372,2.535135118720359
0.5,0,86,False,1,False,1.1031237284393283,1.750952081701179,1.0054211420981902
0.5,0,86,False,2,False,1.0237456021663316,0.5733006809945588,2.8497557544582217
0.5,0,86,False,3,False,1.0036268270553417,0.594731648595619,2.6930800288437773
0.5,0,86,False,4,False,0.9024742402342417,0.8382267926016244,1.7181905418565142
0.5,0,86,False,5,False,1.0511904048017346,0.929220795473573,1.805346279614579
0.5,0,86,False,6,False,0.9062884340162397,1.0573993306547689,1.3678089913696063
0.5,0,86,False,7,False,0.9822067090384284,1.0838195672117865,1.4462519470561424
0.5,0,86,False,8,False,0.9625041384956026,1.0406010526817586,1.4761020808501375
0.5,0,86,False,9,False,1.0818333081749563,1.5129431719020954,1.1411317284074785
0.5,0,87,False,0,True,0.9770606072811595,0.5786878162038405,2.7546911288234557
0.5,0,87,False,1,False,1.0864497010777312,1.7210717230597985,1.0299268985241374
0.5,0,87,False,2,False,1.0365471169393121,0.5700745116698311,2.966560223989076
0.5,0,87,False,3,False,1.011524302179054,0.5586921520994166,2.953925212318738
0.5,0,87,False,4,False,0.9085201189935037,0.8582837981562783,1.727028004646896
0.5,0,87,False,5,False,1.0502336714789604,0.9098260926227317,1.883316431883028
0.5,0,87,False,6,False,0.9129773118285757,0.9584384234437346,1.5541449238169727
0.5,0,87,False,7,False,0.9835475945244575,1.16455803319661,1.3779389938623363
0.5,0,87,False,8,False,0.9492356336058829,1.1956774202215539,1.2952564102463442
0.5,0,87,False,9,False,1.08390353930871,1.4846900293262042,1.1911064808878091
0.5,0,88,False,0,True,0.9830400798517889,0.5287828107634326,2.982209743517711
0.5,0,88,False,1,False,1.0975052611637688,1.832271278360753,0.9608622377586636
0.5,0,88,False,2,False,1.0251206905531418,0.5985790081073651,2.7472476199518354
0.5,0,88,False,3,False,1.0101354309690098,0.5672817182273657,2.8564399964977194
0.5,0,88,False,4,False,0.9033525503409097,0.8267289891200305,1.7528243489810356
0.5,0,88,False,5,False,1.0383770490208255,0.9160716472444255,1.8183183752010703
0.5,0,88,False,6,False,0.9106699892458779,1.0352568574796024,1.4110980696637951
0.5,0,88,False,7,False,0.9920792657206778,1.13236301360116,1.4054163006301033
0.5,0,88,False,8,False,0.954751587792612,1.0325053878547565,1.4833456132048544
0.5,0,88,False,9,False,1.0849675230091853,1.5301592892411082,1.1374292285040684
0.5,0,89,False,0,True,0.9816326376453445,0.5843247014178365,2.656226172712875
0.5,0,89,False,1,False,1.0983029629363426,1.810770560390933,0.95902303353494
0.5,0,89,False,2,False,1.0279190042376714,0.5941292990267363,2.735572527082256
0.5,0,89,False,3,False,1.0092326663039326,0.6109788022265268,2.6117732186184934
0.5,0,89,False,4,False,0.9022675192215119,0.8223207220143319,1.7348598531687165
0.5,0,89,False,5,False,1.0388377660676364,0.9070952939478714,1.810777642972759
0.5,0,89,False,6,False,0.9093592035842463,0.9752882790116311,1.4742555440773106
0.5,0,89,False,7,False,0.9923374901257201,1.1330263934501597,1.3848083717186173
0.5,0,89,False,8,False,0.9583136572593096,1.0281829792348376,1.4736948818733069
0.5,0,89,False,9,False,1.0817962342340568,1.5338829692791356,1.1151249881285317
0.5,0,90,False,0,True,1.0014015916809278,0.5462444029335984,2.8054148540898596
0.5,0,90,False,1,False,1.1217127339561046,1.8913183314784923,0.907596542986571
0.5,0,90,False,2,False,1.0121761793621362,0.5371784289716067,2.883456224151306
0.5,0,90,False,3,False,0.9939498354749083,0.6150852599852425,2.4728909281831934
0.5,0,90,False,4,False,0.9014399237834362,0.7772316325101714,1.774851965319656
0.5,0,90,False,5,False,1.0215765312126295,0.8930130741866399,1.7506079841792874
0.5,0,90,False,6,False,0.8796709407733408,0.9877151479500696,1.3629011128582043
0.5,0,90,False,7,False,1.0036423975435802,1.1291573156984605,1.360192454837097
0.5,0,90,False,8,False,0.9648722623095957,1.0025748083943475,1.4727493800148144
0.5,0,90,False,9,False,1.0995586777900226,1.6204815978913714,1.038365192773901
0.5,0,91,False,0,True,0.9908455726600052,0.5613931178795317,2.7260986274395096
0.5,0,91,False,1,False,1.1026508830355821,1.8431857427204303,0.9239992153161141
0.5,0,91,False,2,False,1.0287670898400774,0.5663444608110472,2.805686101459665
0.5,0,91,False,3,False,1.0072347621294224,0.6115179973176447,2.5440411868925104
0.5,0,91,False,4,False,0.9033224823473308,0.7993575394717999,1.7454379687511354
0.5,0,91,False,5,False,1.0368766888488732,0.9112164501709928,1.757552207790985
0.5,0,91,False,6,False,0.9075074080515774,1.0280124497393495,1.3634979205000048
0.5,0,91,False,7,False,0.9824656536842494,1.1184116238080375,1.3568079506542416
0.5,0,91,False,8,False,0.9606869020139879,1.0158106148974613,1.4607362200671963
0.5,0,91,False,9,False,1.0796435988613697,1.5447500031837051,1.079505562834646
0.5,0,92,False,0,True,0.9820775144764584,0.5448854238083991,2.8852316023032203
0.5,0,92,False,1,False,1.097082788275373,1.7836143414620922,0.9846424360070825
0.5,0,92,False,2,False,1.0309103404055482,0.6021241061098024,2.74078509786425
0.5,0,92,False,3,False,1.009587855292153,0.5739305303607504,2.815949700328029
0.5,0,92,False,4,False,0.9013219131870494,0.843999068969887,1.7095352705218982
0.5,0,92,False,5,False,1.0446060395877848,0.8947280727615108,1.8689667353499244
0.5,0,92,False,6,False,0.9121667532151488,1.068898403242503,1.3660856010255185
0.5,0,92,False,7,False,0.9855587458361598,1.116606834499485,1.412935502156456
0.5,0,92,False,8,False,0.9611274650652122,1.0296098042473578,1.494336558544193
0.5,0,92,False,9,False,1.0755616100250713,1.5416034145382125,1.1168702738552374
0.5,0,93,False,0,True,0.9826199835067708,0.5490055958605166,2.8338553559569966
0.5,0,93,False,1,False,1.0973586479069903,1.7859215264184076,0.9728705947903329
0.5,0,93,False,2,False,1.0356750080673403,0.560650706979782,2.9248256364473657
0.5,0,93,False,3,False,1.0118811459208799,0.6220896873499836,2.575403967762931
0.5,0,93,False,4,False,0.9115448545251634,0.8416974419967701,1.7147108466597127
0.5,0,93,False,5,False,1.0414787575822289,0.9255513109283318,1.781635158937674
0.5,0,93,False,6,False,0.9079469673001549,1.0091252587451627,1.4245715405787045
0.5,0,93,False,7,False,0.9821069660553828,1.1226011369670883,1.385167114108688
0.5,0,93,False,8,False,0.9529261951671727,1.1097613625188822,1.359560454055915
0.5,0,93,False,9,False,1.076461924972269,1.4735959722350744,1.1566157604680039
0.5,0,94,False,0,True,0.9785579389212019,0.584139215072371,2.7917942589111746
0.5,0,94,False,1,False,1.0897587400108655,1.7857237234749805,1.0170195945906477
0.5,0,94,False,2,False,1.0342077758506796,0.5733331101569689,3.006173233105861
0.5,0,94,False,3,False,1.0113558794929878,0.5702515571090931,2.955634665963655
0.5,0,94,False,4,False,0.9061644099990622,0.8377455738447707,1.8026361951739507
0.5,0,94,False,5,False,1.0483012603438246,0.8889308412376143,1.965311347120568
0.5,0,94,False,6,False,0.9076006731693962,0.9932377175216189,1.5228419574130756
0.5,0,94,False,7,False,0.9895726899733623,1.1541739865423493,1.4288598974057543
0.5,0,94,False,8,False,0.954269721437274,1.1525105950178072,1.3798740439088943
0.5,0,94,False,9,False,1.08021050511003,1.4599536800224264,1.2330552802163208
0.5,0,95,False,0,True,0.9837767145048935,0.5411175881175588,2.914295488542408
0.5,0,95,False,1,False,1.0993023997421711,1.8258806259550786,0.965102611822601
0.5,0,95,False,2,False,1.02728286249899,0.5855998391515316,2.8120160147447164
0.5,0,95,False,3,False,1.0154079511899354,0.5742430633100312,2.8344806557794957
0.5,0,95,False,4,False,0.9003181670967966,0.8552677238515938,1.687417800326667
0.5,0,95,False,5,False,1.033110380988011,0.8948342485483965,1.8506863555166702
0.5,0,95,False,6,False,0.9163214650985995,0.9934347478766649,1.4785540630469034
0.5,0,95,False,7,False,0.9706080187251905,1.0977100752068898,1.4173754949045836
0.5,0,95,False,8,False,0.9626647048851935,1.054587985247769,1.4632580610926231
0.5,0,95,False,9,False,1.0912074484325098,1.5773241027344855,1.108957946707341
0.5,0,96,False,0,True,0.984526704672138,0.5741084937645105,2.667963022436885
0.5,0,96,False,1,False,1.1010332522232558,1.8129344902509175,0.9448537728450372
0.5,0,96,False,2,False,1.0287233922856716,0.5744655545969234,2.785998638584221
0.5,0,96,False,3,False,1.0087085219772183,0.5954623480513249,2.6354674815800823
0.5,0,96,False,4,False,0.9109581153743972,0.8044108998186618,1.7618411127565043
0.5,0,96,False,5,False,1.0368047022872857,0.9512462280425897,1.6957049507763393
0.5,0,96,False,6,False,0.9060335312137556,1.0130244502897552,1.3914596617450743
0.5,0,96,False,7,False,0.9885386569466224,1.0869863240521214,1.414867773317706
0.5,0,96,False,8,False,0.9538010101981935,1.0756785343637025,1.3794995193593804
0.5,0,96,False,9,False,1.0808724572541777,1.5116826767694937,1.1123977240582508
0.5,0,97,False,0,True,0.988300847238283,0.5129130581751248,3.0947906317354863
0.5,0,97,False,1,False,1.1130060400680009,1.846443159516737,0.9681606784048593
0.5,0,97,False,2,False,1.0238503305500692,0.603342199199713,2.725578122231949
0.5,0,97,False,3,False,1.0007518950071703,0.5627374574038029,2.8563173563344337
0.5,0,97,False,4,False,0.9122093540807117,0.7917839420302749,1.850434399411523
0.5,0,97,False,5,False,1.0331512815353516,0.9052951227689959,1.8329879072366175
0.5,0,97,False,6,False,0.905944302372904,1.1168223406004651,1.302876548136007
0.5,0,97,False,7,False,0.9874193226295598,1.0653330448562135,1.488682506401061
0.5,0,97,False,8,False,0.9551175102626142,1.0139833348150726,1.5129056735697455
0.5,0,97,False,9,False,1.0802485206305998,1.5813463406336004,1.0971917768063844
0.5,0,98,True,0,True,0.9913070790709659,0.551259897134565,2.8248385946030483
0.5,0,98,True,1,False,1.1000420105167472,1.774307724925495,0.9739174742877799
0.5,0,98,True,2,False,1.0232247058977653,0.5518972030158839,2.912424360355142
0.5,0,98,True,3,False,1.0115320967088963,0.6212438650380446,2.557757608381471
0.5,0,98,True,4,False,0.9056888064930478,0.8572192171094596,1.6596974707418468
0.5,0,98,True,5,False,1.0407119173648176,0.9281311471309063,1.761420354910054
0.5,0,98,True,6,False,0.9170615354227004,1.0151681796724867,1.419065076340723
0.5,0,98,True,7,False,0.9807237484827945,1.0515793792371988,1.4650298078492388
0.5,0,98,True,8,False,0.9556568375454716,1.1042278679361555,1.3595184267991165
0.5,0,98,True,9,False,1.0740511989023083,1.5449655187998041,1.092063830764028
0.5,0,99,False,0,True,0.9810424538436483,0.6245998799394052,2.4327788738611003
0.5,0,99,False,1,False,1.093681978319092,1.7835556925870097,0.9497758258542027
0.5,0,99,False,2,False,1.0315322376620575,0.5758831201636315,2.7743751560758705
0.5,0,99,False,3,False,1.0069064629202642,0.5703417430669445,2.7344544947239418
0.5,0,99,False,4,False,0.9227203306570148,0.8220442578151665,1.7385677539619475
0.5,0,99,False,5,False,1.0392889126974396,0.9080983016703471,1.7726384340183494
0.5,0,99,False,6,False,0.9110462387232429,1.1556433669569337,1.2210496379375262
0.5,0,99,False,7,False,0.9909445591635216,1.0978488695558954,1.3980526566167921
0.5,0,99,False,8,False,0.9572473792424964,1.0000662557823667,1.4825595376121528
0.5,0,99,False,9,False,1.0655885044315463,1.4619185124622986,1.1289717937848578
0.1,0,0,False,0,True,1.0353090466714052,0.636535068859648,3.5790577720135497
0.1,0,0,False,1,False,1.0257533897533606,1.9141590817369347,1.1791959196090507
0.1,0,0,False,2,False,1.0383108647222918,0.5779551771368884,3.9532499599078443
0.1,0,0,False,3,False,0.9978657663503694,0.750595547422414,2.925412918630017
0.1,0,0,False,4,False,0.9310492192499675,0.8286210501873397,2.4725080458535653
0.1,0,0,False,5,False,0.9929037910041528,0.8817831710756718,2.477800852303665
0.1,0,0,False,6,False,0.9226713351312698,1.1362995530821618,1.7867970539805615
0.1,0,0,False,7,False,0.9946021144442533,0.9281562714114872,2.3580299116369825
0.1,0,0,False,8,False,0.9966780828678576,0.8166118978000687,2.6857169501613183
0.1,0,0,False,9,False,1.064856709504529,1.5292831812873866,1.5322311757099345
0.1,0,1,False,0,True,1.0432765673232431,0.6449178515794083,3.410639542535475
0.1,0,1,False,1,False,1.0353494496688376,1.803806902417346,1.2101457531294675
0.1,0,1,False,2,False,1.0380292273681422,0.5684574933440096,3.8499257589673226
0.1,0,1,False,3,False,0.9959646819326162,0.6128204031674739,3.426505950843675
0.1,0,1,False,4,False,0.9267597695589299,0.8121440611669165,2.405885022587068
0.1,0,1,False,5,False,0.9910096885672751,0.8597748479007014,2.430154766392917
0.1,0,1,False,6,False,0.9218929001859479,1.0257344909867558,1.8948999295743847
0.1,0,1,False,7,False,0.981285142611881,1.0889745966659035,1.8998453187934174
0.1,0,1,False,8,False,0.9888778328852112,0.8278197952807153,2.5185327515535416
0.1,0,1,False,9,False,1.077554660649721,1.7555495574907702,1.2940974590329475
0.1,0,2,False,0,True,1.038052738336714,0.6577057973834972,3.4174803397105484
0.1,0,2,False,1,False,1.031412367200209,1.6369162420931322,1.3643448407335488
0.1,0,2,False,2,False,1.0444297792862451,0.5263002100232819,4.296986400430448
0.1,0,2,False,3,False,0.9901873757355452,0.6362850463933775,3.3696434114587994
0.1,0,2,False,4,False,0.9196286224971382,0.872350559540035,2.2826520298529425
0.1,0,2,False,5,False,1.0013989114935835,1.0909829492015375,1.9875013313078322
0.1,0,2,False,6,False,0.9160830638844818,1.0974496730590309,1.8074592599226051
0.1,0,2,False,7,False,1.0007588215210974,1.04442086756318,2.074780525566157
0.1,0,2,False,8,False,0.9960973630831643,0.831249891203333,2.594707847453472
0.1,0,2,False,9,False,1.0619503946337838,1.6063387635395943,1.4314802724868874
0.1,0,3,False,0,True,1.0410250597602952,0.6570135036156193,3.3464311195071277
0.1,0,3,False,1,False,1.0330538563736444,1.7936360536222757,1.2164202466269851
0.1,0,3,False,2,False,1.0374300297238073,0.5462203189221401,4.011307591596797
0.1,0,3,False,3,False,0.9919574065116706,0.6670600046184709,3.14067591617708
0.1,0,3,False,4,False,0.9259470076459996,0.78631409670967,2.487053186071658
0.1,0,3,False,5,False,1.0012219273381175,0.8988526641640894,2.3525390672587716
0.1,0,3,False,6,False,0.9212695600902052,1.0404479251394965,1.8700851224505526
0.1,0,3,False,7,False,0.9889602984887952,1.0431118639068095,2.0023637496796196
0.1,0,3,False,8,False,0.9836006168104785,0.7614097311932817,2.7283204061873296
0.1,0,3,False,9,False,1.0755341574915098,1.805933838108147,1.2578167502617554
0.1,0,4,False,0,True,1.0195821446845763,0.6675550198909372,3.2918499500636993
0.1,0,4,False,1,False,1.043363889327364,1.705996483698379,1.3181430547211495
0.1,0,4,False,2,False,1.0488095210860762,0.565787453203511,3.995288860834175
0.1,0,4,False,3,False,1.0028485629074482,0.6988208590550388,3.0929604905655896
0.1,0,4,False,4,False,0.923431955911521,0.9008260151556995,2.209372048605457
0.1,0,4,False,5,False,1.0040315305525624,0.8926603017705547,2.4241863743269114
0.1,0,4,False,6,False,0.9261952640115666,1.0935905785744902,1.825377409489578
0.1,0,4,False,7,False,0.9777449874672383,0.9089910711223143,2.3183065195187056
0.1,0,4,False,8,False,0.9912651188114961,0.9474170198524454,2.2550361976161546
0.1,0,4,False,9,False,1.0627263389313257,1.6183551976766304,1.4153129258077328
0.1,0,5,False,0,True,1.0483189784529119,0.74556660735227,2.8447654066002723
0.1,0,5,False,1,False,1.0423385819045492,1.7253731461894963,1.2222646106347754
0.1,0,5,False,2,False,1.0382708517155192,0.5019769979752821,4.184719023608925
0.1,0,5,False,3,False,0.9817307541960483,0.6749859648235342,2.9426398502045648
0.1,0,5,False,4,False,0.9252389246677156,0.8054206078952615,2.3241845832969257
0.1,0,5,False,5,False,0.9870964325724491,1.0650588025562628,1.875104407537001
0.1,0,5,False,6,False,0.9132726929241013,1.0397053938709508,1.7771727019744272
0.1,0,5,False,7,False,0.9759739464642261,0.9644290134128681,2.047422236716294
0.1,0,5,False,8,False,1.004741820256195,0.8602481546044892,2.363035183767575
0.1,0,5,False,9,False,1.083017394530096,1.6172353113195848,1.3548826301106407
0.1,0,6,False,0,True,1.0216915376094635,0.7846566343122848,2.7608210323380584
0.1,0,6,False,1,False,1.0475017115793968,1.7065788380625897,1.3014470247994931
0.1,0,6,False,2,False,1.0412439176389894,0.5420062406884474,4.07329908924687
0.1,0,6,False,3,False,0.9945820041280572,0.7320262453827363,2.880793008777093
0.1,0,6,False,4,False,0.9213448517401743,0.8589859822111524,2.274229279018949
0.1,0,6,False,5,False,0.9928148498591787,0.7984700068990908,2.636378533551587
0.1,0,6,False,6,False,0.9217860465587596,1.154592659139813,1.6927758223897023
0.1,0,6,False,7,False,0.9865520684302426,0.9099763242730109,2.2987303408508173
0.1,0,6,False,8,False,1.0075064077352622,0.8436142251896058,2.5322234848205984
0.1,0,6,False,9,False,1.0649764463875067,1.6690928438412684,1.3528748312975056
0.1,0,7,True,0,True,1.0604101557556298,0.6913844045642615,3.033014788867468
0.1,0,7,True,1,False,1.0382460618561535,1.7447820717206188,1.1767367881339992
0.1,0,7,True,2,False,1.0313143782829899,0.529928813787616,3.848520170659266
0.1,0,7,True,3,False,0.9869471186474078,0.6548060408201068,2.9805844730422133
0.1,0,7,True,4,False,0.9250089992632411,0.7943115059446055,2.302901342349008
0.1,0,7,True,5,False,0.9979807504952355,1.0160027275966992,1.9424395813246678
0.1,0,7,True,6,False,0.8955981838730824,1.1127475194525482,1.5916105086913286
0.1,0,7,True,7,False,0.9777325356110063,0.9778392510332691,1.9773011989002995
0.1,0,7,True,8,False,1.0005574531821717,0.8122551779015352,2.435957861580466
0.1,0,7,True,9,False,1.086204023277981,1.6659424871787392,1.2893523949506671
0.1,0,8,True,0,True,1.0205880480990213,0.7249263438629046,2.8892009668032848
0.1,0,8,True,1,False,1.0596809813401804,1.7546933332222892,1.2393531348079216
0.1,0,8,True,2,False,1.0445471510607414,0.5687105403711887,3.7692758955302526
0.1,0,8,True,3,False,0.9955337528474691,0.7421070173907602,2.7530278607126255
0.1,0,8,True,4,False,0.9224663543741536,0.8897865684884129,2.1275797342884086
0.1,0,8,True,5,False,0.994574304188448,0.8236028363279785,2.478223990088872
0.1,0,8,True,6,False,0.9148020330557749,1.1884303872194284,1.5796996758157582
0.1,0,8,True,7,False,0.967245995012698,0.8529790271607957,2.327125167027673
0.1,0,8,True,8,False,1.007819871899211,0.9000132340726996,2.298027268057616
0.1,0,8,True,9,False,1.0727413320605241,1.5547507118835424,1.415974412457822
0.1,0,9,False,0,True,1.015448382272985,0.651530366538241,3.4336313087438226
0.1,0,9,False,1,False,1.0379467890008447,1.7289709194500502,1.3225675761371496
0.1,0,9,False,2,False,1.0541619700566245,0.5877196173805681,3.951551330270367
0.1,0,9,False,3,False,1.012200291274329,0.7372176359011848,3.0248316764196397
0.1,0,9,False,4,False,0.9261245147052973,0.9288871271232434,2.1965288221212127
0.1,0,9,False,5,False,0.9968747684197471,0.8106016558187299,2.7093404918315693
0.1,0,9,False,6,False,0.9293087188063837,1.1823907086102157,1.7315278206744693
0.1,0,9,False,7,False,0.9807419616787822,0.8386031204916921,2.576491734422787
0.1,0,9,False,8,False,0.9852497712474638,0.929039389319295,2.3363757264733707
0.1,0,9,False,9,False,1.0619428325375424,1.6050394593667792,1.4576252893599069
0.1,0,10,False,0,True,1.0341655650842063,0.763246150367073,2.7795481891492777
0.1,0,10,False,1,False,1.0325027195678693,1.715262577626991,1.2348361900856828
0.1,0,10,False,2,False,1.0369921173651526,0.5087814549396049,4.181122960646492
0.1,0,10,False,3,False,0.9918308062911074,0.6895641671470397,2.9506090173583375
0.1,0,10,False,4,False,0.9342666136337835,0.8236955546344655,2.3267668343815475
0.1,0,10,False,5,False,1.0046654268122455,1.0313331717760168,1.9983484968311291
0.1,0,10,False,6,False,0.9185019287531334,1.0430840671894486,1.806381672896781
0.1,0,10,False,7,False,0.9802465181088021,0.9906821367794628,2.0297835737669807
0.1,0,10,False,8,False,0.9918709391520767,0.8290384930301414,2.4543089313539843
0.1,0,10,False,9,False,1.0749578038421257,1.6053122265097561,1.3736644561854754
0.1,0,11,False,0,True,1.0487501790420972,0.6935332935416846,3.1477359485208445
0.1,0,11,False,1,False,1.0266648772658773,1.8952950493226262,1.1275749967352717
0.1,0,11,False,2,False,1.0467012182207929,0.5197890055414309,4.191690428278948
0.1,0,11,False,3,False,0.9925563630643193,0.6780601733328548,3.0470564635752475
0.1,0,11,False,4,False,0.9320252905378853,0.8837499193349303,2.195289854909221
0.1,0,11,False,5,False,0.9864785724866468,0.8665434681887126,2.3696863327631896
0.1,0,11,False,6,False,0.9337645238337167,1.0812200007516728,1.797698514520376
0.1,0,11,False,7,False,0.9764675942985651,0.9461726882669171,2.148231041498652
0.1,0,11,False,8,False,0.9940903865717815,0.8199325858814174,2.523720688101195
0.1,0,11,False,9,False,1.0625010711920346,1.6157038158377528,1.3688667872776656
0.1,0,12,False,0,True,1.0443402776326325,0.7157984693460528,3.358025759411423
0.1,0,12,False,1,False,1.0340062543155653,1.7600626768913414,1.3521590920159205
0.1,0,12,False,2,False,1.0352823505403648,0.5164780445235332,4.613597536440601
0.1,0,12,False,3,False,0.9915521517878078,0.6838754060103646,3.337116254680211
0.1,0,12,False,4,False,0.9359158764535166,0.7948550636684409,2.710076996650846
0.1,0,12,False,5,False,0.9888294838270574,0.9345171100508555,2.4353809839355174
0.1,0,12,False,6,False,0.9154197493941583,1.0450632025137019,2.016092630884025
0.1,0,12,False,7,False,0.9950756670338895,0.9434264068737952,2.4276207385645923
0.1,0,12,False,8,False,0.9841793709430837,0.8391126500950532,2.6995212468221235
0.1,0,12,False,9,False,1.0753990460819705,1.7668109700268604,1.400916725865897
0.1,0,13,False,0,True,1.053954728538417,0.6638189442923654,3.35746214953058
0.1,0,13,False,1,False,1.0333552693693997,1.8062492473570397,1.2097922282567881
0.1,0,13,False,2,False,1.0372675268980447,0.5263655700159183,4.167178645538845
0.1,0,13,False,3,False,0.9866205340745162,0.6740477994900451,3.0952680563822694
0.1,0,13,False,4,False,0.9299689434661927,0.7802858303734214,2.5203075243845006
0.1,0,13,False,5,False,0.9862293083216517,0.868926318480394,2.4001244659576444
0.1,0,13,False,6,False,0.9197315951377281,1.042162714551126,1.866226643877897
0.1,0,13,False,7,False,0.9867065582578981,1.0422765541308114,2.0019068117169403
0.1,0,13,False,8,False,0.9905784306867789,0.8436546780074435,2.4829213290343746
0.1,0,13,False,9,False,1.0755872620847118,1.7522123433014354,1.298068843349246
0.1,0,14,False,0,True,1.087015129311074,0.8317381426520517,2.8992608728066283
0.1,0,14,False,1,False,1.017576798679626,1.6574846574211841,1.3619338159265788
0.1,0,14,False,2,False,1.0706957513369355,0.5669859701567208,4.189209606738842
0.1,0,14,False,3,False,0.980398920123925,0.613345921119837,3.5459749786892067
0.1,0,14,False,4,False,0.9403480275887173,0.7958632499506891,2.6211295762563633
0.1,0,14,False,5,False,0.9712349110637905,0.862776817120015,2.497262189778662
0.1,0,14,False,6,False,0.9230648166621939,1.1658092494705372,1.7564792561129148
0.1,0,14,False,7,False,0.9809465813977472,0.8927465778688266,2.437560973069755
0.1,0,14,False,8,False,0.9747304987160119,0.8082202976305871,2.6754271257896596
0.1,0,14,False,9,False,1.0539887896326627,1.8050291166095507,1.2953588717729014
0.1,0,15,False,0,True,1.0375676602196864,0.6184017855391265,3.570652848981102
0.1,0,15,False,1,False,1.0269582706459668,1.879170581738265,1.1630236029114978
0.1,0,15,False,2,False,1.033941094705068,0.6097489595083289,3.6086658172127626
0.1,0,15,False,3,False,0.9983709234926332,0.6494169946548555,3.271675421103318
0.1,0,15,False,4,False,0.9297884005236959,0.803180701155876,2.4636147516283717
0.1,0,15,False,5,False,0.9983364196029159,0.9107661961384441,2.3327701434954453
0.1,0,15,False,6,False,0.9217086866801948,1.0627291057629484,1.8457507014389218
0.1,0,15,False,7,False,0.9913480304003119,1.0438195965123707,2.021169047653009
0.1,0,15,False,8,False,0.994198417400391,0.818811435316492,2.583991643825285
0.1,0,15,False,9,False,1.0677816193168357,1.6039546436732925,1.4167469754461883
0.1,0,16,False,0,True,1.0189029911141523,0.7419016239859307,2.912321170635639
0.1,0,16,False,1,False,1.049112997862848,1.7408679774041622,1.2779362303255106
0.1,0,16,False,2,False,1.042698102745082,0.5341219716888099,4.139719276220364
0.1,0,16,False,3,False,0.9957793883813798,0.7856660359623757,2.687682139098529
0.1,0,16,False,4,False,0.9255940473924907,0.8669090861359666,2.2641216102801476
0.1,0,16,False,5,False,0.9873955310113705,0.8293283561137872,2.5247442639750535
0.1,0,16,False,6,False,0.9240959698133616,1.1948751793194845,1.640012990978649
0.1,0,16,False,7,False,0.9798974839127429,0.8505007255977585,2.443198234516087
0.1,0,16,False,8,False,1.0075350144762845,0.8950492226784792,2.387074536247206
0.1,0,16,False,9,False,1.0689892548416127,1.5607798211132458,1.4523940132996256
0.1,0,17,False,0,True,1.024243412272181,0.7685289975104237,2.8872133902314987
0.1,0,17,False,1,False,1.0369822954001906,1.678444972605371,1.3384439733668645
0.1,0,17,False,2,False,1.0470255127677357,0.5702105715313913,3.977937560387703
0.1,0,17,False,3,False,0.9950733840707635,0.6412074526615731,3.36195976040874
0.1,0,17,False,4,False,0.9227105051265343,0.8864980658033985,2.2548810416176623
0.1,0,17,False,5,False,0.9956009288951246,0.7904783615085449,2.7285459349567147
0.1,0,17,False,6,False,0.9185399684576756,1.1663053852831642,1.706167794755733
0.1,0,17,False,7,False,0.9920249443878517,0.971623227054761,2.211875442223031
0.1,0,17,False,8,False,1.0049974072102101,0.8275426071117554,2.6309375566230906
0.1,0,17,False,9,False,1.0628017990760554,1.699160358929616,1.3550454923916684
0.1,0,18,False,0,True,1.0479553895796971,0.6658436982675952,3.34891565393022
0.1,0,18,False,1,False,1.0365266208914024,1.7950716454468338,1.2286618716385058
0.1,0,18,False,2,False,1.0334538320981468,0.5353710366585018,4.107427584508215
0.1,0,18,False,3,False,0.9921865066583859,0.6475336831108288,3.2603532710654544
0.1,0,18,False,4,False,0.9272411973629499,0.7868050964159288,2.50760578183044
0.1,0,18,False,5,False,0.9937139975901288,0.8751908721384967,2.4159744418045492
0.1,0,18,False,6,False,0.9220190028056848,1.077841266338227,1.8201985861529328
0.1,0,18,False,7,False,0.9744850907575474,1.064110022119855,1.9485985417031393
0.1,0,18,False,8,False,0.9945627945758218,0.8774195590835944,2.4118961552407954
0.1,0,18,False,9,False,1.0778561924847883,1.6748131204201384,1.3693932236201385
0.1,0,19,False,0,True,1.0361681399544045,0.6407792742753005,3.4800868963660916
0.1,0,19,False,1,False,1.0293131216858598,1.6949170974922978,1.3069752350625736
0.1,0,19,False,2,False,1.0458553585247246,0.5561306444155636,4.047278679893314
0.1,0,19,False,3,False,1.0021351095200077,0.625931575339935,3.4456227602845186
0.1,0,19,False,4,False,0.9281317417091349,0.9231693557182322,2.163697562371443
0.1,0,19,False,5,False,0.9925884090206066,0.8384385614581309,2.5478054673077453
0.1,0,19,False,6,False,0.9279520092928434,1.2006489992736256,1.6633274824509245
0.1,0,19,False,7,False,0.991940415874509,1.0093541511050321,2.114999758680205
0.1,0,19,False,8,False,0.9906696160317808,0.8274245007792238,2.5767291864604323
0.1,0,19,False,9,False,1.0552449625307727,1.683205840142658,1.3492249645154164
0.1,0,20,False,0,True,1.0710387380650292,0.7100515713733532,3.509344115805471
0.1,0,20,False,1,False,1.0291718431719945,1.7454051475119636,1.3718363721561604
0.1,0,20,False,2,False,1.0483911921586797,0.5439854237987642,4.483805554395718
0.1,0,20,False,3,False,0.9939724871992776,0.6816030591181442,3.3927628366332714
0.1,0,20,False,4,False,0.9336315800634825,0.8368510428808682,2.5956016491535316
0.1,0,20,False,5,False,0.9844289919508593,0.8754643293521079,2.616113667477438
0.1,0,20,False,6,False,0.9248555079817211,1.0756591221144336,2.000367972669635
0.1,0,20,False,7,False,0.9738500756019851,0.9047396089096965,2.504258567628548
0.1,0,20,False,8,False,0.9915260957886554,0.890648772163518,2.5900511750785946
0.1,0,20,False,9,False,1.0491332479485034,1.7355919227771506,1.406350914500451
0.1,0,21,False,0,True,1.0740864550793088,0.6869306785772092,3.229032807705646
0.1,0,21,False,1,False,1.0404207905810035,1.7243821719840784,1.2460102879214356
0.1,0,21,False,2,False,1.0332896395936435,0.5040427687196162,4.2335122098738145
0.1,0,21,False,3,False,0.9758407656584763,0.6384814948740697,3.1562890773130685
0.1,0,21,False,4,False,0.9215332359657541,0.7684171591022616,2.4766240105282886
0.1,0,21,False,5,False,0.9748938112753874,1.0818217452217942,1.8610058440985233
0.1,0,21,False,6,False,0.905309952177148,1.0092963833746242,1.8523570724147314
0.1,0,21,False,7,False,0.9856231116934889,1.0637008012734015,1.9135399007912866
0.1,0,21,False,8,False,1.0022446753934016,0.8187745304043987,2.5278748162118174
0.1,0,21,False,9,False,1.086758332651822,1.7041522664685465,1.3169543239673938
0.1,0,22,False,0,True,1.0488662120461283,0.6911123252985962,3.3232349795259313
0.1,0,22,False,1,False,1.0335204079973954,1.6900832707540696,1.3390615724782164
0.1,0,22,False,2,False,1.0395741713733346,0.5727524926779316,3.974459594280013
0.1,0,22,False,3,False,0.9964091386685529,0.7064994552470472,3.0882714326310827
0.1,0,22,False,4,False,0.9306849202246692,0.7819753482688676,2.606148799411118
0.1,0,22,False,5,False,0.9973832923623719,0.9777977566621099,2.2335858296947926
0.1,0,22,False,6,False,0.9216578400678819,1.0318626132180133,1.9558585274370717
0.1,0,22,False,7,False,0.9830267361648115,0.9063425190050799,2.374994284419088
0.1,0,22,False,8,False,0.9848160517616584,0.8359024879290293,2.579818151936945
0.1,0,22,False,9,False,1.064061771174742,1.805671730939255,1.290380034908234
0.1,0,23,False,0,True,1.0098876106661796,0.6543954657164514,3.40419436779479
0.1,0,23,False,1,False,1.037827712325532,1.7058412579559616,1.3420485741636292
0.1,0,23,False,2,False,1.0517109601079702,0.5817218374467058,3.988068585907993
0.1,0,23,False,3,False,1.0111120999903296,0.7289984815952383,3.0595268572910155
0.1,0,23,False,4,False,0.933177912342407,0.9084475918851088,2.2659282753415297
0.1,0,23,False,5,False,1.0072122428897978,0.8245733679681441,2.694469538767319
0.1,0,23,False,6,False,0.9310351523445491,1.210101335938168,1.6971722581691842
0.1,0,23,False,7,False,0.9831358592904497,0.8841375799713826,2.452874184825525
0.1,0,23,False,8,False,0.9778614087059642,0.9538723383829372,2.2613544411052713
0.1,0,23,False,9,False,1.0570384248926328,1.5479107431399017,1.5063519236956566
0.1,0,24,False,0,True,1.0225609283673835,0.7803593716815608,2.7679650035605645
0.1,0,24,False,1,False,1.0463335164965089,1.7534860327054764,1.2604739565520287
0.1,0,24,False,2,False,1.0360378300006987,0.5247941588508279,4.1701595540382765
0.1,0,24,False,3,False,0.9859336155521274,0.8350520473399731,2.494021423976043
0.1,0,24,False,4,False,0.9301448798669303,0.8373649644326561,2.346398998334393
0.1,0,24,False,5,False,0.9844428391371881,0.8995746607943103,2.311635425079331
0.1,0,24,False,6,False,0.9201396389214372,1.0898869751890776,1.7833571544250717
0.1,0,24,False,7,False,0.987344709522896,0.8544040372248114,2.4410212626134746
0.1,0,24,False,8,False,1.0097243755363643,0.84008727154473,2.5388935175750085
0.1,0,24,False,9,False,1.0773382748613978,1.5849904802365764,1.4357918441810478
0.1,0,25,False,0,True,1.0798636990969412,0.7243443968195108,3.183514496240549
0.1,0,25,False,1,False,1.0211004796261638,1.7363297619524756,1.2557964916244284
0.1,0,25,False,2,False,1.053221692107098,0.545924122022584,4.119746615012243
0.1,0,25,False,3,False,0.9818940121589973,0.6120492815457661,3.425793758496131
0.1,0,25,False,4,False,0.9310435931111776,0.7910650644026223,2.5132795948948483
0.1,0,25,False,5,False,0.9781699835010261,0.920531408023891,2.269126540199814
0.1,0,25,False,6,False,0.9224471811000908,1.101554688753009,1.788209671049244
0.1,0,25,False,7,False,0.9797390108361415,0.9033735672203814,2.3159331365233666
0.1,0,25,False,8,False,0.9831405238034683,0.8206990664164495,2.558083125117396
0.1,0,25,False,9,False,1.0693793795026625,1.8441286428433101,1.238293481697343
0.1,0,26,False,0,True,1.0422192778883348,0.6740658720765281,3.3122525249736063
0.1,0,26,False,1,False,1.03741966321706,1.7661761535133187,1.2583085158794256
0.1,0,26,False,2,False,1.036333859291937,0.5423779350506502,4.093213064523493
0.1,0,26,False,3,False,0.9923712781896409,0.6624581555555694,3.2090938059750496
0.1,0,26,False,4,False,0.9276972015593198,0.7815545955290848,2.5428081963630587
0.1,0,26,False,5,False,0.9907357592344623,1.0712415560802193,1.981240075323824
0.1,0,26,False,6,False,0.9225717844694519,1.046183112952924,1.8891182337242975
0.1,0,26,False,7,False,0.978931239460797,0.9752075047777373,2.1504127693868345
0.1,0,26,False,8,False,0.9904658392795848,0.7853190032801061,2.7018427683508635
0.1,0,26,False,9,False,1.0812542505120517,1.6954161111838615,1.3662123254797656
0.1,0,27,False,0,True,1.0339694798907504,0.6357144718942307,3.480414997916047
0.1,0,27,False,1,False,1.033760108203543,1.9204896813209704,1.1518427710072199
0.1,0,27,False,2,False,1.0335951462763413,0.5418168239201911,4.082097607732642
0.1,0,27,False,3,False,1.0018574760841084,0.6308310977628929,3.3984294523691987
0.1,0,27,False,4,False,0.9255325663068812,0.8162188502984472,2.426445237585113
0.1,0,27,False,5,False,0.997545663119839,0.8728705284914156,2.4455039267508196
0.1,0,27,False,6,False,0.9290179750297554,1.087301286124662,1.828351216961786
0.1,0,27,False,7,False,0.9801363196252549,1.108125289045431,1.8927054221267507
0.1,0,27,False,8,False,0.9965397860422277,0.8706774865550462,2.449191464730027
0.1,0,27,False,9,False,1.068045798342376,1.5159544845867126,1.5076103964127265
0.1,0,28,False,0,True,1.0309952941559124,0.6297072807200905,3.6044918352279187
0.1,0,28,False,1,False,1.0495071885567617,1.7794404045395198,1.2984584225794193
0.1,0,28,False,2,False,1.0270901368691994,0.5891270845617691,3.8381827303054954
0.1,0,28,False,3,False,0.9937721506813191,0.6982759736765064,3.133183282842885
0.1,0,28,False,4,False,0.9366579706425733,0.8128482065836983,2.536866766132803
0.1,0,28,False,5,False,0.9927342925130649,0.8451459565561961,2.5859932322381725
0.1,0,28,False,6,False,0.9214008797594858,1.0496003001834815,1.9326390663808515
0.1,0,28,False,7,False,0.9890152618374229,0.9363350488047623,2.3254006579943387
0.1,0,28,False,8,False,0.9882632854288153,0.881256042910553,2.4688609534887833
0.1,0,28,False,9,False,1.0705638508039588,1.7782637014634233,1.3253863357522027
0.1,0,29,False,0,True,1.01881351250325,0.6663700185270085,3.32629875580266
0.1,0,29,False,1,False,1.0446331722546234,1.7139094621777635,1.3260440226017183
0.1,0,29,False,2,False,1.0497213143966526,0.6067727212209796,3.7638297753249224
0.1,0,29,False,3,False,1.0074835996240639,0.7184307990970088,3.0509497088123774
0.1,0,29,False,4,False,0.9251656428798285,0.9084450638581225,2.2156585486536353
0.1,0,29,False,5,False,0.9967685130265977,0.7983627753300571,2.7162893903074927
0.1,0,29,False,6,False,0.930612362137285,1.1832445900039419,1.7111035637861105
0.1,0,29,False,7,False,0.981631235516712,0.8573485298385911,2.4909956415940226
0.1,0,29,False,8,False,0.9840447233238803,0.9787798300271029,2.187317520535595
0.1,0,29,False,9,False,1.0611260804438176,1.5683362099194247,1.4720068300848563
0.1,0,30,True,0,True,1.064875801535651,0.7026929526522884,3.0542345515792904
0.1,0,30,True,1,False,1.0404168228840223,1.7269489494107582,1.214218630012331
0.1,0,30,True,2,False,1.0312788421452235,0.5344944152239165,3.8886778089943883
0.1,0,30,True,3,False,0.9861025458573843,0.6369987292428196,3.119985242441898
0.1,0,30,True,4,False,0.922807610792035,0.7817473379480887,2.3791059458061414
0.1,0,30,True,5,False,1.0045009906964695,1.0777422850024672,1.8784709036033456
0.1,0,30,True,6,False,0.8989398934940431,1.0757412005050204,1.6841930761308523
0.1,0,30,True,7,False,0.9770048612210626,1.0144277650837792,1.9410853101061742
0.1,0,30,True,8,False,0.9995862933479026,0.8106474174982614,2.4851769365929854
0.1,0,30,True,9,False,1.0744861701257793,1.6385589474325997,1.3216236022447312
0.1,0,31,False,0,True,1.066597533519314,0.6584751980410264,3.390133388011094
0.1,0,31,False,1,False,1.033639605501473,1.7687205776594515,1.223110081630277
0.1,0,31,False,2,False,1.03851505554271,0.5193238368654749,4.185334493285479
0.1,0,31,False,3,False,0.9809044608892007,0.64043070953197,3.2056063788104585
0.1,0,31,False,4,False,0.9240741731119613,0.7857076411399025,2.4615093421587435
0.1,0,31,False,5,False,0.984236991751155,1.03332579846625,1.993508281188351
0.1,0,31,False,6,False,0.9073477231210307,1.008138893670548,1.8836881970154205
0.1,0,31,False,7,False,0.9886980079084428,1.0399531490307004,1.9897820905370718
0.1,0,31,False,8,False,0.9933864350386195,0.7716758160235725,2.6942566795076974
0.1,0,31,False,9,False,1.0826009657904387,1.7742483795711033,1.2770550703844887
0.1,0,32,False,0,True,1.020949032933913,0.738207109504761,2.8724383301202225
0.1,0,32,False,1,False,1.0450647008681428,1.7336026641769597,1.2520408186418504
0.1,0,32,False,2,False,1.034048068610223,0.5252845943967935,4.088565301307528
0.1,0,32,False,3,False,0.988826096587519,0.7724366207080177,2.6587771584835806
0.1,0,32,False,4,False,0.9286828343837774,0.8136980132242764,2.3704403837067436
0.1,0,32,False,5,False,0.9905303219695076,0.9059138953398522,2.2709403570195104
0.1,0,32,False,6,False,0.9162139439211668,1.0970202156104791,1.7346311500392058
0.1,0,32,False,7,False,0.9847525767166571,0.8951293906126638,2.284894665060538
0.1,0,32,False,8,False,1.0069861422597894,0.833763691843817,2.5084496596546915
0.1,0,32,False,9,False,1.083946054478849,1.6849438045823797,1.3361250999299545
0.1,0,33,True,0,True,1.072435972277388,0.8870616227073751,3.4534763443335255
0.1,0,33,True,1,False,1.1496611530827707,1.7034011673385747,1.9279324779384468
0.1,0,33,True,2,False,1.0259846195396345,0.6448803892890159,4.544651475352392
0.1,0,33,True,3,False,0.9576075156682353,0.6411740958776682,4.266291059686964
0.1,0,33,True,4,False,0.9225060141343157,0.9486480604164093,2.7778128733634393
0.1,0,33,True,5,False,0.9248062579460791,0.7123555850690982,3.708453428403635
0.1,0,33,True,6,False,0.8902424643156149,1.3097410770406532,1.9416089309557887
0.1,0,33,True,7,False,0.9389700062835261,0.8856171207572067,3.028618837032424
0.1,0,33,True,8,False,1.0379111940048942,0.740413041806593,4.0042855431765645
0.1,0,33,True,9,False,1.0798745093989854,1.526707839697405,2.020487915097632
0.1,0,34,False,0,True,1.0304807960727893,0.7442739816645072,2.910397987913224
0.1,0,34,False,1,False,1.038206617095328,1.7386487962820936,1.2552124675603795
0.1,0,34,False,2,False,1.033317616955676,0.5206277870678697,4.17207210833689
0.1,0,34,False,3,False,0.9936234623739176,0.6848457399851157,3.0498213141988364
0.1,0,34,False,4,False,0.9361156472285389,0.8058639210046554,2.4418169714602502
0.1,0,34,False,5,False,0.9970940888613999,0.9210890647198885,2.2755156733811113
0.1,0,34,False,6,False,0.9239025649334357,1.1562446966274678,1.6796613732436734
0.1,0,34,False,7,False,0.9792982343061741,0.9164854135287875,2.2461291811484325
0.1,0,34,False,8,False,0.9966076610866168,0.8506740814863274,2.4626706609330222
0.1,0,34,False,9,False,1.0713527960362943,1.6612465176332871,1.3556380176826301
0.1,0,35,False,0,True,1.020414814058274,0.7519571759701705,2.7734346736464404
0.1,0,35,False,1,False,1.0408827342513116,1.8011019669427826,1.1811302659576886
0.1,0,35,False,2,False,1.0374800889765714,0.5188835282753699,4.086431094722951
0.1,0,35,False,3,False,0.9941980603494187,0.6736113139645162,3.016461819319483
0.1,0,35,False,4,False,0.9318529689804271,0.8254128385012627,2.3073340105708153
0.1,0,35,False,5,False,0.9962184352772193,0.8026124417025046,2.5367810254782586
0.1,0,35,False,6,False,0.9252908486269684,1.282005455457993,1.4751041596917769
0.1,0,35,False,7,False,0.9823198119423384,0.9340442335633623,2.1494124181992627
0.1,0,35,False,8,False,1.0064463142302835,0.8336927055095753,2.467282658173604
0.1,0,35,False,9,False,1.064896225475806,1.5766783401124624,1.3803794342905247
0.1,0,36,False,0,True,1.0531350883199313,0.6660039540236772,3.3419577292938643
0.1,0,36,False,1,False,1.022954417208738,1.7276519295153387,1.2513929663717571
0.1,0,36,False,2,False,1.0435234200155377,0.5738979898939955,3.8429184992095378
0.1,0,36,False,3,False,0.9937577033134718,0.6313116956082965,3.3268280171336837
0.1,0,36,False,4,False,0.937533596975538,0.7706128109368664,2.5712499271441542
0.1,0,36,False,5,False,0.9935283230954022,0.9292169130763143,2.259731416234497
0.1,0,36,False,6,False,0.9265404412398902,1.135873655434554,1.723963355171893
0.1,0,36,False,7,False,0.98381455262077,0.9357940336828716,2.221910941501726
0.1,0,36,False,8,False,0.9801065499086131,0.831632232114781,2.4907816381372974
0.1,0,36,False,9,False,1.0651059850054339,1.798004785713305,1.25197500606015
0.1,0,37,False,0,True,1.0398368669518552,0.6408362691052909,3.4119056367227887
0.1,0,37,False,1,False,1.0261514907398905,1.8012207192633072,1.197907902782587
0.1,0,37,False,2,False,1.035339813974241,0.5127942005024145,4.245400765429858
0.1,0,37,False,3,False,0.9991679106985479,0.6571188899874641,3.1972265408169678
0.1,0,37,False,4,False,0.9290543685319415,0.7943431707677404,2.459301910978056
0.1,0,37,False,5,False,1.0066472480941937,1.074158009770999,1.9705525591588668
0.1,0,37,False,6,False,0.9164181758343217,1.1459410418095655,1.6815520076219184
0.1,0,37,False,7,False,0.9881902956993573,0.9946120676874999,2.0891313393432656
0.1,0,37,False,8,False,0.9941727716525445,0.82145704165235,2.544813097614821
0.1,0,37,False,9,False,1.0650209000511497,1.5575185894533685,1.4378175333749177
0.1,0,38,False,0,True,1.0271611583576874,0.6271405424159083,3.4612999833886806
0.1,0,38,False,1,False,1.0367467138293476,1.7873055428576787,1.2258558231981094
0.1,0,38,False,2,False,1.0376630539596101,0.5478098268885303,4.003059676954345
0.1,0,38,False,3,False,1.001880006614881,0.6658374764664614,3.179896637765436
0.1,0,38,False,4,False,0.9298470563548022,0.8208004034633805,2.3940845749070907
0.1,0,38,False,5,False,0.9993892352539804,0.8226569772030439,2.567328316763819
0.1,0,38,False,6,False,0.9239893970437164,1.0793146322374239,1.809191139012032
0.1,0,38,False,7,False,0.9840403643619736,1.0881900956604147,1.9110571444678743
0.1,0,38,False,8,False,0.9921924640076513,0.993712208627983,2.1100892636951945
0.1,0,38,False,9,False,1.0670903186028704,1.567232294179175,1.4389090258335304
0.1,0,39,False,0,True,1.0349968930470135,0.6460905205693255,3.531413286569882
0.1,0,39,False,1,False,1.0311258729438515,1.831898176466054,1.2408326817408113
0.1,0,39,False,2,False,1.0419569204215045,0.6392073203563108,3.593444099138625
0.1,0,39,False,3,False,0.9990573649336361,0.6702033727627583,3.2861447256746725
0.1,0,39,False,4,False,0.930969058111055,0.8362903820553014,2.4540364808487958
0.1,0,39,False,5,False,0.9979351110423461,0.8471539737548277,2.5968258181987993
0.1,0,39,False,6,False,0.9220390438943301,1.173520503774128,1.7320542855049472
0.1,0,39,False,7,False,0.9881105595094062,0.9449007271759057,2.3052722738619997
0.1,0,39,False,8,False,0.9949493320515889,0.8717912721302856,2.515888081238329
0.1,0,39,False,9,False,1.0588600865549327,1.5389437509551027,1.516766406256423
0.1,0,40,False,0,True,1.029930536295712,0.6392151742393054,3.4122244436494307
0.1,0,40,False,1,False,1.0364900899358356,1.7354004477880245,1.2648591886014926
0.1,0,40,False,2,False,1.0408354586381587,0.5264029068041914,4.187362230730903
0.1,0,40,False,3,False,0.9984206659050644,0.6479785359920868,3.263094660184562
0.1,0,40,False,4,False,0.9298326873833519,0.8912349365469121,2.2094762513373367
0.1,0,40,False,5,False,0.9994102665963381,0.9250694765542219,2.2879481931513026
0.1,0,40,False,6,False,0.9254664378827199,1.032428682865406,1.8983546184454825
0.1,0,40,False,7,False,0.9829766308817014,1.0188766732777659,2.0431408397598827
0.1,0,40,False,8,False,0.9894656372532533,0.9720543301185675,2.1556929841706345
0.1,0,40,False,9,False,1.067171290930746,1.6113388358135188,1.4025682064993668
0.1,0,41,False,0,True,1.0432184881963498,0.6438021731932863,3.4632795276883974
0.1,0,41,False,1,False,1.0211850764082568,1.7602483552973551,1.2399244418883195
0.1,0,41,False,2,False,1.0438694554306303,0.5564542962483798,4.00941858320516
0.1,0,41,False,3,False,0.9972942075609698,0.6233490412950631,3.4194535575971456
0.1,0,41,False,4,False,0.9330439232615584,0.8161535641917155,2.443401949570707
0.1,0,41,False,5,False,0.997532503128222,0.8864727145538387,2.4050626376684763
0.1,0,41,False,6,False,0.9224752462183418,1.220271809058395,1.6157079121405444
0.1,0,41,False,7,False,0.987681952215892,0.9492378583091825,2.2238565832621293
0.1,0,41,False,8,False,0.9905242747411992,0.8194856827253477,2.5833810034462608
0.1,0,41,False,9,False,1.0631751888804462,1.7245245051274363,1.3176503201998155
0.1,0,42,False,0,True,1.0357989762098718,0.6995023690452262,3.1287160912671625
0.1,0,42,False,1,False,1.028056952102711,1.7118534117497008,1.2689089763334902
0.1,0,42,False,2,False,1.0432830704094114,0.5060863390613537,4.3556945210421185
0.1,0,42,False,3,False,0.9941071122477059,0.641505385236238,3.2742568328704986
0.1,0,42,False,4,False,0.9383296960303408,0.7913876112819622,2.5052212202289805
0.1,0,42,False,5,False,1.0045038246583644,1.0246834236934326,2.0712940233972903
0.1,0,42,False,6,False,0.924774889830767,1.1378744748239404,1.7172026171838972
0.1,0,42,False,7,False,0.9805934274448328,0.9265025579123755,2.236259628003733
0.1,0,42,False,8,False,0.9836091439247411,0.8890284006318886,2.337689307726892
0.1,0,42,False,9,False,1.0669425386699571,1.6715760265638815,1.3486360508608035
0.1,0,43,False,0,True,1.0164637096510296,0.734817071135442,2.9575975789353537
0.1,0,43,False,1,False,1.0543471303239602,1.7567357670515418,1.2832273819250457
0.1,0,43,False,2,False,1.0384516907391295,0.5442758548287824,4.079375381137589
0.1,0,43,False,3,False,0.9941156911656512,0.8047939326304866,2.6410624869463253
0.1,0,43,False,4,False,0.9278310584173647,0.8578983987687678,2.312381521843344
0.1,0,43,False,5,False,0.9843831883366719,0.8286109340732813,2.5400365716554636
0.1,0,43,False,6,False,0.9238223600543177,1.123365951449003,1.7583027467050447
0.1,0,43,False,7,False,0.9828486197183008,0.8940786778792876,2.350375955635422
0.1,0,43,False,8,False,1.0066287266584268,0.876280175772911,2.4561380583953447
0.1,0,43,False,9,False,1.0711086230672633,1.579143236410497,1.4502351681535508
0.1,0,44,False,0,True,1.0214351849933447,0.7360068616122948,2.9470122051658088
0.1,0,44,False,1,False,1.0404965354370104,1.7205684131936578,1.2841675064796054
0.1,0,44,False,2,False,1.0528057903299795,0.55836189174518,4.003920804706133
0.1,0,44,False,3,False,0.9999790510156114,0.7634584111139321,2.78136830697664
0.1,0,44,False,4,False,0.9300237160919969,0.9027789376621135,2.1875882859821445
0.1,0,44,False,5,False,0.9933595556298362,0.8114088578785653,2.599678924102542
0.1,0,44,False,6,False,0.9251333943846592,1.1563041608839246,1.6989682126812329
0.1,0,44,False,7,False,0.9772720401348777,0.8522341702484755,2.435059146212343
0.1,0,44,False,8,False,0.9985544433409778,0.9183567568772514,2.3089435048909364
0.1,0,44,False,9,False,1.0609398282244669,1.5805215387846048,1.4254215445205656
0.1,0,45,False,0,True,1.0438774656875256,0.6921376162734852,3.2688356672523824
0.1,0,45,False,1,False,1.036753377752964,1.7806317093673891,1.2619361292800577
0.1,0,45,False,2,False,1.039772740898647,0.5620301481886014,4.009727264577509
0.1,0,45,False,3,False,0.9921864792098319,0.6584653602833053,3.265851173506138
0.1,0,45,False,4,False,0.9306274434658482,0.8067052684057143,2.500327978158068
0.1,0,45,False,5,False,0.9928920029579392,0.9932618642753265,2.1665777056636593
0.1,0,45,False,6,False,0.9251366584801672,0.9911344797939867,2.0230626113976453
0.1,0,45,False,7,False,0.9829202138510558,0.9861815370466054,2.160217188317151
0.1,0,45,False,8,False,0.9838404117659391,0.8255679489273469,2.5829015441441467
0.1,0,45,False,9,False,1.0719933606502021,1.703884067438239,1.3636033893488293
0.1,0,46,False,0,True,1.057855591064133,0.6615728957212611,3.3671810400120763
0.1,0,46,False,1,False,1.0285819324182996,1.744987492909165,1.2412645679078411
0.1,0,46,False,2,False,1.041359897584177,0.5475125759870767,4.005203026874199
0.1,0,46,False,3,False,0.993542180972294,0.6076995742928611,3.4428267081897865
0.1,0,46,False,4,False,0.9284449158762615,0.783246524068723,2.4961774286014333
0.1,0,46,False,5,False,0.9880911349704988,0.8626279731888695,2.4120774648781738
0.1,0,46,False,6,False,0.9212038821833831,1.164661849239179,1.6656114421572081
0.1,0,46,False,7,False,0.981647803613145,1.0368783251917781,1.9936351802835917
0.1,0,46,False,8,False,0.9871897777559351,0.7734435369805107,2.687755879236278
0.1,0,46,False,9,False,1.0720840041551598,1.8173692524205758,1.2422340403134773
0.1,0,47,False,0,True,1.0409654587084685,0.686553364986176,3.3847335005315866
0.1,0,47,False,1,False,1.02917749541861,1.7444467103566312,1.317028081351077
0.1,0,47,False,2,False,1.036674636996975,0.5227141322721447,4.427317747503785
0.1,0,47,False,3,False,0.9905431930986581,0.6564147409542772,3.368662899538635
0.1,0,47,False,4,False,0.9363184851156886,0.8112073899100674,2.576642465433885
0.1,0,47,False,5,False,0.993545938320802,0.9312313512130546,2.381731631630147
0.1,0,47,False,6,False,0.9143367270638081,1.0847731903365994,1.8816103034420164
0.1,0,47,False,7,False,1.0022934232248468,0.9865130799372346,2.2680597620203646
0.1,0,47,False,8,False,0.9794851475043931,0.8066911961322785,2.710522387075727
0.1,0,47,False,9,False,1.0766592639988883,1.7694548439015363,1.3583173828221575
0.1,0,48,False,0,True,1.035310263256574,0.6480932673673698,3.402420337130749
0.1,0,48,False,1,False,1.043305440211981,1.7638336213793087,1.2598209075836213
0.1,0,48,False,2,False,1.0352364161316134,0.6116667567237358,3.6047870896383287
0.1,0,48,False,3,False,0.9949034759090991,0.6748261648049096,3.1401037053021352
0.1,0,48,False,4,False,0.9305087829434591,0.809883501123039,2.4471065600835495
0.1,0,48,False,5,False,0.9904526545321949,0.8515819296133826,2.4772066616954045
0.1,0,48,False,6,False,0.9240100827371238,0.9834429368042197,2.001163167651762
0.1,0,48,False,7,False,0.9901509844304368,0.9453366208222139,2.230847575049366
0.1,0,48,False,8,False,0.9855982019297541,0.8299698646218112,2.52925452026314
0.1,0,48,False,9,False,1.0705238511275668,1.88136533674001,1.2119317573765978
0.1,0,49,False,0,True,1.041249552760551,0.657611185490207,3.625649921315953
0.1,0,49,False,1,False,1.023120896727685,1.7865220459603819,1.3113505626264117
0.1,0,49,False,2,False,1.0406667999647987,0.589660837765932,4.041193504335511
0.1,0,49,False,3,False,1.0044472153431323,0.699895400985,3.286201662862226
0.1,0,49,False,4,False,0.9254584957663533,0.840862225030731,2.5201844974732426
0.1,0,49,False,5,False,1.002731153242934,0.885011834443322,2.5943923888192093
0.1,0,49,False,6,False,0.9211446886280568,1.2163096127441377,1.7341391578070164
0.1,0,49,False,7,False,0.9919789142388327,0.993660444214696,2.2859391773878395
0.1,0,49,False,8,False,0.9975703360912618,0.8588742025402014,2.6595869901342035
0.1,0,49,False,9,False,1.05163252511847,1.4715922108253916,1.6363521103692784
0.1,0,50,False,0,True,1.0076434365839133,0.6614155539555233,3.2291757038091053
0.1,0,50,False,1,False,1.0322771753574636,1.6910700604209874,1.293879772756224
0.1,0,50,False,2,False,1.0553466083200405,0.5416981469306694,4.129495224842286
0.1,0,50,False,3,False,1.0066440374338121,0.751163541063314,2.8405381359426793
0.1,0,50,False,4,False,0.9379468410580419,0.9552704004430377,2.081186994994768
0.1,0,50,False,5,False,0.9947126537394511,0.8337837367461212,2.5287355976778976
0.1,0,50,False,6,False,0.9371095924088472,1.125335866616241,1.765092306380209
0.1,0,50,False,7,False,0.9795316175394441,0.8845681066826027,2.3471799220602136
0.1,0,50,False,8,False,0.9859749780447337,1.0022506221417948,2.0852050043868693
0.1,0,50,False,9,False,1.0628126904871682,1.5534439649997087,1.450174748677615
0.1,0,51,False,0,True,1.0304580951714863,0.6277222880720386,3.5260209125644315
0.1,0,51,False,1,False,1.0410715339270498,1.885934414041685,1.1857034504929047
0.1,0,51,False,2,False,1.0355850039013674,0.6319855056979014,3.5196601600572404
0.1,0,51,False,3,False,1.002011128567739,0.6885355793743217,3.125850876613475
0.1,0,51,False,4,False,0.9256896746411895,0.8350171118277533,2.38117953592787
0.1,0,51,False,5,False,0.9987208515882298,0.8206451386793272,2.6140314814621646
0.1,0,51,False,6,False,0.9228178618161813,1.1047933184155685,1.7941429811709435
0.1,0,51,False,7,False,0.9814586386669475,0.9217415060206094,2.287098953822072
0.1,0,51,False,8,False,0.9991974553003311,0.9557717985325779,2.245531775446208
0.1,0,51,False,9,False,1.0629899127086118,1.5278533393382165,1.4944093393223095
0.1,0,52,False,0,True,1.0313463009132915,0.6943235033063089,3.0909976938389656
0.1,0,52,False,1,False,1.0344645594771118,1.7660609747526648,1.218894044184581
0.1,0,52,False,2,False,1.0378055720668833,0.5476581389346955,3.9433242027371422
0.1,0,52,False,3,False,0.9973471276047033,0.6615294798521856,3.1372792073466753
0.1,0,52,False,4,False,0.9336181090684712,0.7829312342431652,2.481428010587237
0.1,0,52,False,5,False,0.9935979808002706,0.8641302448738418,2.392696018037374
0.1,0,52,False,6,False,0.9301224640883583,1.1493852260265447,1.6839552856421158
0.1,0,52,False,7,False,0.9801221811788333,1.033905924086129,1.9726735727708513
0.1,0,52,False,8,False,0.9931845606444858,0.7821040925241749,2.6425391711614203
0.1,0,52,False,9,False,1.0683912930573407,1.7179711814002891,1.2941079289741475
0.1,0,53,False,0,True,1.0064060172579539,0.6522770493897878,3.409908136339191
0.1,0,53,False,1,False,1.0388481865292283,1.7276346580394413,1.3289288525772207
0.1,0,53,False,2,False,1.0527482674567459,0.5936986734636707,3.9188623504592206
0.1,0,53,False,3,False,1.0119233679264639,0.7168675297976915,3.119681573503842
0.1,0,53,False,4,False,0.9334091770832957,0.9221947847286449,2.2369225987031935
0.1,0,53,False,5,False,0.9983870924763428,0.8390060204920349,2.629876975338812
0.1,0,53,False,6,False,0.937144570591194,1.1787569981561716,1.7570489537986897
0.1,0,53,False,7,False,0.9807739542238348,0.8733834696537314,2.4817927331966465
0.1,0,53,False,8,False,0.9817448336408934,0.9623330148935532,2.2546274564576327
0.1,0,53,False,9,False,1.0586150030494768,1.533847801385273,1.525307230295231
0.1,0,54,True,0,True,1.0499701248140054,0.7427078557987754,2.8133626036348662
0.1,0,54,True,1,False,1.049061309356035,1.675694999355001,1.2458698676555364
0.1,0,54,True,2,False,1.0387755487410757,0.6072709282320704,3.4041290323679454
0.1,0,54,True,3,False,0.9868770928438318,0.6519605135351384,3.01237171433969
0.1,0,54,True,4,False,0.9199449825365722,0.868502336333672,2.1079371109327454
0.1,0,54,True,5,False,0.9888219683182704,0.7986415470672124,2.4639562535107755
0.1,0,54,True,6,False,0.9042185425725299,1.1501448763122055,1.5645435103831742
0.1,0,54,True,7,False,0.9799630964794401,0.9670454300304266,2.016645818469616
0.1,0,54,True,8,False,1.0149336084841718,0.834269085234,2.4210193979468726
0.1,0,54,True,9,False,1.0674330328952737,1.7037624281014976,1.2468045755588426
0.1,0,55,False,0,True,1.0212166225899535,0.7523096061525911,2.8245011229823533
0.1,0,55,False,1,False,1.0468840429160104,1.7285986977833883,1.2601576562709385
0.1,0,55,False,2,False,1.0276110431535568,0.49740535993813645,4.298716314686744
0.1,0,55,False,3,False,0.9881005662148873,0.7309990319372739,2.8125796494737996
0.1,0,55,False,4,False,0.9295740427851268,0.7874227160752677,2.4563855412586477
0.1,0,55,False,5,False,0.99452484932203,0.9746390291757181,2.1232069350872966
0.1,0,55,False,6,False,0.9217881179571974,1.128588799756387,1.699479199423137
0.1,0,55,False,7,False,0.9809238523192666,0.9050917726626042,2.255086274412829
0.1,0,55,False,8,False,1.0071009668393378,0.8374768539318387,2.5021923025241053
0.1,0,55,False,9,False,1.0822756702410954,1.657468132586795,1.3586675160361614
0.1,0,56,True,0,True,1.0559042237537657,0.672055820690872,3.305527587137
0.1,0,56,True,1,False,1.0409226276435004,1.6583211310333383,1.320600387636319
0.1,0,56,True,2,False,1.0501270859204181,0.6084556443470981,3.631069336345101
0.1,0,56,True,3,False,0.9914403855869989,0.6040595740191942,3.453094305910727
0.1,0,56,True,4,False,0.9185569784196899,0.9166081930202771,2.1083561344085684
0.1,0,56,True,5,False,0.9931342471972618,0.8494275847756393,2.4598192944841992
0.1,0,56,True,6,False,0.9151429746368762,1.1658031733390806,1.6515256483772842
0.1,0,56,True,7,False,0.9839672695880363,1.0296513930099165,2.010536893407612
0.1,0,56,True,8,False,1.0013154391512824,0.8472177909480583,2.486551458581055
0.1,0,56,True,9,False,1.0494883271531388,1.6483996948165254,1.3394814169647398
0.1,0,57,False,0,True,1.1079967274545748,0.7963858859131473,2.9975663362905878
0.1,0,57,False,1,False,1.0173568076233626,1.652966585047027,1.3260597738504238
0.1,0,57,False,2,False,1.0722976067465262,0.5517417832219834,4.187292914469005
0.1,0,57,False,3,False,0.9846814003968682,0.6324523297540042,3.3544538216596456
0.1,0,57,False,4,False,0.9309549822321364,0.8466872983460321,2.3689697520802473
0.1,0,57,False,5,False,0.9659546138953775,0.89225216610715,2.3325071839046654
0.1,0,57,False,6,False,0.9283448193337431,1.1084122534902772,1.8045207470501845
0.1,0,57,False,7,False,0.958570494783455,0.8926346873117154,2.31368471518667
0.1,0,57,False,8,False,0.9832287893569776,0.8042508745879163,2.6340069968449042
0.1,0,57,False,9,False,1.0506148495451528,1.8222161362207474,1.2422171663013906
0.1,0,58,False,0,True,1.0129234131612577,0.745614871088629,2.9294864412772
0.1,0,58,False,1,False,1.0464386379383646,1.7331272604132932,1.3020053158291705
0.1,0,58,False,2,False,1.0448987917355106,0.5312299185859056,4.241516341529989
0.1,0,58,False,3,False,0.9956391295240197,0.7986132242236939,2.6884062904926065
0.1,0,58,False,4,False,0.9306070636619537,0.8960976285549204,2.2394453081030274
0.1,0,58,False,5,False,0.986783212709336,0.8398155854734897,2.5337704469328086
0.1,0,58,False,6,False,0.9290619495845817,1.1562450056180977,1.7327034799826249
0.1,0,58,False,7,False,0.9816220901190787,0.8695259924694557,2.4343958453588668
0.1,0,58,False,8,False,1.0017991340853791,0.8773963907826415,2.4621485521212274
0.1,0,58,False,9,False,1.0702260351993178,1.5523341227898741,1.486687711038739
0.1,0,59,False,0,True,1.0454011427478664,0.696676702896564,3.158536031265548
0.1,0,59,False,1,False,1.0274887805514545,1.635047826489038,1.3227591688381537
0.1,0,59,False,2,False,1.0469782961102445,0.5221456674487248,4.220657904995552
0.1,0,59,False,3,False,0.9914419229360072,0.6432315847387734,3.244397591552426
0.1,0,59,False,4,False,0.9346049967779834,0.793816057879382,2.4782343458182177
0.1,0,59,False,5,False,1.0014346259830929,0.9894446451692173,2.1304201152620923
0.1,0,59,False,6,False,0.9207965252947193,1.1478303824455693,1.6885740412853887
0.1,0,59,False,7,False,0.9823936414682999,0.922374175702664,2.2418810211843248
0.1,0,59,False,8,False,0.9857905065991673,1.0030566496771602,2.068680034393399
0.1,0,59,False,9,False,1.0636699356187742,1.646376307552906,1.359915517370019
0.1,0,60,False,0,True,1.0247506781043227,0.7298765908348304,2.979315729180261
0.1,0,60,False,1,False,1.0508010245721593,1.9265251849918212,1.1574268334103341
0.1,0,60,False,2,False,1.0395813896364416,0.5444597200752186,4.051729940220333
0.1,0,60,False,3,False,0.9959210396006221,0.7345506967722565,2.8770730051935787
0.1,0,60,False,4,False,0.9234321683002699,0.8516527019817386,2.300860141247847
0.1,0,60,False,5,False,0.9863417511718442,0.786313437485156,2.6618248142013505
0.1,0,60,False,6,False,0.92597109430943,1.1921682159949543,1.6481913879349726
0.1,0,60,False,7,False,0.9749616328099308,0.8910327832610396,2.3218897391176765
0.1,0,60,False,8,False,1.0072987638786044,0.8346419977601073,2.560977819303075
0.1,0,60,False,9,False,1.0709403778135773,1.5087786708428776,1.5062168687139645
0.1,0,61,True,0,True,1.044418663733282,0.7293966242788527,2.933759770691113
0.1,0,61,True,1,False,1.0444590314126363,1.6464456273504746,1.2997436086724437
0.1,0,61,True,2,False,1.044849895855775,0.5402458374485427,3.9625627110284296
0.1,0,61,True,3,False,0.9910600508720516,0.665290606518445,3.0521245539817317
0.1,0,61,True,4,False,0.9207669332542361,0.8329520599957274,2.264870534948662
0.1,0,61,True,5,False,0.9934567501999736,0.8513484741872999,2.39086622517899
0.1,0,61,True,6,False,0.91255895545997,1.3413620195082794,1.3938903139504482
0.1,0,61,True,7,False,0.9771502261248213,0.9966747702814843,2.0087299093202136
0.1,0,61,True,8,False,1.0131070344630286,0.8311946051449169,2.4972745374371197
0.1,0,61,True,9,False,1.0581724586242256,1.5650893752859776,1.3852590132083973
0.1,0,62,False,0,True,1.0479212061606322,0.7038369067457839,3.3409316131560916
0.1,0,62,False,1,False,1.0264172526214985,1.7095876507154943,1.3472356432052703
0.1,0,62,False,2,False,1.049625842658353,0.5646881723912001,4.170967601683194
0.1,0,62,False,3,False,0.9900126138527167,0.7342172716697228,3.0257087722503164
0.1,0,62,False,4,False,0.9352361935246997,0.8027961255137761,2.6141290949200515
0.1,0,62,False,5,False,0.9925708697281413,0.9371933451543906,2.3765301157594774
0.1,0,62,False,6,False,0.9242646808338832,1.02123335626146,2.0308710972972888
0.1,0,62,False,7,False,0.9913538016934547,0.933487420253096,2.3830392726182947
0.1,0,62,False,8,False,0.9823790880679704,0.8550500470617162,2.578092923459995
0.1,0,62,False,9,False,1.0602182931460633,1.7379097042333602,1.3689231817475578
0.1,0,63,True,0,True,1.0326902087138043,0.730004253640541,2.895271617386261
0.1,0,63,True,1,False,1.0566828130745967,1.7348379706543036,1.2466093184451914
0.1,0,63,True,2,False,1.0439629567964726,0.5549017129846757,3.8504693219583626
0.1,0,63,True,3,False,0.9902640911944417,0.7920837948432473,2.5587305068990815
0.1,0,63,True,4,False,0.9249705521262376,0.868635966712264,2.179388942151699
0.1,0,63,True,5,False,0.9876860082964078,0.8194686625833699,2.4667844127401093
0.1,0,63,True,6,False,0.9120783222673644,1.209394293051736,1.5435079232789082
0.1,0,63,True,7,False,0.9690368120465792,0.8520803490440969,2.3275786781804064
0.1,0,63,True,8,False,1.0083181922938809,0.8519707437568864,2.4222421973892847
0.1,0,63,True,9,False,1.0743104754208586,1.5866222527288798,1.385801138234609
0.1,0,64,False,0,True,1.0339660731615155,0.7819565574463018,2.7202352673145844
0.1,0,64,False,1,False,1.0352280111062953,1.6652494907817241,1.2789086039015571
0.1,0,64,False,2,False,1.0409704604998424,0.5071564775934249,4.222593092986998
0.1,0,64,False,3,False,0.9893020114015528,0.724212300744163,2.8102554522953347
0.1,0,64,False,4,False,0.9297266296171124,0.8294276966138351,2.3060012639795784
0.1,0,64,False,5,False,0.9980000659083463,1.0424262357187293,1.969554672801937
0.1,0,64,False,6,False,0.9207210520863612,1.1348912097654993,1.6690011854191502
0.1,0,64,False,7,False,0.9821109083780887,0.9543524630790743,2.1170666955911366
0.1,0,64,False,8,False,0.9987836511243654,0.8285515388032665,2.4799030382907206
0.1,0,64,False,9,False,1.07119113671652,1.5317760294539813,1.4386478651513015
0.1,0,65,True,0,True,1.0545960309625122,0.6825510787982575,3.1606819548284752
0.1,0,65,True,1,False,1.0398406555123734,1.8211707917848001,1.1680083266471948
0.1,0,65,True,2,False,1.0439422254076867,0.5307293550789094,4.023770262432842
0.1,0,65,True,3,False,0.9963508671654361,0.6353541729462101,3.2079400109327336
0.1,0,65,True,4,False,0.9222386710020251,0.866685746775131,2.176764752391902
0.1,0,65,True,5,False,0.9982490207201733,0.9675832197415973,2.1104758486673156
0.1,0,65,True,6,False,0.9169358634995121,1.07372332876957,1.7469335761178828
0.1,0,65,True,7,False,0.9621160990942108,0.9792572990066445,2.0098353766994874
0.1,0,65,True,8,False,0.9995562943280646,0.8242937462415589,2.480590494749684
0.1,0,65,True,9,False,1.0661741883523441,1.6186512608573218,1.347425295461594
0.1,0,66,False,0,True,1.0492412536404252,0.6756461629367133,3.3356774456245124
0.1,0,66,False,1,False,1.037645744359312,1.8797427145486179,1.1857106057226616
0.1,0,66,False,2,False,1.0413484705807392,0.556471009839066,4.019588036378941
0.1,0,66,False,3,False,0.9926095871281971,0.6329443476886077,3.3685340767759033
0.1,0,66,False,4,False,0.9263475010944118,0.7902309462290108,2.5179546662109806
0.1,0,66,False,5,False,0.9904977402640205,0.86896481976533,2.448382689311175
0.1,0,66,False,6,False,0.9214322296713918,1.0736428616393157,1.8434508518664707
0.1,0,66,False,7,False,0.9767877158077374,1.0035219668777637,2.0907461762834427
0.1,0,66,False,8,False,0.9875608192976132,0.7803765008114647,2.7182392152904677
0.1,0,66,False,9,False,1.0765286147245163,1.7384586696641104,1.3301150682938887
0.1,0,67,False,0,True,1.0498060348344742,0.663330696819554,3.2719301191613055
0.1,0,67,False,1,False,1.0254068950417363,1.6784332049555535,1.2630403375684236
0.1,0,67,False,2,False,1.0501993451699156,0.5600733367458621,3.8766080693972604
0.1,0,67,False,3,False,0.9975234801272866,0.5978971964644146,3.4492260718735634
0.1,0,67,False,4,False,0.9292285799888356,0.8534396112663332,2.250996463575738
0.1,0,67,False,5,False,0.988494286693016,0.861068624901509,2.373348141608632
0.1,0,67,False,6,False,0.9258568242622738,1.1791747711198042,1.6232697792466466
0.1,0,67,False,7,False,0.9865648250315597,0.9624387692594668,2.1192274374970594
0.1,0,67,False,8,False,0.9881393157212239,0.8160118642514702,2.503495160189814
0.1,0,67,False,9,False,1.0587803350454346,1.8281319242160323,1.1973562455422981
0.1,0,68,False,0,True,1.0117913061542199,0.6663776781857991,3.326950052056694
0.1,0,68,False,1,False,1.0433129616646892,1.7653164001171264,1.294994206132192
0.1,0,68,False,2,False,1.0483058279450377,0.5666247723096254,4.053855097366954
0.1,0,68,False,3,False,1.012555719206175,0.7029142794541828,3.1564022439014416
0.1,0,68,False,4,False,0.9285559083104904,0.8969903413346121,2.2682768971994163
0.1,0,68,False,5,False,1.0014162640113606,0.8633858942986635,2.5414728222473437
0.1,0,68,False,6,False,0.9299578885804515,1.16881343884632,1.7433872468938465
0.1,0,68,False,7,False,0.9821533966698234,0.8806271414895648,2.4437852249874523
0.1,0,68,False,8,False,0.9801734682763926,0.9374249148962136,2.2910904182448517
0.1,0,68,False,9,False,1.0617770262942718,1.5515251390678926,1.4995131748662067
0.1,0,69,False,0,True,1.0401465719244056,0.6428382708271199,3.407307973620942
0.1,0,69,False,1,False,1.0322577669847515,1.858207950239834,1.1698021552097166
0.1,0,69,False,2,False,1.0343300780727882,0.5399017550910324,4.034251661052211
0.1,0,69,False,3,False,0.9891516327969806,0.6530554325692962,3.189564561631589
0.1,0,69,False,4,False,0.9291333234220084,0.7956155574325677,2.459197118844956
0.1,0,69,False,5,False,0.9949398309102958,0.852159517230816,2.4586374386859773
0.1,0,69,False,6,False,0.9203003631703296,1.0998116007882288,1.7620972313277248
0.1,0,69,False,7,False,0.9984832858949809,1.0579861313746846,1.9873730504294642
0.1,0,69,False,8,False,0.9864264874373957,0.7724144649003398,2.689260660737837
0.1,0,69,False,9,False,1.0748302685609492,1.728009319546081,1.3098222981928815
0.1,0,70,False,0,True,1.049714670679279,0.655392239419449,3.32722242843369
0.1,0,70,False,1,False,1.0440408989158514,1.7714737091105983,1.22431920841038
0.1,0,70,False,2,False,1.0325520547111164,0.5304672466497592,4.043572590095771
0.1,0,70,False,3,False,0.9856543834443364,0.6125836454531521,3.3424977395561055
0.1,0,70,False,4,False,0.9241202708355243,0.7699551427565549,2.4933022856923426
0.1,0,70,False,5,False,0.9900016525932668,0.9209034209111823,2.2332312472575886
0.1,0,70,False,6,False,0.9205522508083078,1.088938178174718,1.7561316995710445
0.1,0,70,False,7,False,0.9775709883693807,1.0259373610309912,1.9794262320344775
0.1,0,70,False,8,False,0.9930549174928974,0.7841217378743465,2.6308836082967697
0.1,0,70,False,9,False,1.0827378330785915,1.840227318619249,1.2222602869337393
0.1,0,71,False,0,True,1.0191065817125258,0.6447121968859039,3.4687177940191707
0.1,0,71,False,1,False,1.0415960570105294,1.713796995644054,1.333690931699484
0.1,0,71,False,2,False,1.0525664560428694,0.5807471962120424,3.9772020257338205
0.1,0,71,False,3,False,1.0075799559249474,0.6803256194049349,3.24995944660694
0.1,0,71,False,4,False,0.9267969258032199,0.9182993348356265,2.214703352305694
0.1,0,71,False,5,False,0.9961840312355178,0.7911615990125449,2.763055601542816
0.1,0,71,False,6,False,0.9277902384209797,1.2075628811038663,1.685991155910254
0.1,0,71,False,7,False,0.9842072652037738,0.9056601025500661,2.3847155234965216
0.1,0,71,False,8,False,0.9833743012858487,0.9572546907207695,2.2542734684495884
0.1,0,71,False,9,False,1.0607976368738152,1.600479383630192,1.454446354956867
0.1,0,72,False,0,True,1.0333538999310978,0.6373147768583695,3.5243286317698015
0.1,0,72,False,1,False,1.0317230025456683,1.8766880443161813,1.194957142754632
0.1,0,72,False,2,False,1.0390942188447603,0.5930654491092204,3.8083215340317307
0.1,0,72,False,3,False,0.9924338566521818,0.6836967199609106,3.155145407040244
0.1,0,72,False,4,False,0.9321786300012787,0.8174827729637079,2.4785736973322976
0.1,0,72,False,5,False,0.9992436025089751,0.8833703022151538,2.458724592770207
0.1,0,72,False,6,False,0.9224151623970002,1.1328533893899138,1.769840089357503
0.1,0,72,False,7,False,0.9864165972831181,0.973071026245978,2.2034192185992536
0.1,0,72,False,8,False,0.9960975093713289,0.8719039386484151,2.4832161160655115
0.1,0,72,False,9,False,1.0670437527971877,1.5305535802921495,1.515357118189749
0.1,0,73,False,0,True,1.0306848723853403,0.7100319107533649,3.0273283361771535
0.1,0,73,False,1,False,1.0336414845538489,1.7602212713347505,1.224656122055368
0.1,0,73,False,2,False,1.0396522831201782,0.5313913330378619,4.080234620269761
0.1,0,73,False,3,False,0.9959734619193401,0.6688965817380068,3.1052765359053502
0.1,0,73,False,4,False,0.9361993383487743,0.7999085214620634,2.4408410470764816
0.1,0,73,False,5,False,0.9985772999244196,0.8516372021934374,2.445336083531075
0.1,0,73,False,6,False,0.9224070138315049,1.2593658265599779,1.5275033940154155
0.1,0,73,False,7,False,0.9752706969067915,0.8924659580544835,2.279003581526496
0.1,0,73,False,8,False,1.004788747272725,0.9591709180808836,2.1846921682518126
0.1,0,73,False,9,False,1.062805630552925,1.5669104767851703,1.4145592853825597
0.1,0,74,False,0,True,1.028209787675648,0.6088458655409401,3.648880010018611
0.1,0,74,False,1,False,1.0488018150654443,1.7849505257295708,1.269557738426226
0.1,0,74,False,2,False,1.0326620993020963,0.6255955611458351,3.5665620907464124
0.1,0,74,False,3,False,0.9986171447564296,0.6797378537550973,3.1742620130969623
0.1,0,74,False,4,False,0.9278262089687559,0.8045972700752482,2.4915711371561993
0.1,0,74,False,5,False,0.9895356936257225,0.8239369781549,2.5949122708937575
0.1,0,74,False,6,False,0.9228594889704951,1.0392573290772358,1.9186585615832286
0.1,0,74,False,7,False,0.9825858987345784,0.8747732193669404,2.4269468091643467
0.1,0,74,False,8,False,0.9915812323923258,0.9687573697955663,2.2115587898580102
0.1,0,74,False,9,False,1.0773209367039636,1.789548027358666,1.3007293847467107
0.1,0,75,False,0,True,1.0982923312264985,0.8192075484463813,2.8444437061186263
0.1,0,75,False,1,False,1.0151747065653571,1.650211235416091,1.305192550366421
0.1,0,75,False,2,False,1.0644813822034804,0.5555014284522382,4.065614787463267
0.1,0,75,False,3,False,0.9793356152654029,0.6099535628106166,3.406497806415056
0.1,0,75,False,4,False,0.9355324332727679,0.7957433082372274,2.494360327795195
0.1,0,75,False,5,False,0.9666224925669702,0.8818988935612135,2.325473721580403
0.1,0,75,False,6,False,0.9204019817769313,1.1435712409968866,1.707605942366046
0.1,0,75,False,7,False,0.9788808431873609,0.87711828794359,2.367799914783987
0.1,0,75,False,8,False,0.9791603408991537,0.8017182801277061,2.59122643790229
0.1,0,75,False,9,False,1.062118404400548,1.86507621400805,1.2082302041381667
0.1,0,76,False,0,True,1.0397712966644717,0.7285087668032462,2.9901072723784208
0.1,0,76,False,1,False,1.0291535038820783,1.6934667349815113,1.2731723963398662
0.1,0,76,False,2,False,1.0421694749515216,0.5264010756923175,4.147680623142156
0.1,0,76,False,3,False,0.9942369156280264,0.6707805499540131,3.105225545649742
0.1,0,76,False,4,False,0.9294999240155986,0.8708518734943617,2.2360875078523588
0.1,0,76,False,5,False,0.9947925655725959,0.8671891589032608,2.4032691872066336
0.1,0,76,False,6,False,0.9297201816512838,1.084709169524194,1.7956540699226509
0.1,0,76,False,7,False,0.9810940797467127,1.0174052236500684,2.0202281542441956
0.1,0,76,False,8,False,0.9907185464550101,0.8058730470173946,2.5755346063487226
0.1,0,76,False,9,False,1.0688435861469603,1.7348143999796328,1.290758115694939
0.1,0,77,False,0,True,1.0325593502593968,0.7399830770255639,2.9925517537621142
0.1,0,77,False,1,False,1.0267768490526377,1.8355614402824392,1.1996528111820683
0.1,0,77,False,2,False,1.0419030146220223,0.6068336739161938,3.68218883019994
0.1,0,77,False,3,False,1.0007827816316566,0.7042018958787478,3.047832310303864
0.1,0,77,False,4,False,0.931544631603249,0.8263082803856112,2.417742231397794
0.1,0,77,False,5,False,0.9996324957924614,0.8481972375939922,2.5275045485823555
0.1,0,77,False,6,False,0.9261696398179118,1.150437404517251,1.7265373621058668
0.1,0,77,False,7,False,0.9862373519438106,0.9351640754485699,2.2617368065140666
0.1,0,77,False,8,False,1.0018058275866943,0.8543752706752358,2.5146834185238354
0.1,0,77,False,9,False,1.0525886014503483,1.4989376442763953,1.5059950002117235
0.1,0,78,False,0,True,1.1422043394269366,0.9586809343986326,2.671746444175286
0.1,0,78,False,1,False,0.996301191857887,1.5150173889269531,1.4746826036771676
0.1,0,78,False,2,False,1.098060098016912,0.5434328364958553,4.531122026072382
0.1,0,78,False,3,False,0.9809251069047554,0.6635731065708899,3.3149165410577472
0.1,0,78,False,4,False,0.9351107992118546,0.8517275054079347,2.461999298498879
0.1,0,78,False,5,False,0.955751957831906,0.9201468623282706,2.329236417032394
0.1,0,78,False,6,False,0.9287357669187138,1.1932672688219617,1.7453397016269931
0.1,0,78,False,7,False,0.9551986365546785,0.8844251333390004,2.4219107947475162
0.1,0,78,False,8,False,0.9801274759681194,0.8187883748104436,2.6843331878465717
0.1,0,78,False,9,False,1.0275843959543924,1.6509405889000586,1.3957626758236774
0.1,0,79,False,0,True,1.063987660048693,0.8151830388837158,2.77338888711343
0.1,0,79,False,1,False,1.0242041492612397,1.6983802154406484,1.2813887999590452
0.1,0,79,False,2,False,1.047466344493266,0.5121803496315503,4.345567301386746
0.1,0,79,False,3,False,0.9863392972118823,0.6437768569601062,3.2555194247404886
0.1,0,79,False,4,False,0.938733573910333,0.7703647799707133,2.5892575206649977
0.1,0,79,False,5,False,0.9809098419942257,0.8997744518806705,2.3164597007533834
0.1,0,79,False,6,False,0.9265960340297911,1.1895742171904364,1.6551151315391708
0.1,0,79,False,7,False,0.9765326102784989,0.9047342089944984,2.2934805093996276
0.1,0,79,False,8,False,0.9945639256052635,0.847655367204549,2.49311723630921
0.1,0,79,False,9,False,1.0606668640384924,1.7183765138431117,1.3115655111591293
0.1,0,80,False,0,True,1.0335644761018352,0.7247891370886735,2.9811441194780812
0.1,0,80,False,1,False,1.0369869053598058,1.8319529515010182,1.1833576698459447
0.1,0,80,False,2,False,1.0339468591571273,0.5239223250303707,4.1256120518411485
0.1,0,80,False,3,False,0.9949956413299726,0.6456448806091651,3.221695867121749
0.1,0,80,False,4,False,0.9280359902719764,0.7978799953583446,2.43155622366008
0.1,0,80,False,5,False,0.9942854459233821,0.8494841095741104,2.446881269430339
0.1,0,80,False,6,False,0.9259302442019597,1.0772965967426893,1.796801310042846
0.1,0,80,False,7,False,0.9752579688364796,1.063275074889656,1.9174804634961842
0.1,0,80,False,8,False,0.9991635855824665,0.8200325685887119,2.5471972082853402
0.1,0,80,False,9,False,1.0778337371151427,1.6657223606172606,1.3527147668833697
0.1,0,81,False,0,True,1.0852740465346582,0.7975124124453419,2.913721069502232
0.1,0,81,False,1,False,1.015654227683505,1.6827517600481254,1.2923252664137908
0.1,0,81,False,2,False,1.0651617374788902,0.5362651264729902,4.252869045172753
0.1,0,81,False,3,False,0.9860912854559459,0.5914472976450124,3.5698262371110725
0.1,0,81,False,4,False,0.9390624476742239,0.859382475597509,2.339666671881437
0.1,0,81,False,5,False,0.9729981055079009,0.8741645646847822,2.38322367773604
0.1,0,81,False,6,False,0.9219247094872911,1.1535724171555397,1.7111835639907247
0.1,0,81,False,7,False,0.9769981868371072,0.9234434233716197,2.265319551356352
0.1,0,81,False,8,False,0.9778413045922297,0.8119043724997781,2.5787515741049583
0.1,0,81,False,9,False,1.0589935749927042,1.769556150079302,1.2813712795543588
0.1,0,82,False,0,True,1.0282804722000933,0.6249245971537027,3.5837593497916753
0.1,0,82,False,1,False,1.0292740646861576,1.9031404904487847,1.1779179775071675
0.1,0,82,False,2,False,1.037169215017413,0.5458001323709349,4.138765789625636
0.1,0,82,False,3,False,1.002385140052908,0.6269330329985798,3.482317265141961
0.1,0,82,False,4,False,0.9298987068321748,0.8216678271467103,2.4648712035503713
0.1,0,82,False,5,False,1.003442764774305,0.8652998903567518,2.525694548161907
0.1,0,82,False,6,False,0.9284074276421574,1.0806879954595934,1.871083412527174
0.1,0,82,False,7,False,0.9843707108622389,1.1093006469560356,1.9326992872106872
0.1,0,82,False,8,False,0.9912447453698663,0.8212438896504185,2.628836744381062
0.1,0,82,False,9,False,1.0655263478077217,1.6010014974584885,1.4495303891162294
0.1,0,83,False,0,True,1.0403236828925098,0.6713410381093808,3.244476592059528
0.1,0,83,False,1,False,1.0375138937344182,1.721311086127335,1.261984181111053
0.1,0,83,False,2,False,1.042547220936516,0.5641013946427134,3.8695273195956434
0.1,0,83,False,3,False,0.995663270703614,0.6230665438512866,3.3457802275476634
0.1,0,83,False,4,False,0.9258827859159502,0.909887889610147,2.1305291505732846
0.1,0,83,False,5,False,0.9854409416094817,0.8232992229784052,2.506064542810874
0.1,0,83,False,6,False,0.9304824479103685,1.0525432908269574,1.8509196824297693
0.1,0,83,False,7,False,0.9838567817562854,0.9616423083606379,2.1420898186297044
0.1,0,83,False,8,False,0.9905354267254833,0.8390428741240262,2.4717538265170944
0.1,0,83,False,9,False,1.0677537794741376,1.833764351369111,1.2191213790924218
0.1,0,84,False,0,True,1.0412916690069935,0.6892662065318882,3.205190421586216
0.1,0,84,False,1,False,1.0302820979610623,1.681556617816386,1.299909410887679
0.1,0,84,False,2,False,1.0435878943407266,0.5213042110475182,4.247234384566765
0.1,0,84,False,3,False,0.9948929142429169,0.6469401238751046,3.2627265668387695
0.1,0,84,False,4,False,0.927694854374574,0.8332320671226917,2.3621506989116363
0.1,0,84,False,5,False,1.0020848666993403,1.0688043871501627,1.989182842198154
0.1,0,84,False,6,False,0.9213621727428285,1.0315859456455345,1.894930953974264
0.1,0,84,False,7,False,0.9770016975254511,0.9770232234174749,2.1215773013910697
0.1,0,84,False,8,False,0.9901027916466819,0.9510304453297002,2.2087893193714656
0.1,0,84,False,9,False,1.0716993406223891,1.5992567720635391,1.421749859107975
0.1,0,85,False,0,True,1.065007269534749,0.6822043532455709,3.3796805246352553
0.1,0,85,False,1,False,1.0188450961778202,1.6981147568114519,1.2989088825190442
0.1,0,85,False,2,False,1.0577463323829566,0.5504641194953824,4.15996882008561
0.1,0,85,False,3,False,0.9916540156447358,0.6673421786296871,3.216985943982026
0.1,0,85,False,4,False,0.9313555664154114,0.8490238586666804,2.3748335909093203
0.1,0,85,False,5,False,0.989907181709913,0.8972106660336734,2.388568004412696
0.1,0,85,False,6,False,0.930837504119048,1.0703112928750302,1.8827875965713914
0.1,0,85,False,7,False,0.9709331215737529,0.9317810471209044,2.2558644866462823
0.1,0,85,False,8,False,0.9897550879324962,0.969539427173026,2.210038459957167
0.1,0,85,False,9,False,1.0539582919145989,1.6840082999485928,1.3549296937370412
0.1,0,86,False,0,True,1.031246807457082,0.7025829334410882,3.0478890711531723
0.1,0,86,False,1,False,1.0357539759825138,1.733262413812504,1.2408704014653695
0.1,0,86,False,2,False,1.0337303307098757,0.5245484476584491,4.092189989613013
0.1,0,86,False,3,False,0.9948380423452061,0.6383734432717508,3.236023807711824
0.1,0,86,False,4,False,0.9294600763827041,0.8164929186870534,2.3638093881374576
0.1,0,86,False,5,False,0.9984969526916941,0.8708913270191802,2.380767108522324
0.1,0,86,False,6,False,0.9232557083995624,1.016099956098146,1.8867732250625249
0.1,0,86,False,7,False,0.9828872109595929,1.125112615695979,1.8140189746967854
0.1,0,86,False,8,False,1.0004126681924588,0.9592606864937694,2.165592168118947
0.1,0,86,False,9,False,1.0699173919795277,1.613375257822079,1.3770477198149285
0.1,0,87,False,0,True,1.030125096090782,0.6800704523360729,3.2992547545828046
0.1,0,87,False,1,False,1.0477378850068162,1.7893520889332735,1.2753712795799563
0.1,0,87,False,2,False,1.0284420234552472,0.5911168872855601,3.7895377451188903
0.1,0,87,False,3,False,0.9956531351727876,0.7128774139116134,3.042096595491306
0.1,0,87,False,4,False,0.9326636811842763,0.7985752170188589,2.543835517357674
0.1,0,87,False,5,False,0.9919306869785542,0.8556202497671999,2.525108601830117
0.1,0,87,False,6,False,0.9250418667497988,1.0504211076065948,1.918128678340275
0.1,0,87,False,7,False,0.9812165455298398,0.8958513946350395,2.385660710908673
0.1,0,87,False,8,False,0.9968732915267126,0.8843704902364984,2.455192266671451
0.1,0,87,False,9,False,1.070315711216712,1.741744698269289,1.3384655354247363
0.1,0,88,False,0,True,1.0247400011726073,0.7065346709383851,3.0184631853575934
0.1,0,88,False,1,False,1.0308908936595806,1.8277088586017454,1.1738466335461948
0.1,0,88,False,2,False,1.0428944544474117,0.5321076340968278,4.0789327081391695
0.1,0,88,False,3,False,1.0030420657224044,0.6856644920205437,3.044480239740182
0.1,0,88,False,4,False,0.9295466619404325,0.8977551868672159,2.154859431195283
0.1,0,88,False,5,False,0.9955942187772032,0.8877357157179766,2.3340187760833584
0.1,0,88,False,6,False,0.9378467378316998,1.0799016478410215,1.8073960987176736
0.1,0,88,False,7,False,0.9745406206255667,0.9236417379019269,2.195846959634774
0.1,0,88,False,8,False,0.9947464654317291,0.8284697633973334,2.498857060301757
0.1,0,88,False,9,False,1.0661579549847076,1.6304802926170237,1.3608544257336583
0.1,0,89,False,0,True,1.0393871991002188,0.6636928226268346,3.427999934617667
0.1,0,89,False,1,False,1.0434812841344274,1.7673767659647421,1.2923676688829464
0.1,0,89,False,2,False,1.0296073062007804,0.5355098823181913,4.208571290009104
0.1,0,89,False,3,False,0.9898677008522254,0.7077883050625836,3.061289016843019
0.1,0,89,False,4,False,0.9295183748732918,0.7865398888741046,2.5868294056582135
0.1,0,89,False,5,False,0.9843065455274256,0.9202331002369317,2.341332452626429
0.1,0,89,False,6,False,0.9114695881217243,1.0089331202325906,1.9774721056836502
0.1,0,89,False,7,False,0.9985967578174602,0.9488354398358728,2.3037206555965053
0.1,0,89,False,8,False,0.9907757871000691,0.8290749209316745,2.6158459760548443
0.1,0,89,False,9,False,1.0829888555372422,1.832015753916474,1.29397339142473
0.1,0,90,False,0,True,1.0372995818110176,0.6938582215438577,3.0787609602159267
0.1,0,90,False,1,False,1.0357777626010924,1.6578481759314003,1.2866615821182563
0.1,0,90,False,2,False,1.03737574534459,0.5330808868410364,4.007610306391785
0.1,0,90,False,3,False,0.9933413056767272,0.6927422451548408,2.953039994304258
0.1,0,90,False,4,False,0.9303373334085038,0.7910870056435312,2.421913928883939
0.1,0,90,False,5,False,1.0004250490479405,1.0879010126189774,1.8938155708047555
0.1,0,90,False,6,False,0.9224577307667216,1.0096699428837117,1.8815230961784697
0.1,0,90,False,7,False,0.98323882790968,0.9851825717746286,2.0553453591611675
0.1,0,90,False,8,False,0.9898687985733509,1.010321892718925,2.017717580542225
0.1,0,90,False,9,False,1.0698772537186827,1.5383080448890902,1.432297222308016
0.1,0,91,False,0,True,1.0714334940504255,0.7458570509837399,3.1004004078014065
0.1,0,91,False,1,False,1.0180996210518816,1.6710112334538585,1.3149797732651856
0.1,0,91,False,2,False,1.0550459296246353,0.5238059622646409,4.347194735410258
0.1,0,91,False,3,False,0.9928254739898819,0.6602605998050337,3.245381050558136
0.1,0,91,False,4,False,0.930767308602602,0.8337117785954823,2.409535616766157
0.1,0,91,False,5,False,0.9920108191414666,0.99874564557472,2.1437279789095647
0.1,0,91,False,6,False,0.9267940495347028,1.050301501236942,1.9044843877711668
0.1,0,91,False,7,False,0.9716028791243171,0.9517963129433845,2.203195020188139
0.1,0,91,False,8,False,0.9822085507035521,0.8432054438779687,2.514076422522276
0.1,0,91,False,9,False,1.059211561629116,1.7213044712642291,1.3281073556754877
0.1,0,92,False,0,True,1.0526725686309195,0.7253281963300583,3.1187768550435773
0.1,0,92,False,1,False,1.0332063298704501,1.7517789947228646,1.2674571943818391
0.1,0,92,False,2,False,1.038708543796496,0.5035310794761378,4.432951495764237
0.1,0,92,False,3,False,0.9803537947980716,0.656921588966948,3.206969700875079
0.1,0,92,False,4,False,0.9271281681756454,0.7908053971874471,2.519391783234695
0.1,0,92,False,5,False,0.9936098518231649,1.01747708337973,2.098537864743336
0.1,0,92,False,6,False,0.9042896860869946,1.0531958454715167,1.8451173703787545
0.1,0,92,False,7,False,0.9982063239608692,1.0195051731125286,2.104051861838508
0.1,0,92,False,8,False,0.9903404352051866,0.785939251765946,2.7078280930101086
0.1,0,92,False,9,False,1.0814840612689605,1.695517389586822,1.3707032171812292
0.1,0,93,False,0,True,1.03113195976029,0.6562744720320794,3.298229761289199
0.1,0,93,False,1,False,1.0303141179444417,1.7059719885831093,1.2677975973113993
0.1,0,93,False,2,False,1.0357040222927325,0.5527503643898466,3.9333156023776326
0.1,0,93,False,3,False,0.9934801106297034,0.6710347134399478,3.1078951531506696
0.1,0,93,False,4,False,0.9360436905854962,0.7530688187457821,2.6092375745807495
0.1,0,93,False,5,False,1.0036754825558747,0.9743911157921427,2.1622811855249537
0.1,0,93,False,6,False,0.926869548907229,1.1603850876375705,1.676751273109061
0.1,0,93,False,7,False,0.9911127905299507,0.9659189788682621,2.153944709151324
0.1,0,93,False,8,False,0.9832360910887403,0.8413537808691927,2.453190817249316
0.1,0,93,False,9,False,1.0684322596380869,1.7188506796420673,1.3048512672674581
0.1,0,94,False,0,True,1.026989698482709,0.6352894128486781,3.5606978837665713
0.1,0,94,False,1,False,1.0317403410548045,1.8343643728481458,1.2388692169768176
0.1,0,94,False,2,False,1.0385474847892255,0.6081057702988337,3.761732340227278
0.1,0,94,False,3,False,1.001087154349031,0.687925580220872,3.2053177376247
0.1,0,94,False,4,False,0.9278807084552242,0.8408538282097568,2.4305933011712035
0.1,0,94,False,5,False,1.004079115754614,0.865473536520559,2.5553759202597437
0.1,0,94,False,6,False,0.9209653822436918,1.1429518087722934,1.774827068727261
0.1,0,94,False,7,False,0.992332885118482,0.9823371457710589,2.2250382136862963
0.1,0,94,False,8,False,0.993890792334826,0.9075982042683614,2.412046612569502
0.1,0,94,False,9,False,1.0624859601417573,1.4951003402414411,1.5652853356802463
0.1,0,95,False,0,True,1.0182497483135797,0.6567859337362664,3.3341568151635372
0.1,0,95,False,1,False,1.0433745983847964,1.766744194850285,1.2700538638195165
0.1,0,95,False,2,False,1.0508820246395414,0.573756264461276,3.9389645917132983
0.1,0,95,False,3,False,1.0066439428145932,0.7231679449015155,2.99358966607195
0.1,0,95,False,4,False,0.9265097548917565,0.9159213886787213,2.175441199287214
0.1,0,95,False,5,False,0.9977491719020205,0.7895131257088898,2.717800505837732
0.1,0,95,False,6,False,0.9256199962808122,1.197637973289649,1.6621213353099185
0.1,0,95,False,7,False,0.9812151296812619,0.8648006837732524,2.440078315729537
0.1,0,95,False,8,False,0.9836065612229465,0.9546183225447012,2.2158849355939942
0.1,0,95,False,9,False,1.0661486026692133,1.557054168055443,1.472548387016639
0.1,0,96,False,0,True,1.0640283210335246,0.7601780530442086,3.0512745776670367
0.1,0,96,False,1,False,1.017380876104217,1.6928029892379448,1.310148676925847
0.1,0,96,False,2,False,1.0555610109466742,0.5431702450923308,4.236339909608263
0.1,0,96,False,3,False,0.9908894474616954,0.6336371729918643,3.40900772778665
0.1,0,96,False,4,False,0.9368736698781394,0.8458709377519574,2.414461917373968
0.1,0,96,False,5,False,0.9826445988443556,0.9224360326844662,2.322221502738026
0.1,0,96,False,6,False,0.9295516957058864,1.1130853831954437,1.8204908385648306
0.1,0,96,False,7,False,0.9808968988841528,0.9161884894763485,2.3338984753148306
0.1,0,96,False,8,False,0.9786417734948267,0.8160956634147881,2.614123550529583
0.1,0,96,False,9,False,1.0635314854812787,1.756535033110647,1.3198876510443864
0.1,0,97,False,0,True,1.0455260916854172,0.6879443101633153,3.1922315106761245
0.1,0,97,False,1,False,1.0319945095953502,1.6972259274948405,1.2771753182515941
0.1,0,97,False,2,False,1.0434536631163458,0.5544999736579909,3.9526141958787884
0.1,0,97,False,3,False,0.9932568032127845,0.6563100921593306,3.178815001018057
0.1,0,97,False,4,False,0.9298055868167262,0.8731656910106105,2.2367027745806842
0.1,0,97,False,5,False,0.9889483606751105,0.8651500239177792,2.401015582905467
0.1,0,97,False,6,False,0.9317820641132876,1.047440707462804,1.8685197221683603
0.1,0,97,False,7,False,0.9757120647242244,0.980515729742672,2.0901617595817497
0.1,0,97,False,8,False,0.9861354498999833,0.8313933022904169,2.491396429159222
0.1,0,97,False,9,False,1.0733845886053888,1.8063542421002394,1.2481455138166049
0.1,0,98,True,0,True,1.0674521309701814,0.7068201449425254,3.0217976881243507
0.1,0,98,True,1,False,1.0364394950802358,1.7122332830861724,1.211175045063704
0.1,0,98,True,2,False,1.039876915965936,0.5417047686534786,3.8410076627343916
0.1,0,98,True,3,False,0.9880706665046768,0.6650533931432848,2.9727431531155433
0.1,0,98,True,4,False,0.9233845241739365,0.8263525089508458,2.2358524316856063
0.1,0,98,True,5,False,0.9985447210866716,1.0211771857716574,1.9565561287634883
0.1,0,98,True,6,False,0.8986773616191206,1.0759924401357612,1.6711694058593038
0.1,0,98,True,7,False,0.9707307633049467,1.0053536377188894,1.931994270421838
0.1,0,98,True,8,False,1.0031243573288773,0.8114596629772017,2.473510363954388
0.1,0,98,True,9,False,1.0736988094422004,1.6338529746201829,1.3149080773658144
0.1,0,99,False,0,True,1.0448523412988513,0.6826936782249298,3.4655142369501664
0.1,0,99,False,1,False,1.0364311911887367,1.6611401746064098,1.4127744795317374
0.1,0,99,False,2,False,1.0466933470109907,0.5671971406241042,4.178535337695247
0.1,0,99,False,3,False,0.9892616151939382,0.6924329045372069,3.234983792063379
0.1,0,99,False,4,False,0.9192786981357127,0.8597998103145935,2.420964939643237
0.1,0,99,False,5,False,0.998556476746787,0.946946765264291,2.387732751313526
0.1,0,99,False,6,False,0.9147916950621527,1.1602421573324198,1.7853041731032036
0.1,0,99,False,7,False,0.9985570473737789,1.028102969841748,2.1992515959803245
0.1,0,99,False,8,False,0.9972034386308605,0.8516610615420277,2.651280174591872
0.1,0,99,False,9,False,1.0543732526586327,1.5497833377122696,1.54050120121118
0.05,0,0,False,0,True,1.0809595027015138,0.7550605395932602,3.3568951877228423
0.05,0,0,False,1,False,1.0241768232665927,1.7647769417644705,1.3608029898029899
0.05,0,0,False,2,False,1.0548021256845805,0.4003813008403905,6.177423016448518
0.05,0,0,False,3,False,0.995017880195759,0.7000763640350112,3.3326952425760807
0.05,0,0,False,4,False,0.9140515970724672,0.6939849047277061,3.088380628050583
0.05,0,0,False,5,False,0.9951762887309241,0.8319353483288328,2.8049206138198297
0.05,0,0,False,6,False,0.9192187255280794,0.9006133176425835,2.3932641203473337
0.05,0,0,False,7,False,0.9633354280614387,1.1384844934771106,1.984086236548942
0.05,0,0,False,8,False,1.0203598928663555,1.441075164101128,1.6602629555548711
0.05,0,0,False,9,False,1.0329009162808656,1.373611625489506,1.763213233514358
0.05,0,1,False,0,True,1.0306334503038233,0.6629938188368416,3.8949512923096568
0.05,0,1,False,1,False,1.0244272802579053,1.4436678552001163,1.777956475504366
0.05,0,1,False,2,False,1.0634954469014586,0.4295954072563624,6.202735780811382
0.05,0,1,False,3,False,0.9977153603399016,1.0137434079151992,2.465959229396606
0.05,0,1,False,4,False,0.9480104243911907,0.6614625691425969,3.5909976109326025
0.05,0,1,False,5,False,0.9963459055251361,1.157753098244044,2.156261681405178
0.05,0,1,False,6,False,0.9315505595831072,1.0327595106595833,2.260031564022876
0.05,0,1,False,7,False,1.00934135773389,1.0889287571308899,2.3224473558042424
0.05,0,1,False,8,False,0.9806360521730441,1.2380743260720193,1.9845791052622157
0.05,0,1,False,9,False,1.0178442490880297,1.2710212495423467,2.006484422806074
0.05,0,2,False,0,True,1.0822560285889435,0.6966549717532969,3.9139939533605363
0.05,0,2,False,1,False,1.021675547218846,1.561708609659776,1.6482416037582674
0.05,0,2,False,2,False,1.0545866244716258,0.5417294984876321,4.904645827396982
0.05,0,2,False,3,False,1.0021526990352516,0.6892759179847571,3.6630991392641534
0.05,0,2,False,4,False,0.9183561571395406,0.6905339743322234,3.350687834641427
0.05,0,2,False,5,False,1.0048143428903389,0.8231487181249594,3.075497632077673
0.05,0,2,False,6,False,0.9258642395042358,0.9867484121713547,2.3640069641608736
0.05,0,2,False,7,False,0.9713751398643028,1.119304433511479,2.1864856836137028
0.05,0,2,False,8,False,0.9996242520001302,1.6212785909152805,1.5534132806162455
0.05,0,2,False,9,False,1.0192959627226195,1.269616873059241,2.0227187305632164
0.05,0,3,False,0,True,1.060773444310293,0.7663266745173862,3.232636960156646
0.05,0,3,False,1,False,1.0185328870971688,1.5348524264245176,1.5497322444781259
0.05,0,3,False,2,False,1.0491753357250917,0.42889666247101915,5.712729280357916
0.05,0,3,False,3,False,0.9965186008664241,0.7279865535663169,3.1967618957948214
0.05,0,3,False,4,False,0.9364852033883055,0.6464934019455724,3.382868070962985
0.05,0,3,False,5,False,1.005507027820364,0.8696227970654411,2.700240409003038
0.05,0,3,False,6,False,0.9296864574608734,1.1847353763134063,1.8325818713232975
0.05,0,3,False,7,False,0.9819454448712795,1.1060222352414826,2.0733457929044445
0.05,0,3,False,8,False,0.994945798038484,1.4061334533603367,1.6524225748865249
0.05,0,3,False,9,False,1.0264292089756961,1.3289304190945215,1.8037444081437617
0.05,0,4,False,0,True,1.0633390998847678,0.6920606890067584,3.6793950170549286
0.05,0,4,False,1,False,1.0089925617411035,1.7631794125941351,1.3703776643713361
0.05,0,4,False,2,False,1.0538559863024655,0.4163224869083709,6.061780562467287
0.05,0,4,False,3,False,1.0057284368992148,0.7388696829417389,3.259580386850561
0.05,0,4,False,4,False,0.9328192808201932,0.7247361764143093,3.0822395358144337
0.05,0,4,False,5,False,1.0082467363194985,0.8869333975574133,2.7222288316955057
0.05,0,4,False,6,False,0.9273043495004132,0.9749352070562651,2.2776938855528552
0.05,0,4,False,7,False,0.9836135393493078,1.190075707302787,1.9792411927551905
0.05,0,4,False,8,False,1.0022061502640864,1.3333377787245317,1.7999717626973262
0.05,0,4,False,9,False,1.0138945994863424,1.2795494614936895,1.8975120587011558
0.05,0,5,False,0,True,1.0711008189023745,0.6943748709042474,3.865206429184299
0.05,0,5,False,1,False,1.0245094900924443,1.573318793607786,1.6316822631994548
0.05,0,5,False,2,False,1.0491505834068566,0.5425838002296386,4.845151272638018
0.05,0,5,False,3,False,0.9965913477510964,0.6339487087387193,3.9391210614666425
0.05,0,5,False,4,False,0.9267322359326801,0.6632680627739488,3.501075864050856
0.05,0,5,False,5,False,1.0112105943245449,0.8597475266772576,2.9471823887121986
0.05,0,5,False,6,False,0.9236679340832267,0.964466109327396,2.3997457598676752
0.05,0,5,False,7,False,0.9765485634451405,1.1826709645427125,2.069027429564015
0.05,0,5,False,8,False,0.9948171666061181,1.627054331086561,1.5320662763368489
0.05,0,5,False,9,False,1.025671265455518,1.2585668321117331,2.0420588033429947
0.05,0,6,False,0,True,1.0354866942808971,0.7149336684630844,3.4327325354022924
0.05,0,6,False,1,False,1.0255728488932208,1.5685944319008307,1.5495908351558132
0.05,0,6,False,2,False,1.0577658300997361,0.4133013094094217,6.0657421624716585
0.05,0,6,False,3,False,0.9983734583742828,0.8936941312370209,2.6476788987862143
0.05,0,6,False,4,False,0.9353585417501356,0.6633398426047581,3.3419752296292726
0.05,0,6,False,5,False,0.9961024030011446,0.999389062805762,2.3622757348946744
0.05,0,6,False,6,False,0.9306989248354176,0.9882322668137338,2.2320883238768574
0.05,0,6,False,7,False,1.0003576604538722,1.070900679852428,2.2139474144464524
0.05,0,6,False,8,False,0.9921040743873052,1.1505262940236138,2.043722273761053
0.05,0,6,False,9,False,1.0281802382778957,1.5370883128893464,1.5853736125398448
0.05,0,7,True,0,True,1.1709736823574872,0.9370684876948085,3.00844672124755
0.05,0,7,True,1,False,0.9814266958185488,1.3747154484549373,1.7187455138638632
0.05,0,7,True,2,False,1.058965851999127,0.48923709030939116,5.211096371919088
0.05,0,7,True,3,False,0.9861704760925762,0.7014043222807738,3.3849330428315985
0.05,0,7,True,4,False,0.9227389947516079,0.7267170204388729,3.0568917927362103
0.05,0,7,True,5,False,0.9947533634123853,0.7925545017778005,3.0217101455672792
0.05,0,7,True,6,False,0.8895375067806605,1.0713173832924463,1.99899927378311
0.05,0,7,True,7,False,0.9677245439719367,1.1510840041389316,2.024003507663631
0.05,0,7,True,8,False,1.0373916971751687,1.5479662751332892,1.6134213396311987
0.05,0,7,True,9,False,0.9903171876405018,1.2079354664787487,1.9737725618014919
0.05,0,8,True,0,True,1.093785980664161,0.7572330957373563,3.4977211681284928
0.05,0,8,True,1,False,0.996906363191266,1.4909906706307268,1.6190559681517545
0.05,0,8,True,2,False,1.0721798247643917,0.45421689346193284,5.715928241378762
0.05,0,8,True,3,False,1.001323547680698,0.7324001757074886,3.310612948808747
0.05,0,8,True,4,False,0.9351579531974287,0.6965608970678617,3.250935109196841
0.05,0,8,True,5,False,0.9970111050755969,1.0838164505273546,2.2275459777734095
0.05,0,8,True,6,False,0.9209854506215092,0.9620303808682037,2.3181759823931523
0.05,0,8,True,7,False,0.971067563387109,1.0714746347860806,2.1945727033893023
0.05,0,8,True,8,False,1.0022457634343647,1.5122969952612684,1.6047949892777038
0.05,0,8,True,9,False,1.0093360582462312,1.2389798059517263,1.9726679129524538
0.05,0,9,False,0,True,1.074494458318895,0.7559190254507236,3.529601500058975
0.05,0,9,False,1,False,1.0260950163894351,1.5806115736590125,1.6119783035359838
0.05,0,9,False,2,False,1.0493049287764242,0.4864253617440375,5.356514362424124
0.05,0,9,False,3,False,0.994445310795814,0.5949910750476278,4.150182782771223
0.05,0,9,False,4,False,0.9187840490840989,0.6767091115361263,3.3713837889951317
0.05,0,9,False,5,False,1.0111856566696218,0.8572152399779381,2.9291242111407567
0.05,0,9,False,6,False,0.9164174217393506,0.9480547560174563,2.4002511532526745
0.05,0,9,False,7,False,0.9747392722822964,1.1921394097772295,2.0302905372252047
0.05,0,9,False,8,False,1.005566619709225,1.6701006761003216,1.4950818452678976
0.05,0,9,False,9,False,1.0289671122928383,1.2378337706895266,2.0641247370674556
0.05,0,10,False,0,True,1.0892044400116945,0.7334525518727917,3.351960788437855
0.05,0,10,False,1,False,1.014338422240455,1.5966439011677007,1.4339577666625782
0.05,0,10,False,2,False,1.0512475793464582,0.4015135095010866,5.9097130908379185
0.05,0,10,False,3,False,1.0047787504169103,0.68063090149806,3.332117669535969
0.05,0,10,False,4,False,0.9158993960145775,0.8172000292019329,2.5297694848732917
0.05,0,10,False,5,False,0.9901231224557207,0.8013711841079778,2.7887978267380746
0.05,0,10,False,6,False,0.9157884343175904,0.9540921204827466,2.1665384240058088
0.05,0,10,False,7,False,0.967356596479909,1.0556496007624807,2.068370619717053
0.05,0,10,False,8,False,1.0230469052782711,1.3881620645566894,1.663477475166523
0.05,0,10,False,9,False,1.0282158709962528,1.5712841368485333,1.4770361598834232
0.05,0,11,False,0,True,1.1001932400435965,0.8283182697150769,3.3358433302320414
0.05,0,11,False,1,False,1.0047404100321962,1.4866608440338525,1.6973674925250397
0.05,0,11,False,2,False,1.0542263821204414,0.44273706034338006,5.980285488652141
0.05,0,11,False,3,False,1.0003171078511206,0.6780744130035229,3.7050515382371736
0.05,0,11,False,4,False,0.9192749113663982,0.6819217004780561,3.3856714430733934
0.05,0,11,False,5,False,1.00793779675031,0.7777756354250648,3.25471758697411
0.05,0,11,False,6,False,0.9120452438520226,1.0182617302520829,2.2495252636228047
0.05,0,11,False,7,False,0.9725771394209689,1.1876784584043272,2.0566438513911445
0.05,0,11,False,8,False,1.0136399440011024,1.626543552156506,1.5651354695659692
0.05,0,11,False,9,False,1.015047824561843,1.2720283361881302,2.004119587379605
0.05,0,12,False,0,True,1.0975110634108178,0.8229877295046292,3.279309151237402
0.05,0,12,False,1,False,1.0176694723107074,1.624329572526014,1.5406337586322065
0.05,0,12,False,2,False,1.0532796497130985,0.4197007976062865,6.171215509170791
0.05,0,12,False,3,False,0.9979004247847589,0.6341844496121394,3.8693537200142747
0.05,0,12,False,4,False,0.9064647517728285,0.6732094168017115,3.3110638297250894
0.05,0,12,False,5,False,1.007406126230553,0.8317357185786018,2.9784207528250235
0.05,0,12,False,6,False,0.908213851375151,0.9450293959214099,2.3632497332032485
0.05,0,12,False,7,False,0.9621713431532074,1.0997303296950274,2.1514587781163748
0.05,0,12,False,8,False,1.0187940648318312,1.5554200545868777,1.6106661303215075
0.05,0,12,False,9,False,1.030589172454552,1.3936725351673025,1.8184093173886107
0.05,0,13,False,0,True,1.1126062731229944,0.8225799085663238,3.302704677418462
0.05,0,13,False,1,False,0.998450296118841,1.5565928133542717,1.566238026887925
0.05,0,13,False,2,False,1.063895022906808,0.47650886360833666,5.451727360063192
0.05,0,13,False,3,False,1.0075091412017516,0.6221426739029066,3.95426106671322
0.05,0,13,False,4,False,0.9101556339031638,0.7209255361454641,3.082702308150549
0.05,0,13,False,5,False,1.002452674828057,0.758071762513018,3.2289393980155747
0.05,0,13,False,6,False,0.9156597010017834,0.9703169824438579,2.3042351825116647
0.05,0,13,False,7,False,0.9576055062736358,1.1321161277531577,2.065389630699873
0.05,0,13,False,8,False,1.0115312544334694,1.6046219323949733,1.5392633084944598
0.05,0,13,False,9,False,1.0201348069893774,1.336123399317691,1.8643065744007523
0.05,0,14,False,0,True,1.0591003885048658,0.6990858956070924,3.6026934025885
0.05,0,14,False,1,False,1.0182899432719363,1.8012888006996077,1.3443390770350694
0.05,0,14,False,2,False,1.0526444408492293,0.42166310419334774,5.936586725483424
0.05,0,14,False,3,False,1.0028769601618142,0.7374342168951717,3.234037758242381
0.05,0,14,False,4,False,0.9343587822858329,0.6957595463277342,3.193560993580095
0.05,0,14,False,5,False,1.006651492888492,0.8846966509383667,2.705860953808407
0.05,0,14,False,6,False,0.9254350641339607,0.9554464636824436,2.303351989564352
0.05,0,14,False,7,False,0.9782242985821309,1.1565155772342088,2.0114427520996037
0.05,0,14,False,8,False,1.0019932759625634,1.3790416595272414,1.7278583582068352
0.05,0,14,False,9,False,1.0204262398505966,1.2690680848947862,1.9121299870921282
0.05,0,15,False,0,True,1.0608213335612313,0.6839885532731017,3.676454640933684
0.05,0,15,False,1,False,1.0200233836037023,1.828779731447152,1.3221615677216345
0.05,0,15,False,2,False,1.049947770170271,0.48075187005512476,5.1770518449525555
0.05,0,15,False,3,False,1.0003381657715318,0.6763993962159075,3.5057377756225545
0.05,0,15,False,4,False,0.9296318533245485,0.667038859800951,3.303662408404199
0.05,0,15,False,5,False,1.0067522718099238,0.8276226050762657,2.8835406293295778
0.05,0,15,False,6,False,0.9276113038170796,0.9331775829001455,2.3563377213730465
0.05,0,15,False,7,False,0.9727618839464155,1.1894981564774953,1.9385569889860723
0.05,0,15,False,8,False,1.0057177804891992,1.4108895639055314,1.68973619926453
0.05,0,15,False,9,False,1.026394253506097,1.3018536808483256,1.8689076315012136
0.05,0,16,False,0,True,1.0995806284076457,0.7486797654993725,3.46197166301978
0.05,0,16,False,1,False,1.0086100981240977,1.7338991323370048,1.3711722234528332
0.05,0,16,False,2,False,1.0594128682708317,0.44035075009057106,5.670991908542796
0.05,0,16,False,3,False,1.0021486792612309,0.6152985596242392,3.839182738358743
0.05,0,16,False,4,False,0.9176849204618521,0.7767515305169136,2.784864069751096
0.05,0,16,False,5,False,1.0026278645642792,0.7601596032819347,3.1090485791069233
0.05,0,16,False,6,False,0.912842971112752,1.0282246033451496,2.0926693264903347
0.05,0,16,False,7,False,0.960536894537115,1.1064556330157131,2.0463153923290927
0.05,0,16,False,8,False,1.0171022506831284,1.4677536647685165,1.6334429325257969
0.05,0,16,False,9,False,1.01945253708026,1.322426757520585,1.8171379866444535
0.05,0,17,False,0,True,1.0738617428938837,0.7599353125883272,3.5101987267289405
0.05,0,17,False,1,False,1.0247431115196417,1.592162058628195,1.5987762813427777
0.05,0,17,False,2,False,1.0505588065819655,0.5187757087749761,5.030378858099563
0.05,0,17,False,3,False,0.9944593676707923,0.6416966570672415,3.84961436064515
0.05,0,17,False,4,False,0.923627859298674,0.6410938374754572,3.5787831284053597
0.05,0,17,False,5,False,1.003230843129935,0.8033596493615961,3.1020644776798245
0.05,0,17,False,6,False,0.9231619665538804,0.9774227401810549,2.346148104739565
0.05,0,17,False,7,False,0.9748020850131204,1.2418101362559324,1.9499398213674932
0.05,0,17,False,8,False,1.0020782021576728,1.505427835499437,1.653490228521766
0.05,0,17,False,9,False,1.029476444442791,1.3183160641677818,1.9397994384081305
0.05,0,18,False,0,True,1.1670802288332436,0.9408605154293644,3.1014822034627896
0.05,0,18,False,1,False,0.9837591262708102,1.4473711948016874,1.6994276260067611
0.05,0,18,False,2,False,1.0683625253323012,0.48098856895829595,5.553639887746856
0.05,0,18,False,3,False,1.0016810253275623,0.5765249156735368,4.344153783226674
0.05,0,18,False,4,False,0.9088887846135607,0.7260095019945055,3.13012920300389
0.05,0,18,False,5,False,0.9930078731152947,0.7372981277545559,3.367467287017357
0.05,0,18,False,6,False,0.8881439935934896,1.1606447332515668,1.91327722924144
0.05,0,18,False,7,False,0.9634817873903057,1.0803948274812725,2.2297431484714063
0.05,0,18,False,8,False,1.0277167188759768,1.6385165360489515,1.5682540499214788
0.05,0,18,False,9,False,0.9978780920246,1.2113910786062636,2.059619247795841
0.05,0,19,False,0,True,1.0640550788582672,0.6935272203037428,3.634742404649663
0.05,0,19,False,1,False,1.019029953139801,1.7979346798160039,1.3427219247199518
0.05,0,19,False,2,False,1.0539507174026232,0.42070741708141796,5.934896849792472
0.05,0,19,False,3,False,0.9978928338826619,0.7274451916019126,3.249800240004683
0.05,0,19,False,4,False,0.9345690281706428,0.700121151707135,3.1623594014602805
0.05,0,19,False,5,False,0.99788774103404,0.8591300670723321,2.7516665795832926
0.05,0,19,False,6,False,0.9211889165234178,0.9507656419104505,2.2953465535368975
0.05,0,19,False,7,False,0.9783857257638824,1.1648942880195083,1.989741381588482
0.05,0,19,False,8,False,1.0109081327999223,1.385045321983926,1.7291025281925323
0.05,0,19,False,9,False,1.0221317975299085,1.3004290205035716,1.8620583515109757
0.05,0,20,False,0,True,1.0594770665304192,0.7653451010565299,3.2672898495439076
0.05,0,20,False,1,False,1.0154535057916798,1.5876052125087055,1.5096314572985274
0.05,0,20,False,2,False,1.0607921670888727,0.37772667946628513,6.628359471084001
0.05,0,20,False,3,False,1.0019609356517674,0.788513615761184,2.999128007027391
0.05,0,20,False,4,False,0.9298420890227654,0.6899231685630212,3.180986902247231
0.05,0,20,False,5,False,1.0039316001776493,0.9176853925234387,2.5820444566032874
0.05,0,20,False,6,False,0.9178307399668149,0.9820454607198429,2.2058928663113035
0.05,0,20,False,7,False,0.9954087821573746,1.1106652325861075,2.1152986907422298
0.05,0,20,False,8,False,1.0070253010721706,1.2579348192293514,1.8894510864890113
0.05,0,20,False,9,False,1.0082772450228297,1.522555317585533,1.5630047413544996
0.05,0,21,False,0,True,1.0758384408715,0.7221858336326621,3.906870606636675
0.05,0,21,False,1,False,1.0233118886696613,1.469904821381423,1.825785443375143
0.05,0,21,False,2,False,1.0684861046975358,0.3947576127374787,7.098544343403179
0.05,0,21,False,3,False,0.9931961294655975,1.0124582192273002,2.5726982017751445
0.05,0,21,False,4,False,0.9286415347802359,0.747080569442981,3.25995494588551
0.05,0,21,False,5,False,0.9845656143738718,1.1140582470209972,2.3177559310543496
0.05,0,21,False,6,False,0.9181120649846773,1.0814102174576745,2.226569013602713
0.05,0,21,False,7,False,0.992026678141136,0.9601197534571352,2.709747857483792
0.05,0,21,False,8,False,0.9904123462491079,1.1216906417695545,2.315655147909712
0.05,0,21,False,9,False,1.0254084631207758,1.376334083872793,1.9539073539534293
0.05,0,22,False,0,True,1.0665965237991895,0.7220822989173399,3.8231908550967555
0.05,0,22,False,1,False,1.0215523957257358,1.4735813450559208,1.7943164776254354
0.05,0,22,False,2,False,1.0710840513750628,0.3913330699317825,7.0841788398489545
0.05,0,22,False,3,False,0.9942899364739385,0.9749544336362672,2.639618958054261
0.05,0,22,False,4,False,0.9320333485375736,0.73181517452125,3.2964201104143704
0.05,0,22,False,5,False,0.9886508443283339,1.0865411001124163,2.3550996960284047
0.05,0,22,False,6,False,0.9198983722698486,1.0438838724813058,2.2808681251545484
0.05,0,22,False,7,False,0.9923684710823464,0.9788221830184423,2.624107775637799
0.05,0,22,False,8,False,0.9902176582340821,1.1304932266036452,2.2671236935510346
0.05,0,22,False,9,False,1.0233088090067715,1.46649329572163,1.8060889871157062
0.05,0,23,False,0,True,1.2527752573599413,1.030185134397776,3.2341267236915985
0.05,0,23,False,1,False,0.967112409144687,1.280752367830606,2.0082183572578702
0.05,0,23,False,2,False,1.0567639094330283,0.49731287435679616,5.651287668749732
0.05,0,23,False,3,False,0.9812711009288094,0.6639391790045492,3.9306091066420596
0.05,0,23,False,4,False,0.8804062889032341,0.7555401368072014,3.099022575804984
0.05,0,23,False,5,False,0.99002682505297,0.7519999623445633,3.501291646023744
0.05,0,23,False,6,False,0.8575923268113973,1.1259325332777719,2.025665179836405
0.05,0,23,False,7,False,0.9495698890656198,1.09869079688394,2.298532200814176
0.05,0,23,False,8,False,1.0785820723128008,1.638911325220586,1.750237099950682
0.05,0,23,False,9,False,0.9858990382650479,1.1567356898762096,2.2667177830222327
0.05,0,24,False,0,True,1.0690904764330447,0.6648451414659202,3.7788766933218763
0.05,0,24,False,1,False,1.0169022625750934,1.8439248791705691,1.2959992464028034
0.05,0,24,False,2,False,1.0474189949907642,0.48425805120883075,5.0829092402513805
0.05,0,24,False,3,False,1.005534924531163,0.7086089998234224,3.334719083202135
0.05,0,24,False,4,False,0.9311697255012722,0.6914749991862801,3.164616765714603
0.05,0,24,False,5,False,1.0043644195250834,0.8478587298728081,2.783790717289964
0.05,0,24,False,6,False,0.9224914588439812,0.9734890652687553,2.2268965148814526
0.05,0,24,False,7,False,0.9783650716080127,1.1408620684272306,2.015285398293643
0.05,0,24,False,8,False,1.0043604559413166,1.3354888674921228,1.7673318024614757
0.05,0,24,False,9,False,1.0203014760532747,1.3091891980840609,1.8314491331836091
0.05,0,25,False,0,True,1.067556301214046,0.6896555884708452,3.982152770924012
0.05,0,25,False,1,False,1.0237516097952888,1.5586152765941232,1.6897212187139123
0.05,0,25,False,2,False,1.0491532396223922,0.5607989113795452,4.812726175620514
0.05,0,25,False,3,False,1.0008284113070374,0.6783240967984909,3.795611632936596
0.05,0,25,False,4,False,0.9250403411029564,0.6583195179286553,3.614792147629908
0.05,0,25,False,5,False,1.0035533109420969,0.82539760959858,3.1277831091908106
0.05,0,25,False,6,False,0.9309121152915962,0.9611668014750271,2.491548291901926
0.05,0,25,False,7,False,0.9831717003985239,1.205528726053026,2.0980275876738057
0.05,0,25,False,8,False,0.9937382588325265,1.597384711358643,1.6003754318400243
0.05,0,25,False,9,False,1.022293995432245,1.2648087603430636,2.0792673482342403
0.05,0,26,False,0,True,1.0774329140112575,0.7175195786748111,3.82569851564356
0.05,0,26,False,1,False,1.0106143099744087,1.4664323858845705,1.7558105734099598
0.05,0,26,False,2,False,1.0747219502742538,0.4171025617728012,6.5645887144441835
0.05,0,26,False,3,False,0.9991011979046911,1.0135663511405162,2.5113749350853602
0.05,0,26,False,4,False,0.9319422772963053,0.7233395301673146,3.2824723315520985
0.05,0,26,False,5,False,0.9886016122136051,1.0887247797931578,2.313435878091901
0.05,0,26,False,6,False,0.9233114441328892,1.0423767689593042,2.256720399069717
0.05,0,26,False,7,False,0.9850024511469777,0.9595493660314804,2.6153164673122236
0.05,0,26,False,8,False,0.9896466636684101,1.2211491240619927,2.064741669521149
0.05,0,26,False,9,False,1.0196244081215151,1.350239553514052,1.9239051502523792
0.05,0,27,False,0,True,1.1944611888281471,0.973760131160138,3.107653862191852
0.05,0,27,False,1,False,0.9756144414732205,1.4029332814288313,1.7617885721663298
0.05,0,27,False,2,False,1.074709772687282,0.47788874097931905,5.697403600349191
0.05,0,27,False,3,False,0.9996470164629968,0.5856312355074093,4.324491303007386
0.05,0,27,False,4,False,0.9062789116625197,0.7432763073415097,3.089044546992918
0.05,0,27,False,5,False,0.989438589430275,0.7487203677843293,3.347971737241442
0.05,0,27,False,6,False,0.8839961025622752,1.1597562143454936,1.931062046785824
0.05,0,27,False,7,False,0.9565643707280407,1.078922012473033,2.2461395405217175
0.05,0,27,False,8,False,1.0350537930616501,1.653874226545424,1.5855247588935222
0.05,0,27,False,9,False,0.9842359653829441,1.1752374824345129,2.1217107795353405
0.05,0,28,False,0,True,1.0744660733126672,0.7185674857569725,3.416075376864803
0.05,0,28,False,1,False,1.0204974829056161,1.8678495371142265,1.2481660014462264
0.05,0,28,False,2,False,1.051579689482324,0.4026628994561182,5.966269584905151
0.05,0,28,False,3,False,0.9924873795493142,0.786138987702647,2.8842171694233287
0.05,0,28,False,4,False,0.9342940239223507,0.7047579650746666,3.0286276159061303
0.05,0,28,False,5,False,0.9950851855768702,0.851459718639597,2.6699212613205012
0.05,0,28,False,6,False,0.9181626353389886,0.9323111605907815,2.2498886872813353
0.05,0,28,False,7,False,0.9795299791474454,1.109260136179042,2.017374962408942
0.05,0,28,False,8,False,1.0099118661596282,1.3242850230491285,1.7422252658950108
0.05,0,28,False,9,False,1.0239856101818874,1.30270708643682,1.7957644842209346
0.05,0,29,False,0,True,1.0683188290732755,0.7107871523613889,3.5392018639070217
0.05,0,29,False,1,False,1.0126939210374823,1.7699737234830393,1.3472723732911065
0.05,0,29,False,2,False,1.0495423525826975,0.4752312513899195,5.2004269062137025
0.05,0,29,False,3,False,1.0011721131948113,0.675798860881145,3.4884725435341566
0.05,0,29,False,4,False,0.9297107410039419,0.6853787753280682,3.1941934708471673
0.05,0,29,False,5,False,1.0112519368509167,0.8788173407207244,2.7095974130674696
0.05,0,29,False,6,False,0.9242118735802712,0.9509201049773591,2.2886086466823174
0.05,0,29,False,7,False,0.9768499809530695,1.1757308061759306,1.9564285648602995
0.05,0,29,False,8,False,1.0070917111708444,1.3678438439579939,1.7337102694452093
0.05,0,29,False,9,False,1.0191572693428375,1.3095181407244312,1.8326254263855621
0.05,0,30,True,0,True,1.0830566447024002,0.7344639736393189,3.344105863045248
0.05,0,30,True,1,False,1.0060894407768475,1.713758866483939,1.3313315385555158
0.05,0,30,True,2,False,1.0516379683568688,0.4223259819762847,5.647000173002741
0.05,0,30,True,3,False,0.9988689858111947,0.7252650381491519,3.123281511400444
0.05,0,30,True,4,False,0.93889710742426,0.7048676042257994,3.0207152934223487
0.05,0,30,True,5,False,1.00842591666376,0.9011909012201356,2.5376197422572404
0.05,0,30,True,6,False,0.9254457057969503,1.0240655080423895,2.0493802658226836
0.05,0,30,True,7,False,0.9712801849094979,1.1443788364474314,1.9247487900038733
0.05,0,30,True,8,False,1.0101251790772465,1.3508834628995916,1.6957298129086358
0.05,0,30,True,9,False,1.006172548668768,1.2787998269159577,1.7843056044689725
0.05,0,31,False,0,True,1.0846493940862667,0.8252212075650455,3.1315144803285344
0.05,0,31,False,1,False,1.0188994131261286,1.5156565407941505,1.601643814379187
0.05,0,31,False,2,False,1.0552219729248382,0.3957031867811835,6.353451292849431
0.05,0,31,False,3,False,0.9960414613309166,0.7460723944775436,3.1807671145857324
0.05,0,31,False,4,False,0.9151393351439525,0.6536527989332469,3.3356119763782672
0.05,0,31,False,5,False,1.0013619476169582,0.9005131917903255,2.649332282147164
0.05,0,31,False,6,False,0.9242340956607278,0.9185413672630325,2.397279616932903
0.05,0,31,False,7,False,0.9612338053625811,1.1794736978101061,1.9416734944159162
0.05,0,31,False,8,False,1.0152057595662163,1.561124520256761,1.5493586266076889
0.05,0,31,False,9,False,1.0280127355167195,1.3040410943286052,1.878203494041322
0.05,0,32,False,0,True,1.0789150327327688,0.7730610301828735,3.3130928341736676
0.05,0,32,False,1,False,1.0181489725805892,1.6039376887069543,1.5068984182340375
0.05,0,32,False,2,False,1.0599711537379624,0.3958133375171782,6.357169106128107
0.05,0,32,False,3,False,0.9929920407555446,0.6899961957090509,3.416325268980909
0.05,0,32,False,4,False,0.9211710023957416,0.6990984930681419,3.1279660764192867
0.05,0,32,False,5,False,1.0095777611745969,0.8980897658758873,2.6685796510659805
0.05,0,32,False,6,False,0.9085054680146422,0.972287021918496,2.2181616821396797
0.05,0,32,False,7,False,0.9771073076202094,1.143378995151689,2.0286736756355204
0.05,0,32,False,8,False,1.012085715788158,1.356606173083273,1.7710207456963858
0.05,0,32,False,9,False,1.021526004462039,1.4677312987864564,1.6522015044508207
0.05,0,33,True,0,True,1.0668024120855697,0.6874470376640305,3.553515423430587
0.05,0,33,True,1,False,1.0113024449412835,1.7982115866910815,1.2878157319912982
0.05,0,33,True,2,False,1.0507860451783526,0.48822671739489937,4.9284030245301995
0.05,0,33,True,3,False,1.0003396677668304,0.7224911868178717,3.1705046730053312
0.05,0,33,True,4,False,0.9461154387888526,0.6687111048164255,3.2398063683009384
0.05,0,33,True,5,False,1.008518121592807,0.8872476183506022,2.6028690817099216
0.05,0,33,True,6,False,0.9336101890171761,0.9504998201587967,2.249194456091285
0.05,0,33,True,7,False,0.968757549274841,1.1131911751949448,1.9927774754924408
0.05,0,33,True,8,False,1.0018842037663758,1.3572038560748994,1.6903860697391424
0.05,0,33,True,9,False,1.0118841656727946,1.3267698968364492,1.746419819475048
0.05,0,34,False,0,True,1.080964649765969,0.7053169187046381,3.910031667923181
0.05,0,34,False,1,False,1.013821162606788,1.5218869881559967,1.6995425154113342
0.05,0,34,False,2,False,1.0503982319038074,0.5299035435130787,5.057201325155459
0.05,0,34,False,3,False,1.00281300214564,0.6670924452292519,3.835191186185844
0.05,0,34,False,4,False,0.9250343118505496,0.6734845850058779,3.504154667584285
0.05,0,34,False,5,False,1.013889961282875,0.8398060674181261,3.0801005887279325
0.05,0,34,False,6,False,0.9225678346383613,1.0571893490709778,2.2263765267826927
0.05,0,34,False,7,False,0.9824214915150905,1.1944016158151607,2.098459331942461
0.05,0,34,False,8,False,0.9959895732777008,1.570847739491715,1.6176098592167563
0.05,0,34,False,9,False,1.0120994831834518,1.240070747595177,2.08223539642685
0.05,0,35,False,0,True,1.0755021954144584,0.7325602906429426,3.7005608974306234
0.05,0,35,False,1,False,1.0232103504384324,1.5779911906484425,1.6344061131061522
0.05,0,35,False,2,False,1.043587236679191,0.4909965718953236,5.3573488480613
0.05,0,35,False,3,False,0.9938875309364985,0.584403163473994,4.286712048597332
0.05,0,35,False,4,False,0.9239795756751169,0.6680052793449417,3.486439266962122
0.05,0,35,False,5,False,1.0147526526235022,0.8567333607427935,2.9854798514860232
0.05,0,35,False,6,False,0.9155408533171164,0.9953965636081671,2.3183618349192665
0.05,0,35,False,7,False,0.9809702946873159,1.2337870265470632,2.0040810657727963
0.05,0,35,False,8,False,0.9968894023144242,1.6116939011151583,1.5590643622644453
0.05,0,35,False,9,False,1.0316803669975791,1.2484326519811741,2.082953979492338
0.05,0,36,False,0,True,1.1452371284450042,0.8134678448118081,3.3867851874695116
0.05,0,36,False,1,False,0.9794603713744757,1.394592250002194,1.6895546531853036
0.05,0,36,False,2,False,1.066349732689525,0.45722992579378463,5.610449272485981
0.05,0,36,False,3,False,1.0142910059707624,0.674805812628071,3.615899760634386
0.05,0,36,False,4,False,0.9083925455027978,0.869893079044372,2.5121195826309126
0.05,0,36,False,5,False,0.9962070139342795,0.7980837436079912,3.002850793492409
0.05,0,36,False,6,False,0.9117009873748433,1.0102920722724686,2.170891423743135
0.05,0,36,False,7,False,0.9516158193785793,1.0550116847543052,2.169886441939749
0.05,0,36,False,8,False,1.0281073143010402,1.6937033938294488,1.460271852419167
0.05,0,36,False,9,False,0.9986379872519958,1.2329201932555558,1.9485239103955068
0.05,0,37,False,0,True,1.0906113619835636,0.7374061799189388,3.55076085814201
0.05,0,37,False,1,False,1.0023237250979475,1.6317035398295796,1.4747721695961449
0.05,0,37,False,2,False,1.0649695136235777,0.43303775478656154,5.9043159887497145
0.05,0,37,False,3,False,1.0129632238320565,0.6967852440821922,3.4902208793509746
0.05,0,37,False,4,False,0.9191315832241506,0.7906519159165367,2.7909402618379366
0.05,0,37,False,5,False,1.0022556099154056,0.8102042628589792,2.9699022186380257
0.05,0,37,False,6,False,0.9162116763185082,0.951117406372222,2.312703040172241
0.05,0,37,False,7,False,0.9626905852756469,1.0779589298808494,2.144088408369191
0.05,0,37,False,8,False,1.011451778084601,1.5580396295547214,1.5585647912631388
0.05,0,37,False,9,False,1.0173918704336347,1.3130951367994197,1.8601597762422974
0.05,0,38,False,0,True,1.084262294483183,0.722393467743057,3.786385656771078
0.05,0,38,False,1,False,1.0255528680316879,1.591309428486067,1.6258022442209825
0.05,0,38,False,2,False,1.0464060020475776,0.5431110005474953,4.860443777434769
0.05,0,38,False,3,False,1.0001942718048984,0.687693105929298,3.6690530703348445
0.05,0,38,False,4,False,0.9285615470275501,0.6458580570943699,3.626919482779939
0.05,0,38,False,5,False,1.0039638144603056,0.8248717725422655,3.070406798637694
0.05,0,38,False,6,False,0.9283298362379239,1.0084661695635977,2.322230240354241
0.05,0,38,False,7,False,0.9720279039145198,1.1586122999669943,2.1164348239941115
0.05,0,38,False,8,False,0.9938029348815824,1.5681056905408666,1.598781982433277
0.05,0,38,False,9,False,1.0168976900602995,1.2495790075859883,2.0529474908756846
0.05,0,39,False,0,True,1.0515253913024132,0.7506696306907726,3.3603879539631767
0.05,0,39,False,1,False,1.023300261992104,1.51113905704258,1.624490426040593
0.05,0,39,False,2,False,1.0494387780855967,0.41968810882647756,5.998586764118084
0.05,0,39,False,3,False,0.993910286075338,0.7254924671230667,3.2864935108321087
0.05,0,39,False,4,False,0.942186389533272,0.6600419903969754,3.4243942758162107
0.05,0,39,False,5,False,1.0028188046745525,0.8710346101272733,2.761884792484574
0.05,0,39,False,6,False,0.9308648554684333,1.238967383590765,1.8023754440009492
0.05,0,39,False,7,False,0.9840036410537896,1.1472273060915177,2.057622647421401
0.05,0,39,False,8,False,0.9943760128175507,1.3791133211005786,1.7296936351026322
0.05,0,39,False,9,False,1.0275756546756536,1.2966261250099924,1.9011550613304733
0.05,0,40,False,0,True,1.0824809485688107,0.8014688222791646,3.18549311063248
0.05,0,40,False,1,False,1.0212086648294167,1.5634484833653417,1.5405434675219067
0.05,0,40,False,2,False,1.0490549655732118,0.4002492440004776,6.181740423272361
0.05,0,40,False,3,False,0.9867174075097392,0.7763797448173086,2.9975168617379335
0.05,0,40,False,4,False,0.9225112702764613,0.7013941535108651,3.102077047341772
0.05,0,40,False,5,False,0.992983185306409,0.824445498819282,2.8406843874424332
0.05,0,40,False,6,False,0.9090723462405255,1.006959964660264,2.129262885371475
0.05,0,40,False,7,False,0.9857987038493298,1.075923226814013,2.160976285248262
0.05,0,40,False,8,False,1.0171531757895491,1.3479531416637687,1.7797319840715415
0.05,0,40,False,9,False,1.0330189384725952,1.5017777200695144,1.6223541639688182
0.05,0,41,False,0,True,1.083198352415118,0.8491846753715522,2.9988802233069296
0.05,0,41,False,1,False,1.013401705126055,1.5493490301579491,1.5377496740541532
0.05,0,41,False,2,False,1.0555031993979225,0.40872353764027264,6.071320827939804
0.05,0,41,False,3,False,1.0023406812498359,0.6765859907595625,3.482937117150781
0.05,0,41,False,4,False,0.9157597375118318,0.6558981958959,3.282452019195751
0.05,0,41,False,5,False,1.0036038623154069,0.8403623574245181,2.8076890670248513
0.05,0,41,False,6,False,0.924813555653405,1.05419240920505,2.062469713074103
0.05,0,41,False,7,False,0.9626833474328853,1.1427411015997047,1.9805640367521435
0.05,0,41,False,8,False,1.0134222938140482,1.5087936106401447,1.5791154955835125
0.05,0,41,False,9,False,1.0252735712349852,1.314169091305345,1.8341793160144104
0.05,0,42,False,0,True,1.0665300165932232,0.7349509379535716,3.3951151992847044
0.05,0,42,False,1,False,1.013816689606058,1.5652726592265163,1.5153369648761086
0.05,0,42,False,2,False,1.062973730740859,0.35583610342265093,6.988955940598211
0.05,0,42,False,3,False,1.0003536985474892,0.7906659579192554,2.9600586900111754
0.05,0,42,False,4,False,0.9266444516771263,0.7455687717120885,2.9078044781684453
0.05,0,42,False,5,False,1.0076566382925611,0.9031373471094524,2.6103488388868263
0.05,0,42,False,6,False,0.91033767328253,0.99071293003143,2.1497822132141016
0.05,0,42,False,7,False,0.9929912422199073,1.1016710308765376,2.1087896879977603
0.05,0,42,False,8,False,1.0067144907914243,1.3303602795417047,1.770422134971736
0.05,0,42,False,9,False,1.011980943130375,1.4818239822067925,1.5977745364697162
0.05,0,43,False,0,True,1.1267177441381455,0.881823596618118,3.127988986031998
0.05,0,43,False,1,False,1.0071601833378796,1.5235161294096893,1.6183903827540127
0.05,0,43,False,2,False,1.051604363719734,0.42316581775524564,6.083781354760181
0.05,0,43,False,3,False,1.0028166643920393,0.6763396394621791,3.6298484890054175
0.05,0,43,False,4,False,0.90032667260691,0.6817884933681253,3.232825375869908
0.05,0,43,False,5,False,0.9999865444577233,0.8039588620112867,3.045033863363381
0.05,0,43,False,6,False,0.906321204064832,0.9927093644908562,2.2350735507133566
0.05,0,43,False,7,False,0.9541353861714421,1.065495186516844,2.1922511573377017
0.05,0,43,False,8,False,1.030877236699939,1.6461264918694083,1.5331178594105745
0.05,0,43,False,9,False,1.0200542625323086,1.3050764184982468,1.913458862494956
0.05,0,44,False,0,True,1.1073713924753117,0.8350768534394913,3.2648660886704755
0.05,0,44,False,1,False,1.0019134731829102,1.5554033946032502,1.58593613184892
0.05,0,44,False,2,False,1.0611500485054375,0.48338958959144235,5.404780044913407
0.05,0,44,False,3,False,1.005314374745911,0.5791926901592532,4.273437332128404
0.05,0,44,False,4,False,0.9286509752353392,0.7134306198685811,3.20478790890804
0.05,0,44,False,5,False,1.0065175820559278,0.7552903723535792,3.2809977766805636
0.05,0,44,False,6,False,0.9094298442161658,1.074904898411822,2.083040334266102
0.05,0,44,False,7,False,0.9703619229806788,1.1474985329496095,2.081997131193441
0.05,0,44,False,8,False,1.0073434292519694,1.6041787515972805,1.5460492259909289
0.05,0,44,False,9,False,1.0019464554463398,1.2516342970256902,1.9709044832457696
0.05,0,45,False,0,True,1.0714718638427279,0.7531894490354425,3.3187726422825836
0.05,0,45,False,1,False,1.0136785389191918,1.5924413785701215,1.4850386463816359
0.05,0,45,False,2,False,1.0555008393314569,0.3583855216560964,6.870828120167072
0.05,0,45,False,3,False,1.0043054849037103,0.8056875446907136,2.9080384369561534
0.05,0,45,False,4,False,0.9263018031311273,0.7274360329883361,2.9706990513669127
0.05,0,45,False,5,False,1.007605716745184,0.9235541186668941,2.545242879867661
0.05,0,45,False,6,False,0.9145520769038538,0.9636518469492551,2.2140592563799535
0.05,0,45,False,7,False,0.9884331074976703,1.1046226025851393,2.0875376452331307
0.05,0,45,False,8,False,1.0072823503707493,1.3015223183153146,1.805512761347152
0.05,0,45,False,9,False,1.0108683014605673,1.4695091865426861,1.6048085543932242
0.05,0,46,False,0,True,1.0642073484030738,0.693160336239358,3.5577728922820246
0.05,0,46,False,1,False,1.0125434997780276,1.792739259830251,1.308826961223757
0.05,0,46,False,2,False,1.0524202566316885,0.4177541635608706,5.837865483453625
0.05,0,46,False,3,False,1.0032524726707936,0.7220712269362481,3.219703437549029
0.05,0,46,False,4,False,0.9329236971843888,0.724336077284708,2.9846381094111303
0.05,0,46,False,5,False,1.0004016536177551,0.8731158056792073,2.6551448749107744
0.05,0,46,False,6,False,0.9251781891977325,0.9506368204237926,2.2552590091385682
0.05,0,46,False,7,False,0.9777595829580837,1.1577141300628386,1.9571153322305375
0.05,0,46,False,8,False,1.0093664672297398,1.3767855573517298,1.6989016698224069
0.05,0,46,False,9,False,1.0219476499063984,1.2916866226309958,1.8333997151028683
0.05,0,47,False,0,True,1.0735898274554183,0.7647054004833008,3.276709360018801
0.05,0,47,False,1,False,1.0096683145449556,1.5770221685383854,1.4942890715974408
0.05,0,47,False,2,False,1.0571085779292184,0.3568389755434232,6.914185137708581
0.05,0,47,False,3,False,1.0020207516567994,0.7607341963667508,3.074237868884653
0.05,0,47,False,4,False,0.9232860117152125,0.7525026889260743,2.863662885439581
0.05,0,47,False,5,False,1.0108069966336977,0.8964848407680929,2.6315945624567196
0.05,0,47,False,6,False,0.9126114735149732,0.9706377800299253,2.1944334992023538
0.05,0,47,False,7,False,0.9887288644110747,1.1428316199931483,2.0192433258948754
0.05,0,47,False,8,False,1.0147467922612703,1.327763671904399,1.783736077277119
0.05,0,47,False,9,False,1.0074314854436321,1.4504786574465,1.6210554405593887
0.05,0,48,False,0,True,1.085636286567219,0.8044000428789535,3.3459078061391154
0.05,0,48,False,1,False,1.0202350828361197,1.5926553654214906,1.5881084220041486
0.05,0,48,False,2,False,1.0431910038911545,0.4706213686677093,5.495331489158957
0.05,0,48,False,3,False,0.9988273809835769,0.5545718670312058,4.465132071720926
0.05,0,48,False,4,False,0.9210738544313437,0.6696057186125325,3.4101776597400777
0.05,0,48,False,5,False,1.0222143290597496,0.8104310215300392,3.1269980636210346
0.05,0,48,False,6,False,0.9068509950387424,1.025075609443408,2.1932176799278897
0.05,0,48,False,7,False,0.9755446162993964,1.195121242869136,2.0236568667154082
0.05,0,48,False,8,False,1.0016334240649978,1.6428296075561415,1.5115342468987254
0.05,0,48,False,9,False,1.0247927091954072,1.2346881559893845,2.0576923797488798
0.05,0,49,False,0,True,1.0835895788835423,0.7643173509000107,3.254220842006324
0.05,0,49,False,1,False,1.0031366375686943,1.5901055344416126,1.4480716947422332
0.05,0,49,False,2,False,1.0617307332551433,0.3957101341754959,6.158757970097991
0.05,0,49,False,3,False,1.0041146514204364,0.6627629915384018,3.47761079873745
0.05,0,49,False,4,False,0.9214157108567619,0.8352659145332689,2.5321345273750864
0.05,0,49,False,5,False,0.9985122155314329,0.7880320420818878,2.90847561440321
0.05,0,49,False,6,False,0.9154885772494918,1.0196099977634825,2.0609846910064795
0.05,0,49,False,7,False,0.9770643229540483,1.103670444230708,2.0320746788879376
0.05,0,49,False,8,False,1.0209275600830803,1.3365604927389765,1.7533242089699088
0.05,0,49,False,9,False,1.0140195321120282,1.503965097596156,1.5476205363150706
0.05,0,50,False,0,True,1.0708240598460212,0.70810955098279,3.553417772890601
0.05,0,50,False,1,False,1.0085463454266068,1.784036649332338,1.3283749890343248
0.05,0,50,False,2,False,1.0555870234097389,0.4104996542737367,6.042405246867171
0.05,0,50,False,3,False,1.0013522484962059,0.7202130796471863,3.267040173880831
0.05,0,50,False,4,False,0.9320786702734282,0.6985157994851169,3.135486518214325
0.05,0,50,False,5,False,1.002541073085726,0.8936447658438449,2.6361241516125307
0.05,0,50,False,6,False,0.9192651450611458,0.9430621673705704,2.290493548075009
0.05,0,50,False,7,False,0.9819210239796053,1.1938076557660522,1.932728278305535
0.05,0,50,False,8,False,1.011917241616899,1.381590273689499,1.7210533395734504
0.05,0,50,False,9,False,1.0159663075455625,1.2665204036088662,1.8849321277693312
0.05,0,51,False,0,True,1.0331321857599236,0.6743811754209278,3.8091093860438034
0.05,0,51,False,1,False,1.0262918570384771,1.482346529590383,1.7214488938173762
0.05,0,51,False,2,False,1.0606845768912405,0.436493955147376,6.04200405051318
0.05,0,51,False,3,False,0.9923426382917465,0.8494289211613135,2.9047422414712867
0.05,0,51,False,4,False,0.9469634109495142,0.7215201198448428,3.2633055885335756
0.05,0,51,False,5,False,0.9914188938668961,0.9686018063702146,2.544983132929787
0.05,0,51,False,6,False,0.9328161525128242,1.2448285842117586,1.863200093415862
0.05,0,51,False,7,False,1.0045342736215184,1.1172201243954873,2.2356252229960667
0.05,0,51,False,8,False,0.9858621154308087,1.2136216820529733,2.0197882574320207
0.05,0,51,False,9,False,1.025954314113278,1.2915571018047236,1.9750923280658146
0.05,0,52,False,0,True,1.1123513890827152,0.8552575033729385,3.2302223252265776
0.05,0,52,False,1,False,0.9970220002992444,1.5140503844915931,1.6355044105965368
0.05,0,52,False,2,False,1.059524831704207,0.4581762670282272,5.743357577351335
0.05,0,52,False,3,False,1.0072158606241866,0.6191476189594649,4.040318990579628
0.05,0,52,False,4,False,0.9195329482160562,0.7045671597656735,3.241396841234319
0.05,0,52,False,5,False,1.007223666365404,0.7735430209999317,3.2339161514400327
0.05,0,52,False,6,False,0.9127925812484649,1.1207939233110022,2.022710085752058
0.05,0,52,False,7,False,0.9650318842643479,1.0993918512367924,2.1801002002356684
0.05,0,52,False,8,False,1.0111513402640047,1.6003009668650225,1.5692849153700077
0.05,0,52,False,9,False,1.0081544462924517,1.2547713039693544,1.9954911119269447
0.05,0,53,False,0,True,1.0682773287631624,0.6842954369650436,3.704720695991485
0.05,0,53,False,1,False,1.014404702081153,1.776825964280952,1.3548195833050647
0.05,0,53,False,2,False,1.053118362925954,0.4029660248513708,6.201887129536884
0.05,0,53,False,3,False,0.999632967864788,0.6998311776571775,3.3897087773703
0.05,0,53,False,4,False,0.9333817971362666,0.7069784634570753,3.1330566424796027
0.05,0,53,False,5,False,0.9998722195501545,0.8505060163035311,2.7898587512008004
0.05,0,53,False,6,False,0.9208808591694106,0.9747965578320773,2.24183973721058
0.05,0,53,False,7,False,0.9797034820247396,1.1885167855803032,1.9561602771019673
0.05,0,53,False,8,False,1.009699194496882,1.4321096684653336,1.6731344318821177
0.05,0,53,False,9,False,1.02102901117458,1.2831739046071364,1.888285537819214
0.05,0,54,True,0,True,1.0968155744166892,0.8236081820664717,3.2203921717623483
0.05,0,54,True,1,False,1.0189940152985686,1.6913595352879187,1.4569059039055416
0.05,0,54,True,2,False,1.0475667178695975,0.48297429500609235,5.245096476499248
0.05,0,54,True,3,False,0.9916240060286321,0.6025089973428174,3.9799654440878
0.05,0,54,True,4,False,0.9256075014697799,0.6657644027693123,3.362034000599947
0.05,0,54,True,5,False,1.010731845302585,0.866709792709776,2.820058073119054
0.05,0,54,True,6,False,0.9121811352379658,0.9551290768675544,2.3094832989312524
0.05,0,54,True,7,False,0.9655157862150017,1.1261991250034655,2.073194267699384
0.05,0,54,True,8,False,1.0054671773607493,1.5126747295864156,1.607378490030686
0.05,0,54,True,9,False,1.025495828693351,1.2730718633601763,1.9479454216619991
0.05,0,55,False,0,True,1.2808185845211046,1.099664292794498,2.9684840433070323
0.05,0,55,False,1,False,0.9493290146888133,1.2209264036992136,1.981684398559858
0.05,0,55,False,2,False,1.0864349422345772,0.4870849150477272,5.684683198135833
0.05,0,55,False,3,False,0.9919130242371664,0.6197650806531296,4.07900005469276
0.05,0,55,False,4,False,0.8830160755013859,0.9043174908605914,2.4885988769951544
0.05,0,55,False,5,False,0.9674313484987315,0.7035284099452832,3.5046587570803833
0.05,0,55,False,6,False,0.870367460123544,1.174272795800759,1.8890387545017353
0.05,0,55,False,7,False,0.9270106213461742,1.0031130160825361,2.355277406324387
0.05,0,55,False,8,False,1.0723763146959153,1.7133851364881134,1.595142329064527
0.05,0,55,False,9,False,0.9713025267966517,1.073942458628149,2.3050520014461893
0.05,0,56,True,0,True,1.194191448234377,0.9517138857857578,3.012919032535724
0.05,0,56,True,1,False,0.9744582904547853,1.4608164661484728,1.6017233587877795
0.05,0,56,True,2,False,1.066596247858739,0.47798268689787865,5.35806274675266
0.05,0,56,True,3,False,0.9933980967724002,0.6107444513483774,3.905563500705629
0.05,0,56,True,4,False,0.9155424654608546,0.7426404084766681,2.9601916310578407
0.05,0,56,True,5,False,0.9891142548491588,0.777244995146538,3.0556839742819877
0.05,0,56,True,6,False,0.8969241432656115,1.1581649719192195,1.8595386031025967
0.05,0,56,True,7,False,0.950762694883251,1.0541675441703027,2.165620739333336
0.05,0,56,True,8,False,1.0332976439829316,1.558044261159353,1.592449093736166
0.05,0,56,True,9,False,0.9857143142825261,1.2084803289474326,1.9585352282088233
0.05,0,57,False,0,True,1.291686646543938,1.0685950602498338,3.0766717466928313
0.05,0,57,False,1,False,0.9479491916118062,1.2607093701821404,1.913847087622491
0.05,0,57,False,2,False,1.0781198401403906,0.4949935820333731,5.543762622332745
0.05,0,57,False,3,False,0.9868171847449916,0.629776968460095,3.9882932691932598
0.05,0,57,False,4,False,0.871849689206199,0.8806619075562218,2.5198202470641986
0.05,0,57,False,5,False,0.9692362654913222,0.7107206261570403,3.471106124597929
0.05,0,57,False,6,False,0.8668201224197002,1.1482609935060928,1.92143425171921
0.05,0,57,False,7,False,0.9304136587460127,1.0173107258071539,2.3278747503624824
0.05,0,57,False,8,False,1.08065358457659,1.6981335609113937,1.619764248435473
0.05,0,57,False,9,False,0.976453730722475,1.0908372051366553,2.2783942863543287
0.05,0,58,False,0,True,1.1823119898980565,0.9220522843288678,3.081072230754191
0.05,0,58,False,1,False,0.9812360918619811,1.4478974797393005,1.6283997835053245
0.05,0,58,False,2,False,1.0686469760900141,0.4790224363691337,5.36048074013514
0.05,0,58,False,3,False,1.0064446292360918,0.6115359023970132,3.9545153148053864
0.05,0,58,False,4,False,0.8977499358362335,0.82546786176294,2.613247523160648
0.05,0,58,False,5,False,0.9824285318303613,0.7186702663234859,3.2847069077297077
0.05,0,58,False,6,False,0.9008971429158069,1.0524070475806708,2.05691713449896
0.05,0,58,False,7,False,0.9461347952405884,1.0032640099070127,2.2660167484326252
0.05,0,58,False,8,False,1.0348066976705985,1.5023427709782766,1.6550668247077074
0.05,0,58,False,9,False,0.9993430451610253,1.4373399406132998,1.6706306104440465
0.05,0,59,False,0,True,1.074488425582936,0.7213550400013079,3.627839814667131
0.05,0,59,False,1,False,1.0327317876359445,1.7100438502909656,1.4708748746780862
0.05,0,59,False,2,False,1.039740731362645,0.5319577750062326,4.760398705053108
0.05,0,59,False,3,False,0.9986426930253824,0.6513948083879328,3.7338878321247173
0.05,0,59,False,4,False,0.9242557476305019,0.6560063263158596,3.431464924658214
0.05,0,59,False,5,False,1.0040393049946565,0.8081318162234032,3.0259652808717514
0.05,0,59,False,6,False,0.9250132544779552,1.0121811401588032,2.2257949181721766
0.05,0,59,False,7,False,0.9688916683479132,1.0899237517704894,2.1650829307409136
0.05,0,59,False,8,False,0.9970688041729017,1.463364825605305,1.6594644313879938
0.05,0,59,False,9,False,1.0351279611442121,1.3556406662397014,1.859708531485797
0.05,0,60,False,0,True,1.0761166490658987,0.7066979605928926,3.7667462755492993
0.05,0,60,False,1,False,1.0222537187655312,1.5776675631295318,1.6028174335403549
0.05,0,60,False,2,False,1.050692723682912,0.543793182630104,4.779503906787185
0.05,0,60,False,3,False,0.9955932827904673,0.6440196569302516,3.8240511219021127
0.05,0,60,False,4,False,0.9266105589243576,0.665749281248639,3.4429236621929746
0.05,0,60,False,5,False,1.0048783774120784,0.7912408801538723,3.141562027437602
0.05,0,60,False,6,False,0.9319152403346963,0.9756673360147641,2.3627376588930424
0.05,0,60,False,7,False,0.9760614533723446,1.233038582073661,1.9581292322539132
0.05,0,60,False,8,False,0.9966855990653372,1.5809576117211102,1.559476419663632
0.05,0,60,False,9,False,1.0191922488462977,1.2811679455051737,1.9678450689339868
0.05,0,61,True,0,True,1.0616697686316683,0.7842442422205588,3.0708107347300566
0.05,0,61,True,1,False,1.0174357357161798,1.6197686316758857,1.4248493261757873
0.05,0,61,True,2,False,1.0658119083075217,0.40711564594155814,5.938513023774755
0.05,0,61,True,3,False,0.9918277943499744,0.8408487350221157,2.6756748559075536
0.05,0,61,True,4,False,0.9350798241792085,0.6514032944682768,3.2562195089292216
0.05,0,61,True,5,False,0.9994827160045203,0.9983078056394431,2.27104510397983
0.05,0,61,True,6,False,0.9187255187321388,0.9544827215570231,2.183396685561891
0.05,0,61,True,7,False,0.9856547460784099,1.0678270831170478,2.0938174936074088
0.05,0,61,True,8,False,1.0091224934977465,1.2490815131536896,1.8326015274041114
0.05,0,61,True,9,False,1.0151897643430052,1.426920327204402,1.6138473138122673
0.05,0,62,False,0,True,1.144694481152651,0.860874492641769,3.3536453506150656
0.05,0,62,False,1,False,0.9932904043440737,1.4873709464029212,1.6843189350608527
0.05,0,62,False,2,False,1.0595824699874814,0.47876147983168926,5.581911529258011
0.05,0,62,False,3,False,1.0035870428323783,0.5829539302662012,4.341983770818473
0.05,0,62,False,4,False,0.9001561679405015,0.7909529036197308,2.870348451026787
0.05,0,62,False,5,False,1.0187596577330051,0.8110516772799106,3.168039566689807
0.05,0,62,False,6,False,0.8949926961505118,1.0012390844742276,2.2544939886259283
0.05,0,62,False,7,False,0.9571280477169788,1.104987926628156,2.1846400700248254
0.05,0,62,False,8,False,1.0203376180649297,1.626869462818069,1.5818255142156075
0.05,0,62,False,9,False,1.0074714140774887,1.2549380960373253,2.024779867428835
0.05,0,63,True,0,True,1.0947737240660784,0.7581547849392876,3.253970024430743
0.05,0,63,True,1,False,1.0048717276947214,1.7359692507801512,1.3044146329655584
0.05,0,63,True,2,False,1.0536100071292633,0.4283881253154101,5.542293565675343
0.05,0,63,True,3,False,0.9930311893886168,0.6937128940684045,3.225746132481736
0.05,0,63,True,4,False,0.9428190295198453,0.6793398099182937,3.1274353237685553
0.05,0,63,True,5,False,0.9950294370707955,0.8421107597217842,2.662648115459548
0.05,0,63,True,6,False,0.9266444117516021,1.1154119863985879,1.8720819965122404
0.05,0,63,True,7,False,0.9668944432746368,1.1017955406246667,1.9775392723198004
0.05,0,63,True,8,False,1.0098993525288347,1.3574329978643649,1.676512340082874
0.05,0,63,True,9,False,1.0124267547906327,1.2876838503690495,1.7717458632457752
0.05,0,64,False,0,True,1.0739414570037389,0.7511492600752704,3.4130739633971223
0.05,0,64,False,1,False,1.0121235059015006,1.5990524183841426,1.510991936095653
0.05,0,64,False,2,False,1.0587787962801485,0.3622157105472179,6.977973053164195
0.05,0,64,False,3,False,0.9953466288896068,0.7642700818401829,3.108986432808471
0.05,0,64,False,4,False,0.9313593012601157,0.7426640612267802,2.993754502322088
0.05,0,64,False,5,False,1.0033121563004188,0.8993701811346685,2.663108899427662
0.05,0,64,False,6,False,0.9111586635698701,0.9790440869399682,2.2216881372225648
0.05,0,64,False,7,False,0.9882512885808772,1.1362462620743106,2.076281611761706
0.05,0,64,False,8,False,1.0120511470191043,1.3459298700386544,1.7950285726052768
0.05,0,64,False,9,False,1.0136768916717216,1.4200580677388055,1.7040595935211
0.05,0,65,True,0,True,1.08257963685288,0.7136315716003728,3.7869689375550104
0.05,0,65,True,1,False,1.0213276827365887,1.5534028418577204,1.641296156442995
0.05,0,65,True,2,False,1.0506384933623334,0.5460597800687186,4.803071624374852
0.05,0,65,True,3,False,0.99106711038127,0.691689807273875,3.5768245048082643
0.05,0,65,True,4,False,0.9314116490438266,0.6624840729322397,3.509717554994576
0.05,0,65,True,5,False,1.0065737156782064,0.8511180312974369,2.9523085117622627
0.05,0,65,True,6,False,0.9273496601383516,1.008947170802713,2.2944628725007252
0.05,0,65,True,7,False,0.9724967495373823,1.156016845444516,2.100051475548756
0.05,0,65,True,8,False,1.0010586568959814,1.5444592400007269,1.6180391244614212
0.05,0,65,True,9,False,1.015496811371909,1.27219063872168,1.9926559158207986
0.05,0,66,False,0,True,1.121056496453819,0.8225530975011908,3.376373661667061
0.05,0,66,False,1,False,0.9978494471553809,1.573293421291439,1.5712389648260234
0.05,0,66,False,2,False,1.0540648139324091,0.4682175017217961,5.577076723190989
0.05,0,66,False,3,False,1.0027779128729335,0.5755513213563188,4.316260526461151
0.05,0,66,False,4,False,0.9196963851623082,0.7300272439154811,3.1209898610908264
0.05,0,66,False,5,False,0.9980615566768088,0.7369682126922985,3.355023124562332
0.05,0,66,False,6,False,0.9104288250787682,1.077878472601212,2.092488825262678
0.05,0,66,False,7,False,0.9674326938718577,1.1227456505539846,2.1346482659758164
0.05,0,66,False,8,False,1.0166154888949472,1.6408637868803178,1.534868375497436
0.05,0,66,False,9,False,1.0120170361351064,1.2519012914859615,2.0026482807818273
0.05,0,67,False,0,True,1.072273553714104,0.732509012516463,3.597851695074261
0.05,0,67,False,1,False,1.0202659347116985,1.5942431940445483,1.5729301968140146
0.05,0,67,False,2,False,1.0446714076971217,0.5171736848599802,4.964710450843678
0.05,0,67,False,3,False,1.0021568051924614,0.5936630877143472,4.1490270722650475
0.05,0,67,False,4,False,0.9243215410129262,0.6828655386528403,3.326890548510243
0.05,0,67,False,5,False,1.018096576241987,0.8652632879233036,2.8919536936065486
0.05,0,67,False,6,False,0.9164533750741214,0.9316341613834007,2.4177734557289394
0.05,0,67,False,7,False,0.9788962671726931,1.2154567417815512,1.9794648798044934
0.05,0,67,False,8,False,0.9930717321651026,1.5926376778304145,1.5325486478540653
0.05,0,67,False,9,False,1.0297926548568477,1.2745536132931505,1.9858311397440813
0.05,0,68,False,0,True,1.0350693665571644,0.6446182205635236,4.054477370896131
0.05,0,68,False,1,False,1.032980560732512,1.5322933040716518,1.7022300274434246
0.05,0,68,False,2,False,1.0577236462637516,0.43994392139003113,6.070757627192677
0.05,0,68,False,3,False,0.98980771421244,0.920167052511188,2.716140039058872
0.05,0,68,False,4,False,0.9404602553002367,0.6703073751703864,3.5427006010702584
0.05,0,68,False,5,False,0.9943212748100831,1.0523144185359434,2.385883386134484
0.05,0,68,False,6,False,0.9259139977680272,1.0312209076978178,2.267184909986504
0.05,0,68,False,7,False,1.0053126404154795,1.0782557865546678,2.3542216429677705
0.05,0,68,False,8,False,0.9875118883650205,1.20519643993656,2.0689619075323233
0.05,0,68,False,9,False,1.0308989176259469,1.4256825735682301,1.825833809249868
0.05,0,69,False,0,True,1.0341926685598015,0.6427362979531184,4.056587353591612
0.05,0,69,False,1,False,1.0300106373556157,1.4834719460322265,1.7504696157431285
0.05,0,69,False,2,False,1.0597347638978627,0.439946411003492,6.072808787312135
0.05,0,69,False,3,False,0.9906739990697316,0.9945702387030648,2.5112358931040797
0.05,0,69,False,4,False,0.9461745977581334,0.6548573574585523,3.6426444064709855
0.05,0,69,False,5,False,0.9940931615184917,1.1293041005773419,2.219261023788907
0.05,0,69,False,6,False,0.929164660452929,1.001553636930392,2.338894733458951
0.05,0,69,False,7,False,1.00743449012473,1.0970197714960328,2.315232258431526
0.05,0,69,False,8,False,0.9849876338348302,1.2407808433540521,2.001372385111805
0.05,0,69,False,9,False,1.02353295239779,1.3157593964917265,1.9611804426318111
0.05,0,70,False,0,True,1.098332116258672,0.9237082285990399,2.8638229554542156
0.05,0,70,False,1,False,1.0018017619540727,1.5192580417211796,1.5881720283500462
0.05,0,70,False,2,False,1.0557037148819033,0.4569490562318398,5.564441237790451
0.05,0,70,False,3,False,1.0052484537948156,0.6527781741483043,3.708985059877022
0.05,0,70,False,4,False,0.9264174294342424,0.672600500990877,3.3173922529082067
0.05,0,70,False,5,False,1.0052570542630281,0.7731771032629196,3.13144970197725
0.05,0,70,False,6,False,0.9130100944924047,1.2026845539684459,1.8283996995610723
0.05,0,70,False,7,False,0.9703891661275112,1.0800819933014092,2.1638966215855775
0.05,0,70,False,8,False,1.0130180011413328,1.4633662725726777,1.6672910423207503
0.05,0,70,False,9,False,1.010822135379175,1.2553960752033066,1.9392833667739247
0.05,0,71,False,0,True,1.1065094076809385,0.8064252015251724,3.226205190544333
0.05,0,71,False,1,False,1.0046916015087723,1.6447109942502314,1.4362966338867564
0.05,0,71,False,2,False,1.05367425249092,0.44923888371195536,5.514802891993313
0.05,0,71,False,3,False,0.9987917669095809,0.5909739530263028,3.973814408756143
0.05,0,71,False,4,False,0.9249452306519519,0.7160339077834652,3.0372699603344624
0.05,0,71,False,5,False,0.9926709025126003,0.73884319077221,3.1590316930163667
0.05,0,71,False,6,False,0.908796577986656,1.0866902162722065,1.9663548437893328
0.05,0,71,False,7,False,0.9717118284307554,1.1139237915271738,2.0510817754503345
0.05,0,71,False,8,False,1.0189193201898554,1.4315554822141767,1.6735264432841974
0.05,0,71,False,9,False,1.01928969444561,1.4216043789171058,1.6858535587341157
0.05,0,72,False,0,True,1.0910696682022236,0.7621728005800397,3.3217121228896076
0.05,0,72,False,1,False,1.0103734762969847,1.7967071332694393,1.3048710621283646
0.05,0,72,False,2,False,1.0571519286961215,0.42748986670198386,5.73818488324711
0.05,0,72,False,3,False,1.0054645187444031,0.6650974665185206,3.507877439153352
0.05,0,72,False,4,False,0.9150306451725834,0.7720053588354295,2.750288667794638
0.05,0,72,False,5,False,0.9977581076854203,0.7972982928322271,2.9038045837817696
0.05,0,72,False,6,False,0.9213720875368963,0.9571316582410144,2.233707617617914
0.05,0,72,False,7,False,0.9581495096900989,1.0495887900546765,2.1182492103885875
0.05,0,72,False,8,False,1.0187036076754894,1.4437703475963106,1.6372412624253285
0.05,0,72,False,9,False,1.024925521506634,1.3287382853703582,1.7898466122778924
0.05,0,73,False,0,True,1.0953448686318874,0.7395268289005859,3.6061911931631627
0.05,0,73,False,1,False,1.0124308796022505,1.6974617051391374,1.452169135737885
0.05,0,73,False,2,False,1.052871645951977,0.48831402452554296,5.249622050077099
0.05,0,73,False,3,False,0.999217847662084,0.6210442059820936,3.9173238148258767
0.05,0,73,False,4,False,0.9231315926430951,0.6762414956706208,3.323637131651723
0.05,0,73,False,5,False,1.0037754878016292,0.7731258389590212,3.161099763666567
0.05,0,73,False,6,False,0.9132568837597678,1.0513854778782779,2.114865657341969
0.05,0,73,False,7,False,0.9704855741332962,1.1119169410271468,2.125047008423691
0.05,0,73,False,8,False,1.0111277197780397,1.5125111435741112,1.6276433123502365
0.05,0,73,False,9,False,1.0183575712702482,1.3284723383434622,1.866377908583614
0.05,0,74,False,0,True,1.0313116246199494,0.6696834001562619,3.8551274989090287
0.05,0,74,False,1,False,1.027571902657273,1.462101179353318,1.7593537054646493
0.05,0,74,False,2,False,1.0602872061232271,0.4293756165451145,6.181651392315715
0.05,0,74,False,3,False,0.995960769716377,1.002068807717556,2.488072638473256
0.05,0,74,False,4,False,0.943192414218877,0.6604801700178194,3.5748587198069224
0.05,0,74,False,5,False,0.9965708341528564,1.1226797496971617,2.2221360780333157
0.05,0,74,False,6,False,0.9252835912326441,1.050512179154718,2.204916439842584
0.05,0,74,False,7,False,1.0077886951832573,1.0641890867894714,2.370658778823556
0.05,0,74,False,8,False,0.9875820179136074,1.2505197634029233,1.9769741040952438
0.05,0,74,False,9,False,1.0244517270965083,1.2883900471656562,1.9905014785609716
0.05,0,75,False,0,True,1.074668240460388,0.689363286478379,3.888902993536729
0.05,0,75,False,1,False,1.020695316260549,1.5575102950221194,1.6348053185649296
0.05,0,75,False,2,False,1.043882565786062,0.544367802539205,4.783657308453233
0.05,0,75,False,3,False,1.002627599001671,0.6784594701678767,3.6865199823911574
0.05,0,75,False,4,False,0.9279679758702587,0.6748589488670284,3.4302109098515037
0.05,0,75,False,5,False,1.0104723424920035,0.8457132107119604,2.980589466921722
0.05,0,75,False,6,False,0.9317562451994614,1.0088825620488895,2.3038942603952415
0.05,0,75,False,7,False,0.979604002467149,1.170510708021973,2.0877380470514217
0.05,0,75,False,8,False,0.9919387556515952,1.5569655512636336,1.5893029924813775
0.05,0,75,False,9,False,1.0163873381086046,1.2733681648789354,1.9911597473820837
0.05,0,76,False,0,True,1.0591321149170578,0.6651851468679026,3.7282984655716103
0.05,0,76,False,1,False,1.0209997753848494,1.8175076279115714,1.315383781358657
0.05,0,76,False,2,False,1.049225977351596,0.4559947126680178,5.387810421506482
0.05,0,76,False,3,False,0.9975697163058411,0.7364655984723749,3.171712910170795
0.05,0,76,False,4,False,0.931211682657679,0.6810029316543456,3.2018612834446643
0.05,0,76,False,5,False,1.0019447057860746,0.8811571313471948,2.662523642258849
0.05,0,76,False,6,False,0.9237590448226207,0.922039161404753,2.345915771865839
0.05,0,76,False,7,False,0.9820815730257518,1.1529645409082976,1.994502981603524
0.05,0,76,False,8,False,1.0031139234114572,1.4006944082565551,1.6769107238442833
0.05,0,76,False,9,False,1.0309615588871857,1.2869887405089873,1.8757320675984077
0.05,0,77,False,0,True,1.0599421831986082,0.6808774849196454,3.885634279785245
0.05,0,77,False,1,False,1.0213466130396744,1.70161932054861,1.4981643684900552
0.05,0,77,False,2,False,1.061814684671939,0.3935893976961986,6.73370451403982
0.05,0,77,False,3,False,1.0000940782211083,0.811406696482438,3.0764579751293235
0.05,0,77,False,4,False,0.9288100556705667,0.7133958553523824,3.249713282719935
0.05,0,77,False,5,False,1.0009111872719625,0.9456328949416043,2.641932339127867
0.05,0,77,False,6,False,0.920508314333222,0.9626245209760103,2.3868191523365616
0.05,0,77,False,7,False,0.9855345712198601,1.1145091744042959,2.2071758431840265
0.05,0,77,False,8,False,0.9944489839391714,1.296132376413793,1.9150577194598635
0.05,0,77,False,9,False,1.0265898096524095,1.380212278265022,1.8565206371261949
0.05,0,78,False,0,True,1.0941170576860495,0.8386271729984998,3.3275696865590327
0.05,0,78,False,1,False,1.0202812007355524,1.5611212495923201,1.6669230421269807
0.05,0,78,False,2,False,1.0438755218337108,0.478435794580314,5.5648998147639555
0.05,0,78,False,3,False,0.9992781855159033,0.5612899646514304,4.540790130999791
0.05,0,78,False,4,False,0.9184167758455054,0.6711791335401748,3.490066181233743
0.05,0,78,False,5,False,1.0216210637970333,0.8091084573999239,3.220441381218471
0.05,0,78,False,6,False,0.9037046702127867,0.9821660085357353,2.3467883714330173
0.05,0,78,False,7,False,0.976136358469474,1.2191614830498936,2.0421213999983014
0.05,0,78,False,8,False,0.9992442464321741,1.6620638815642237,1.5334027755281054
0.05,0,78,False,9,False,1.0233250006657906,1.2168468540874842,2.144914382690322
0.05,0,79,False,0,True,1.062790358649411,0.7199750653699308,3.55253615653304
0.05,0,79,False,1,False,1.0106788641725253,1.755847429000698,1.3852710693110455
0.05,0,79,False,2,False,1.0541128275190998,0.41269427645866474,6.14705372986811
0.05,0,79,False,3,False,1.0015707747122526,0.6865806680016108,3.5107380755789825
0.05,0,79,False,4,False,0.9351949616637912,0.7262709228177343,3.098930655232141
0.05,0,79,False,5,False,1.0044237121649355,0.8555107991612556,2.825529315369696
0.05,0,79,False,6,False,0.9204506063174167,0.991617201787413,2.2339054768615365
0.05,0,79,False,7,False,0.9846188401087463,1.1938701693396656,1.9848120931870399
0.05,0,79,False,8,False,1.0095749270672238,1.3840771132556164,1.7554425689320263
0.05,0,79,False,9,False,1.0165846437931725,1.2735563548074098,1.9210281751304368
0.05,0,80,False,0,True,1.1025233598932351,0.8188681928009959,3.2719893007986074
0.05,0,80,False,1,False,1.0133685967168826,1.551951523110054,1.5868189107456114
0.05,0,80,False,2,False,1.0535249913391624,0.4186845293966018,6.114993582734284
0.05,0,80,False,3,False,0.9994146776523587,0.6573395221930693,3.694826549927696
0.05,0,80,False,4,False,0.9077347269734424,0.6886195261165174,3.203448116224862
0.05,0,80,False,5,False,0.9987203485616512,0.7990496574084234,3.037443484472284
0.05,0,80,False,6,False,0.9116583199071737,0.9542924907866035,2.3216068178057254
0.05,0,80,False,7,False,0.9629243861161799,1.1210762446912619,2.087349212762059
0.05,0,80,False,8,False,1.0249078783364531,1.6615350711817338,1.4990406019443152
0.05,0,80,False,9,False,1.0252222271409732,1.3285832423147392,1.875285174040296
0.05,0,81,False,0,True,1.099835375502947,0.7966765338108569,3.3307533110638157
0.05,0,81,False,1,False,1.0101913136318128,1.5485955720685536,1.5738466926510177
0.05,0,81,False,2,False,1.0498512887647717,0.4410013457510449,5.743606522523062
0.05,0,81,False,3,False,1.0027589709801523,0.6018437061615283,4.019848094243698
0.05,0,81,False,4,False,0.912069202637374,0.6707287979691255,3.2807840669283097
0.05,0,81,False,5,False,1.0126526527054522,0.813561747975621,3.0030792489080236
0.05,0,81,False,6,False,0.9090564261846886,1.1004818183061011,1.9929884350843539
0.05,0,81,False,7,False,0.9713609379880781,1.1774686744458414,1.9903437164262596
0.05,0,81,False,8,False,1.0147958816804188,1.5670779982865317,1.562373600231445
0.05,0,81,False,9,False,1.0174286480444916,1.282563805224795,1.9139112332208363
0.05,0,82,False,0,True,1.2180163907119603,1.0568585857555048,2.952131284493438
0.05,0,82,False,1,False,0.9687373734076163,1.3905973787455927,1.784448682489832
0.05,0,82,False,2,False,1.0738721610713227,0.48323347931705785,5.69239440315386
0.05,0,82,False,3,False,0.9965761957957139,0.5616956088213055,4.544738455700559
0.05,0,82,False,4,False,0.9012840955005791,0.7815273657118254,2.954043811517001
0.05,0,82,False,5,False,0.984100648015132,0.7011779184099666,3.595097734943421
0.05,0,82,False,6,False,0.8763356571704316,1.207914700722782,1.8583761819976523
0.05,0,82,False,7,False,0.9571784184859462,1.0709398366657934,2.28942931136221
0.05,0,82,False,8,False,1.0435488276828202,1.5387613793743065,1.7371643625110476
0.05,0,82,False,9,False,0.9803498525540469,1.2072937464758646,2.0800201932729467
0.05,0,83,False,0,True,1.2501113327346556,1.0133202651139435,3.0454952772770203
0.05,0,83,False,1,False,0.9611546206670329,1.2807884987625764,1.8525579636973968
0.05,0,83,False,2,False,1.07374456023294,0.49961655264315413,5.305424326887785
0.05,0,83,False,3,False,0.9989584735335153,0.6037415002653868,4.0846266980551365
0.05,0,83,False,4,False,0.887715466994395,0.8763176371645018,2.5007380400158965
0.05,0,83,False,5,False,0.9789021250118596,0.7292357145575709,3.3138077345198265
0.05,0,83,False,6,False,0.87925730493512,1.1548339116117248,1.87954367957815
0.05,0,83,False,7,False,0.9381931405061401,1.0397647538947918,2.22747648492619
0.05,0,83,False,8,False,1.0557150926369254,1.6571637931736862,1.5726687623560913
0.05,0,83,False,9,False,0.9762477908128705,1.1452173728126644,2.1043990773412853
0.05,0,84,False,0,True,1.0771622823715121,0.7067545669075864,3.7418133453513485
0.05,0,84,False,1,False,1.0163328659640651,1.657412469143379,1.5054799408844424
0.05,0,84,False,2,False,1.0575172477830912,0.5382799460937531,4.823350968661202
0.05,0,84,False,3,False,1.002497943265704,0.6269978781641857,3.9254280760780453
0.05,0,84,False,4,False,0.9228490830586378,0.7347381517459575,3.0836686020557083
0.05,0,84,False,5,False,1.006769710757231,0.7680855066367439,3.2180306485599424
0.05,0,84,False,6,False,0.9253212498258973,0.977521434243926,2.323998545886977
0.05,0,84,False,7,False,0.9684243836761224,1.1284080431884638,2.107022377320949
0.05,0,84,False,8,False,0.9980860764195181,1.5752487565024478,1.5555660524917043
0.05,0,84,False,9,False,1.0250388597427922,1.2865532473735568,1.9560599898588964
0.05,0,85,False,0,True,1.0762051835911706,0.7404310403054407,3.428643710212794
0.05,0,85,False,1,False,1.0107155302984077,1.5591683097663416,1.5291420624860121
0.05,0,85,False,2,False,1.0591144043032974,0.36596269554607463,6.826812133690163
0.05,0,85,False,3,False,1.0029643136568942,0.7953263554910418,2.9747604667448564
0.05,0,85,False,4,False,0.9258966502187853,0.7466051039857686,2.925387849288946
0.05,0,85,False,5,False,1.0044896919378261,0.9181554128752466,2.580721740203008
0.05,0,85,False,6,False,0.9060256298128359,0.9754430871513882,2.1910406894378593
0.05,0,85,False,7,False,0.9901531361485923,1.1073923763455331,2.1091755724612056
0.05,0,85,False,8,False,1.015342513908833,1.3449543137404774,1.7808073267265658
0.05,0,85,False,9,False,1.009093454611034,1.446561304792688,1.6455324097922963
0.05,0,86,False,0,True,1.395060969446511,1.2795749090785553,2.8847579299603616
0.05,0,86,False,1,False,0.9291144641498992,1.129307734107002,2.1769017158660464
0.05,0,86,False,2,False,1.088635275286289,0.49519357538639197,5.816869280644292
0.05,0,86,False,3,False,0.9599135209834647,0.6072070109679865,4.182897616975158
0.05,0,86,False,4,False,0.8471817683210743,0.942829324617696,2.3775268061170682
0.05,0,86,False,5,False,0.944375881318776,0.6665175293024971,3.7489980474855846
0.05,0,86,False,6,False,0.8307662481627973,1.2712308308418665,1.7291645757694587
0.05,0,86,False,7,False,0.9070008401008121,0.9354248128713639,2.5655513208363416
0.05,0,86,False,8,False,1.1303108207304404,1.696046415023059,1.7633643443596578
0.05,0,86,False,9,False,0.9676399629494001,0.9766678578035829,2.621493612752342
0.05,0,87,False,0,True,1.0708493060194795,0.7186343915094753,3.669266863743174
0.05,0,87,False,1,False,1.0189289221070943,1.6267761250287467,1.5423219394471905
0.05,0,87,False,2,False,1.0550652283402904,0.5157624550449872,5.037192202958055
0.05,0,87,False,3,False,0.996960070900045,0.6822962061155483,3.598021424366259
0.05,0,87,False,4,False,0.9256976047322492,0.6562752083203158,3.473298254706662
0.05,0,87,False,5,False,1.0064448947932405,0.8235819664374637,3.0091380295900976
0.05,0,87,False,6,False,0.9298542394311258,0.9491876072691606,2.412246876474818
0.05,0,87,False,7,False,0.9736233599507406,1.230446156767807,1.9484412161612488
0.05,0,87,False,8,False,0.9951114239640358,1.5176239787448271,1.6146056532900859
0.05,0,87,False,9,False,1.0274645761316135,1.2794159047616678,1.977488875529617
0.05,0,88,False,0,True,1.1870958755340686,0.9709524301661434,3.1872605909209053
0.05,0,88,False,1,False,0.9793631625361443,1.3659462686006705,1.869131593661169
0.05,0,88,False,2,False,1.0593780364926617,0.4770460447073175,5.78922455141427
0.05,0,88,False,3,False,0.9971422210692737,0.630563821976202,4.122472674096144
0.05,0,88,False,4,False,0.9049339670251362,0.7307603087067641,3.2282835209701446
0.05,0,88,False,5,False,1.0002176171065007,0.75438957193547,3.456436264778271
0.05,0,88,False,6,False,0.881860249748445,1.167492965416873,1.9691337890929117
0.05,0,88,False,7,False,0.9585044765220503,1.1052122374621751,2.2608835314860802
0.05,0,88,False,8,False,1.0423622785961832,1.6069985897036971,1.6909583898070613
0.05,0,88,False,9,False,0.9891415972335684,1.1906377613246868,2.1657511004142997
0.05,0,89,False,0,True,1.0496693869582099,0.7144885202121968,3.4677057235246957
0.05,0,89,False,1,False,1.0209879433809728,1.5490330570477757,1.555768188016283
0.05,0,89,False,2,False,1.0678404453442325,0.40911932419747904,6.160859886567208
0.05,0,89,False,3,False,0.9974473723667718,0.8854869752391463,2.6588434806035366
0.05,0,89,False,4,False,0.9329153142967911,0.6540650975926339,3.366713858251544
0.05,0,89,False,5,False,0.9965974812990728,0.9937008055143951,2.367277130431401
0.05,0,89,False,6,False,0.9244475072036803,0.9850408205343275,2.2152002238704855
0.05,0,89,False,7,False,0.9948574040193873,1.062485170450081,2.2101559479619817
0.05,0,89,False,8,False,0.9938208914484102,1.2500126699654988,1.8766300492999402
0.05,0,89,False,9,False,1.021416828154997,1.4965675592464658,1.6109855352386262
0.05,0,90,False,0,True,1.072786712380701,0.7103681554724538,3.821584281841515
0.05,0,90,False,1,False,1.0293327053465995,1.5789787006964862,1.6496546714044653
0.05,0,90,False,2,False,1.0440662191011214,0.5243063660202779,5.03914034900698
0.05,0,90,False,3,False,1.0030138113332356,0.6684265423349104,3.7972288105912866
0.05,0,90,False,4,False,0.9199650657379863,0.6986946166712046,3.331942359776114
0.05,0,90,False,5,False,1.0098622916590887,0.8010247719245022,3.190286968185896
0.05,0,90,False,6,False,0.9220156724189201,0.9737345021121948,2.3961350152416445
0.05,0,90,False,7,False,0.9811019742207946,1.1832155829822024,2.0982817814847063
0.05,0,90,False,8,False,0.9943877935578611,1.5581132731578424,1.6149917132729719
0.05,0,90,False,9,False,1.0234671542563663,1.3031374886279254,1.987454577256639
0.05,0,91,False,0,True,1.1060285210422711,0.844276977741121,3.3589352905319387
0.05,0,91,False,1,False,1.0162588338781944,1.541675884747571,1.6901743730965415
0.05,0,91,False,2,False,1.0452590991925752,0.4800171164323273,5.583255353933143
0.05,0,91,False,3,False,0.9966747771587484,0.5619163271998457,4.54780750841708
0.05,0,91,False,4,False,0.9148311246066152,0.6908400395464681,3.3953432800600547
0.05,0,91,False,5,False,1.0175799101042504,0.7942058418236554,3.2851537869850587
0.05,0,91,False,6,False,0.9032301729920783,1.0140903003774429,2.2837158504055477
0.05,0,91,False,7,False,0.9752013912010659,1.2030875285553209,2.0783435846474445
0.05,0,91,False,8,False,1.0062096923790516,1.6569659694006487,1.5570234924193556
0.05,0,91,False,9,False,1.0187266465429063,1.2129240141755997,2.153497288997036
0.05,0,92,False,0,True,1.0757383531090647,0.8914937503038698,2.916722486007401
0.05,0,92,False,1,False,1.020343250030693,1.5549651356366634,1.5861067004524054
0.05,0,92,False,2,False,1.061274215688283,0.40795167735840226,6.288189915691802
0.05,0,92,False,3,False,0.9940641226943097,0.7066703120655905,3.400198826876641
0.05,0,92,False,4,False,0.9191502055467349,0.6739388906168364,3.2966491553895865
0.05,0,92,False,5,False,0.9993038815190634,0.8808187547862267,2.7423177902231255
0.05,0,92,False,6,False,0.9276664503395176,0.9607901823850323,2.3338344900176873
0.05,0,92,False,7,False,0.9649665550422685,1.1799127150303719,1.976829166501649
0.05,0,92,False,8,False,1.0127256127082676,1.4188658777451717,1.7252705509770303
0.05,0,92,False,9,False,1.0247677384282818,1.3245927040718342,1.8700354779886643
0.05,0,93,False,0,True,1.0786718344773503,0.7451733132786718,3.3335491344508967
0.05,0,93,False,1,False,1.0124584604758207,1.582606637569653,1.4732588074011514
0.05,0,93,False,2,False,1.0517813279459796,0.39832330829330564,6.080853651595354
0.05,0,93,False,3,False,0.9998434795411486,0.6760182126975564,3.4060297523289114
0.05,0,93,False,4,False,0.9251107560721149,0.712462010420571,2.9902454171995623
0.05,0,93,False,5,False,1.0005480902776844,0.8123587511817125,2.83638329652806
0.05,0,93,False,6,False,0.912161470773393,1.0621980520660141,1.977611770766754
0.05,0,93,False,7,False,0.9809688317025856,1.0938323337550098,2.065281557179503
0.05,0,93,False,8,False,1.0179674586366476,1.4275225719573112,1.6421987838471492
0.05,0,93,False,9,False,1.0204887506773406,1.4895048087801948,1.5777606743066566
0.05,0,94,False,0,True,1.0843521391535882,0.8154726732553941,3.1536263658959807
0.05,0,94,False,1,False,1.0235537166094375,1.5368047763396704,1.5795786226549051
0.05,0,94,False,2,False,1.0482926536650403,0.39681474224524554,6.265331484100058
0.05,0,94,False,3,False,0.996849651803196,0.7076573610172947,3.3408420440240993
0.05,0,94,False,4,False,0.9144719125329887,0.6715048220312183,3.2297621810488066
0.05,0,94,False,5,False,1.0014407281736415,0.8680377327634851,2.7361251346377884
0.05,0,94,False,6,False,0.9228802050124988,0.9135784568319802,2.395790235564334
0.05,0,94,False,7,False,0.9629598453763019,1.1917993720955071,1.9162595625609693
0.05,0,94,False,8,False,1.0152733795617683,1.5892298635181588,1.515114977425521
0.05,0,94,False,9,False,1.0299266550111927,1.3091001999020466,1.865875741683887
0.05,0,95,False,0,True,1.2607365009378184,1.0391667377942437,3.2129032972386455
0.05,0,95,False,1,False,0.968263928382127,1.2818746544637964,2.000353530260679
0.05,0,95,False,2,False,1.0539099768741784,0.49970678218959214,5.585304263204365
0.05,0,95,False,3,False,0.9785395886721245,0.6568928374901777,3.944958498235115
0.05,0,95,False,4,False,0.8789379819763649,0.7806806504070004,2.981558820983884
0.05,0,95,False,5,False,0.9866841657547386,0.7279862693055604,3.5893312105506086
0.05,0,95,False,6,False,0.8576263519100659,1.1258430965961022,2.0173386648952727
0.05,0,95,False,7,False,0.9516647984776432,1.125459888214452,2.2393013852976336
0.05,0,95,False,8,False,1.079145867879757,1.62265409608551,1.7612165846709786
0.05,0,95,False,9,False,0.984490307140206,1.139734987453565,2.2875264736664276
0.05,0,96,False,0,True,1.0683591538326604,0.717806330675129,3.410731559817977
0.05,0,96,False,1,False,1.0155858857852245,1.5703658078516167,1.4820176454597478
0.05,0,96,False,2,False,1.0491020638734598,0.3912022509264812,6.1454536147563195
0.05,0,96,False,3,False,1.001287494678393,0.7062806407291586,3.2487705412284016
0.05,0,96,False,4,False,0.9301068219499399,0.7323160713261805,2.910528210955489
0.05,0,96,False,5,False,1.006322705475243,0.8627422912434872,2.672967835586448
0.05,0,96,False,6,False,0.9130924984306997,1.0251510953378153,2.0411007550369327
0.05,0,96,False,7,False,0.9833867601476182,1.1362915154675894,1.98322569956535
0.05,0,96,False,8,False,1.0112238995609182,1.3780453479088766,1.681594834352009
0.05,0,96,False,9,False,1.0215332800380659,1.479798648533665,1.5819306554676935
0.05,0,97,False,0,True,1.0930761131222289,0.8355448763978494,3.3515820804439667
0.05,0,97,False,1,False,1.0201474181155805,1.5680702247569112,1.6667354125509806
0.05,0,97,False,2,False,1.048549156573662,0.4660250021913203,5.764329719216165
0.05,0,97,False,3,False,0.998179418555777,0.5696207337607178,4.48943882846134
0.05,0,97,False,4,False,0.9191794947313983,0.6642507811736512,3.5451734648383844
0.05,0,97,False,5,False,1.0168775915017905,0.7984657666833344,3.2627335781188838
0.05,0,97,False,6,False,0.9076728411327999,1.0130467829139551,2.2954565449278546
0.05,0,97,False,7,False,0.9734360182827853,1.2103506056902906,2.0604660169304174
0.05,0,97,False,8,False,1.0074519318312476,1.6711237729440502,1.544489474395413
0.05,0,97,False,9,False,1.0154301751832548,1.2035014534879207,2.1615868133988623
0.05,0,98,True,0,True,1.085230680947458,0.7985666910457078,3.3041151830740674
0.05,0,98,True,1,False,1.0069673511365203,1.383746319326995,1.7693070893163036
0.05,0,98,True,2,False,1.0836185725675913,0.39571808374978173,6.657862922406852
0.05,0,98,True,3,False,0.9909380949303076,1.0491430454081978,2.2964454046114144
0.05,0,98,True,4,False,0.9529554618911714,0.6945284460541125,3.3360063778345697
0.05,0,98,True,5,False,0.9768870705131242,1.1793059267384027,2.0140126179856406
0.05,0,98,True,6,False,0.9296748472354661,1.1065039608295277,2.042783846202452
0.05,0,98,True,7,False,0.9806650583709483,0.9553639628353565,2.495721686500499
0.05,0,98,True,8,False,0.9903787127454864,1.1587277851538282,2.078089187405401
0.05,0,98,True,9,False,1.0026836101343564,1.2783957788580895,1.9069657576830013
0.05,0,99,False,0,True,1.0659746760553386,0.7632373441766217,3.2673120579077093
0.05,0,99,False,1,False,1.0138531050700619,1.5582556994420445,1.5220876118526412
0.05,0,99,False,2,False,1.0555144794715938,0.3490952316070349,7.073325083765431
0.05,0,99,False,3,False,1.0029413939809784,0.7711393938277238,3.042608023176638
0.05,0,99,False,4,False,0.9241162967387155,0.7517654851186825,2.875726544360074
0.05,0,99,False,5,False,1.0096741501230182,0.9226886208991583,2.5599377962505594
0.05,0,99,False,6,False,0.9154963989935687,1.0007181124842472,2.1401697424984203
0.05,0,99,False,7,False,0.9898918288642296,1.1316028163974028,2.0464307803082935
0.05,0,99,False,8,False,1.0112817274749313,1.3301223700524305,1.7786229933501974
0.05,0,99,False,9,False,1.01125610904266,1.4213749259946538,1.664392875150015
