run_id,recipe_key,family,multiplier,seed,target_relative,client_id,is_malicious,asr_std_filtered,asr_unfiltered,n_eligible,n_total,acc,n_acc_samples
attack_a0.5_s0_e1b_persist_s0,zero|0|0,zero,0.0,0,0.0,0,False,0.2510460251046025,0.272,239,250,0.876,250
attack_a0.5_s0_e1b_persist_s0,gaussian_global|0.5|0,gaussian_global,0.5,0,0.078,0,False,0.26359832635983266,0.284,239,250,0.884,250
attack_a0.5_s0_e1b_persist_s0,gaussian_global|0.5|1,gaussian_global,0.5,1,0.078,0,False,0.2803347280334728,0.296,239,250,0.864,250
attack_a0.5_s0_e1b_persist_s0,gaussian_global|0.5|2,gaussian_global,0.5,2,0.078,0,False,0.24686192468619247,0.264,239,250,0.872,250
attack_a0.5_s0_e1b_persist_s0,gaussian_global|1|0,gaussian_global,1.0,0,0.156,0,False,0.27615062761506276,0.296,239,250,0.876,250
attack_a0.5_s0_e1b_persist_s0,gaussian_global|1|1,gaussian_global,1.0,1,0.156,0,False,0.2510460251046025,0.264,239,250,0.852,250
attack_a0.5_s0_e1b_persist_s0,gaussian_global|1|2,gaussian_global,1.0,2,0.156,0,False,0.2719665271966527,0.292,239,250,0.876,250
attack_a0.5_s0_e1b_persist_s0,gaussian_global|2|0,gaussian_global,2.0,0,0.312,0,False,0.2719665271966527,0.292,239,250,0.876,250
attack_a0.5_s0_e1b_persist_s0,gaussian_global|2|1,gaussian_global,2.0,1,0.312,0,False,0.24686192468619247,0.26,239,250,0.832,250
attack_a0.5_s0_e1b_persist_s0,gaussian_global|2|2,gaussian_global,2.0,2,0.312,0,False,0.24686192468619247,0.264,239,250,0.876,250
attack_a0.5_s0_e1b_persist_s0,gaussian_global|4|0,gaussian_global,4.0,0,0.624,0,False,0.27615062761506276,0.292,239,250,0.748,250
attack_a0.5_s0_e1b_persist_s0,gaussian_global|4|1,gaussian_global,4.0,1,0.624,0,False,0.12552301255230125,0.14,239,250,0.72,250
attack_a0.5_s0_e1b_persist_s0,gaussian_global|4|2,gaussian_global,4.0,2,0.624,0,False,0.19246861924686193,0.208,239,250,0.828,250
attack_a0.5_s0_e1b_persist_s0,gaussian_layer_matched|0.5|0,gaussian_layer_matched,0.5,0,0.078,0,False,0.2510460251046025,0.272,239,250,0.872,250
attack_a0.5_s0_e1b_persist_s0,gaussian_layer_matched|0.5|1,gaussian_layer_matched,0.5,1,0.078,0,False,0.26359832635983266,0.276,239,250,0.852,250
attack_a0.5_s0_e1b_persist_s0,gaussian_layer_matched|0.5|2,gaussian_layer_matched,0.5,2,0.078,0,False,0.28870292887029286,0.3,239,250,0.876,250
attack_a0.5_s0_e1b_persist_s0,gaussian_layer_matched|1|0,gaussian_layer_matched,1.0,0,0.156,0,False,0.2594142259414226,0.28,239,250,0.852,250
attack_a0.5_s0_e1b_persist_s0,gaussian_layer_matched|1|1,gaussian_layer_matched,1.0,1,0.156,0,False,0.28451882845188287,0.296,239,250,0.828,250
attack_a0.5_s0_e1b_persist_s0,gaussian_layer_matched|1|2,gaussian_layer_matched,1.0,2,0.156,0,False,0.29707112970711297,0.312,239,250,0.872,250
attack_a0.5_s0_e1b_persist_s0,gaussian_layer_matched|2|0,gaussian_layer_matched,2.0,0,0.312,0,False,0.33472803347280333,0.352,239,250,0.784,250
attack_a0.5_s0_e1b_persist_s0,gaussian_layer_matched|2|1,gaussian_layer_matched,2.0,1,0.312,0,False,0.3179916317991632,0.328,239,250,0.792,250
attack_a0.5_s0_e1b_persist_s0,gaussian_layer_matched|2|2,gaussian_layer_matched,2.0,2,0.312,0,False,0.28451882845188287,0.3,239,250,0.844,250
attack_a0.5_s0_e1b_persist_s0,gaussian_layer_matched|4|0,gaussian_layer_matched,4.0,0,0.624,0,False,0.17154811715481172,0.168,239,250,0.336,250
attack_a0.5_s0_e1b_persist_s0,gaussian_layer_matched|4|1,gaussian_layer_matched,4.0,1,0.624,0,False,0.0794979079497908,0.092,239,250,0.456,250
attack_a0.5_s0_e1b_persist_s0,gaussian_layer_matched|4|2,gaussian_layer_matched,4.0,2,0.624,0,False,0.15481171548117154,0.156,239,250,0.672,250
attack_a0.5_s0_e1b_persist_s0,shuffled|0.5|0,shuffled,0.5,0,0.078,0,False,0.26778242677824265,0.28,239,250,0.856,250
attack_a0.5_s0_e1b_persist_s0,shuffled|0.5|1,shuffled,0.5,1,0.078,0,False,0.23430962343096234,0.244,239,250,0.856,250
attack_a0.5_s0_e1b_persist_s0,shuffled|0.5|2,shuffled,0.5,2,0.078,0,False,0.23430962343096234,0.24,239,250,0.86,250
attack_a0.5_s0_e1b_persist_s0,shuffled|1|0,shuffled,1.0,0,0.156,0,False,0.2384937238493724,0.252,239,250,0.824,250
attack_a0.5_s0_e1b_persist_s0,shuffled|1|1,shuffled,1.0,1,0.156,0,False,0.1799163179916318,0.192,239,250,0.824,250
attack_a0.5_s0_e1b_persist_s0,shuffled|1|2,shuffled,1.0,2,0.156,0,False,0.20502092050209206,0.216,239,250,0.832,250
attack_a0.5_s0_e1b_persist_s0,shuffled|2|0,shuffled,2.0,0,0.312,0,False,0.07531380753138076,0.084,239,250,0.468,250
attack_a0.5_s0_e1b_persist_s0,shuffled|2|1,shuffled,2.0,1,0.312,0,False,0.06694560669456066,0.076,239,250,0.632,250
attack_a0.5_s0_e1b_persist_s0,shuffled|2|2,shuffled,2.0,2,0.312,0,False,0.09205020920502092,0.104,239,250,0.608,250
attack_a0.5_s0_e1b_persist_s0,shuffled|4|0,shuffled,4.0,0,0.624,0,False,0.0,0.0,239,250,0.116,250
attack_a0.5_s0_e1b_persist_s0,shuffled|4|1,shuffled,4.0,1,0.624,0,False,0.0041841004184100415,0.008,239,250,0.164,250
attack_a0.5_s0_e1b_persist_s0,shuffled|4|2,shuffled,4.0,2,0.624,0,False,0.008368200836820083,0.008,239,250,0.144,250
attack_a0.5_s0_e1b_persist_s0,sign_flipped|0.5|0,sign_flipped,0.5,0,0.078,0,False,0.26778242677824265,0.288,239,250,0.872,250
attack_a0.5_s0_e1b_persist_s0,sign_flipped|0.5|1,sign_flipped,0.5,1,0.078,0,False,0.23430962343096234,0.256,239,250,0.88,250
attack_a0.5_s0_e1b_persist_s0,sign_flipped|0.5|2,sign_flipped,0.5,2,0.078,0,False,0.22594142259414227,0.248,239,250,0.876,250
attack_a0.5_s0_e1b_persist_s0,sign_flipped|1|0,sign_flipped,1.0,0,0.156,0,False,0.28451882845188287,0.3,239,250,0.876,250
attack_a0.5_s0_e1b_persist_s0,sign_flipped|1|1,sign_flipped,1.0,1,0.156,0,False,0.24267782426778242,0.256,239,250,0.868,250
attack_a0.5_s0_e1b_persist_s0,sign_flipped|1|2,sign_flipped,1.0,2,0.156,0,False,0.2301255230125523,0.248,239,250,0.884,250
attack_a0.5_s0_e1b_persist_s0,sign_flipped|2|0,sign_flipped,2.0,0,0.312,0,False,0.3891213389121339,0.396,239,250,0.844,250
attack_a0.5_s0_e1b_persist_s0,sign_flipped|2|1,sign_flipped,2.0,1,0.312,0,False,0.22594142259414227,0.24,239,250,0.832,250
attack_a0.5_s0_e1b_persist_s0,sign_flipped|2|2,sign_flipped,2.0,2,0.312,0,False,0.20920502092050208,0.228,239,250,0.856,250
attack_a0.5_s0_e1b_persist_s0,sign_flipped|4|0,sign_flipped,4.0,0,0.624,0,False,0.22594142259414227,0.216,239,250,0.472,250
attack_a0.5_s0_e1b_persist_s0,sign_flipped|4|1,sign_flipped,4.0,1,0.624,0,False,0.1799163179916318,0.192,239,250,0.44,250
attack_a0.5_s0_e1b_persist_s0,sign_flipped|4|2,sign_flipped,4.0,2,0.624,0,False,0.0794979079497908,0.08,239,250,0.664,250
attack_a0.5_s0_e1b_persist_s0,real|0.5|0,real,0.5,0,0.078,0,False,0.029288702928870293,0.036,239,250,0.852,250
attack_a0.5_s0_e1b_persist_s0,real|1|0,real,1.0,0,0.156,0,False,0.0041841004184100415,0.004,239,250,0.768,250
attack_a0.5_s0_e1b_persist_s0,real|2|0,real,2.0,0,0.312,0,False,0.0,0.0,239,250,0.572,250
attack_a0.5_s0_e1b_persist_s0,real|4|0,real,4.0,0,0.624,0,False,0.0,0.0,239,250,0.048,250
attack_a0.5_s0_e1b_persist_s0,zero|0|0,zero,0.0,0,0.0,1,False,0.5220883534136547,0.524,249,250,0.9,250
attack_a0.5_s0_e1b_persist_s0,gaussian_global|0.5|0,gaussian_global,0.5,0,0.078,1,False,0.5421686746987951,0.544,249,250,0.896,250
attack_a0.5_s0_e1b_persist_s0,gaussian_global|0.5|1,gaussian_global,0.5,1,0.078,1,False,0.5301204819277109,0.532,249,250,0.912,250
attack_a0.5_s0_e1b_persist_s0,gaussian_global|0.5|2,gaussian_global,0.5,2,0.078,1,False,0.5381526104417671,0.54,249,250,0.892,250
attack_a0.5_s0_e1b_persist_s0,gaussian_global|1|0,gaussian_global,1.0,0,0.156,1,False,0.5341365461847389,0.536,249,250,0.904,250
attack_a0.5_s0_e1b_persist_s0,gaussian_global|1|1,gaussian_global,1.0,1,0.156,1,False,0.5421686746987951,0.544,249,250,0.92,250
attack_a0.5_s0_e1b_persist_s0,gaussian_global|1|2,gaussian_global,1.0,2,0.156,1,False,0.5341365461847389,0.536,249,250,0.884,250
attack_a0.5_s0_e1b_persist_s0,gaussian_global|2|0,gaussian_global,2.0,0,0.312,1,False,0.570281124497992,0.572,249,250,0.888,250
attack_a0.5_s0_e1b_persist_s0,gaussian_global|2|1,gaussian_global,2.0,1,0.312,1,False,0.5341365461847389,0.536,249,250,0.892,250
attack_a0.5_s0_e1b_persist_s0,gaussian_global|2|2,gaussian_global,2.0,2,0.312,1,False,0.5421686746987951,0.544,249,250,0.864,250
attack_a0.5_s0_e1b_persist_s0,gaussian_global|4|0,gaussian_global,4.0,0,0.624,1,False,0.5783132530120482,0.58,249,250,0.816,250
attack_a0.5_s0_e1b_persist_s0,gaussian_global|4|1,gaussian_global,4.0,1,0.624,1,False,0.42168674698795183,0.424,249,250,0.844,250
attack_a0.5_s0_e1b_persist_s0,gaussian_global|4|2,gaussian_global,4.0,2,0.624,1,False,0.5100401606425703,0.512,249,250,0.816,250
attack_a0.5_s0_e1b_persist_s0,gaussian_layer_matched|0.5|0,gaussian_layer_matched,0.5,0,0.078,1,False,0.5301204819277109,0.532,249,250,0.904,250
attack_a0.5_s0_e1b_persist_s0,gaussian_layer_matched|0.5|1,gaussian_layer_matched,0.5,1,0.078,1,False,0.5381526104417671,0.54,249,250,0.912,250
attack_a0.5_s0_e1b_persist_s0,gaussian_layer_matched|0.5|2,gaussian_layer_matched,0.5,2,0.078,1,False,0.5381526104417671,0.54,249,250,0.888,250
attack_a0.5_s0_e1b_persist_s0,gaussian_layer_matched|1|0,gaussian_layer_matched,1.0,0,0.156,1,False,0.5381526104417671,0.54,249,250,0.884,250
attack_a0.5_s0_e1b_persist_s0,gaussian_layer_matched|1|1,gaussian_layer_matched,1.0,1,0.156,1,False,0.5542168674698795,0.556,249,250,0.912,250
attack_a0.5_s0_e1b_persist_s0,gaussian_layer_matched|1|2,gaussian_layer_matched,1.0,2,0.156,1,False,0.5461847389558233,0.548,249,250,0.868,250
attack_a0.5_s0_e1b_persist_s0,gaussian_layer_matched|2|0,gaussian_layer_matched,2.0,0,0.312,1,False,0.5943775100401606,0.596,249,250,0.852,250
attack_a0.5_s0_e1b_persist_s0,gaussian_layer_matched|2|1,gaussian_layer_matched,2.0,1,0.312,1,False,0.570281124497992,0.572,249,250,0.88,250
attack_a0.5_s0_e1b_persist_s0,gaussian_layer_matched|2|2,gaussian_layer_matched,2.0,2,0.312,1,False,0.5582329317269076,0.56,249,250,0.824,250
attack_a0.5_s0_e1b_persist_s0,gaussian_layer_matched|4|0,gaussian_layer_matched,4.0,0,0.624,1,False,0.6385542168674698,0.636,249,250,0.556,250
attack_a0.5_s0_e1b_persist_s0,gaussian_layer_matched|4|1,gaussian_layer_matched,4.0,1,0.624,1,False,0.36947791164658633,0.368,249,250,0.684,250
attack_a0.5_s0_e1b_persist_s0,gaussian_layer_matched|4|2,gaussian_layer_matched,4.0,2,0.624,1,False,0.4859437751004016,0.484,249,250,0.512,250
attack_a0.5_s0_e1b_persist_s0,shuffled|0.5|0,shuffled,0.5,0,0.078,1,False,0.5140562248995983,0.516,249,250,0.88,250
attack_a0.5_s0_e1b_persist_s0,shuffled|0.5|1,shuffled,0.5,1,0.078,1,False,0.4899598393574297,0.492,249,250,0.88,250
attack_a0.5_s0_e1b_persist_s0,shuffled|0.5|2,shuffled,0.5,2,0.078,1,False,0.4979919678714859,0.5,249,250,0.888,250
attack_a0.5_s0_e1b_persist_s0,shuffled|1|0,shuffled,1.0,0,0.156,1,False,0.4578313253012048,0.456,249,250,0.848,250
attack_a0.5_s0_e1b_persist_s0,shuffled|1|1,shuffled,1.0,1,0.156,1,False,0.40160642570281124,0.404,249,250,0.856,250
attack_a0.5_s0_e1b_persist_s0,shuffled|1|2,shuffled,1.0,2,0.156,1,False,0.3895582329317269,0.388,249,250,0.856,250
attack_a0.5_s0_e1b_persist_s0,shuffled|2|0,shuffled,2.0,0,0.312,1,False,0.2971887550200803,0.296,249,250,0.572,250
attack_a0.5_s0_e1b_persist_s0,shuffled|2|1,shuffled,2.0,1,0.312,1,False,0.1686746987951807,0.168,249,250,0.744,250
attack_a0.5_s0_e1b_persist_s0,shuffled|2|2,shuffled,2.0,2,0.312,1,False,0.21686746987951808,0.216,249,250,0.692,250
attack_a0.5_s0_e1b_persist_s0,shuffled|4|0,shuffled,4.0,0,0.624,1,False,0.0,0.0,249,250,0.136,250
attack_a0.5_s0_e1b_persist_s0,shuffled|4|1,shuffled,4.0,1,0.624,1,False,0.012048192771084338,0.012,249,250,0.344,250
attack_a0.5_s0_e1b_persist_s0,shuffled|4|2,shuffled,4.0,2,0.624,1,False,0.008032128514056224,0.008,249,250,0.18,250
attack_a0.5_s0_e1b_persist_s0,sign_flipped|0.5|0,sign_flipped,0.5,0,0.078,1,False,0.5381526104417671,0.54,249,250,0.892,250
attack_a0.5_s0_e1b_persist_s0,sign_flipped|0.5|1,sign_flipped,0.5,1,0.078,1,False,0.5180722891566265,0.52,249,250,0.916,250
attack_a0.5_s0_e1b_persist_s0,sign_flipped|0.5|2,sign_flipped,0.5,2,0.078,1,False,0.5261044176706827,0.528,249,250,0.912,250
attack_a0.5_s0_e1b_persist_s0,sign_flipped|1|0,sign_flipped,1.0,0,0.156,1,False,0.5823293172690763,0.584,249,250,0.872,250
attack_a0.5_s0_e1b_persist_s0,sign_flipped|1|1,sign_flipped,1.0,1,0.156,1,False,0.5261044176706827,0.528,249,250,0.92,250
attack_a0.5_s0_e1b_persist_s0,sign_flipped|1|2,sign_flipped,1.0,2,0.156,1,False,0.5180722891566265,0.52,249,250,0.904,250
attack_a0.5_s0_e1b_persist_s0,sign_flipped|2|0,sign_flipped,2.0,0,0.312,1,False,0.6385542168674698,0.64,249,250,0.8,250
attack_a0.5_s0_e1b_persist_s0,sign_flipped|2|1,sign_flipped,2.0,1,0.312,1,False,0.5261044176706827,0.528,249,250,0.9,250
attack_a0.5_s0_e1b_persist_s0,sign_flipped|2|2,sign_flipped,2.0,2,0.312,1,False,0.4738955823293173,0.476,249,250,0.868,250
attack_a0.5_s0_e1b_persist_s0,sign_flipped|4|0,sign_flipped,4.0,0,0.624,1,False,0.40160642570281124,0.4,249,250,0.296,250
attack_a0.5_s0_e1b_persist_s0,sign_flipped|4|1,sign_flipped,4.0,1,0.624,1,False,0.4899598393574297,0.492,249,250,0.576,250
attack_a0.5_s0_e1b_persist_s0,sign_flipped|4|2,sign_flipped,4.0,2,0.624,1,False,0.14457831325301204,0.144,249,250,0.484,250
attack_a0.5_s0_e1b_persist_s0,real|0.5|0,real,0.5,0,0.078,1,False,0.10040160642570281,0.104,249,250,0.868,250
attack_a0.5_s0_e1b_persist_s0,real|1|0,real,1.0,0,0.156,1,False,0.012048192771084338,0.012,249,250,0.712,250
attack_a0.5_s0_e1b_persist_s0,real|2|0,real,2.0,0,0.312,1,False,0.0,0.0,249,250,0.328,250
attack_a0.5_s0_e1b_persist_s0,real|4|0,real,4.0,0,0.624,1,False,0.0,0.0,249,250,0.032,250
attack_a0.5_s0_e1b_persist_s0,zero|0|0,zero,0.0,0,0.0,2,False,0.36942675159235666,0.528,157,250,0.836,250
attack_a0.5_s0_e1b_persist_s0,gaussian_global|0.5|0,gaussian_global,0.5,0,0.078,2,False,0.36942675159235666,0.54,157,250,0.84,250
attack_a0.5_s0_e1b_persist_s0,gaussian_global|0.5|1,gaussian_global,0.5,1,0.078,2,False,0.36942675159235666,0.536,157,250,0.84,250
attack_a0.5_s0_e1b_persist_s0,gaussian_global|0.5|2,gaussian_global,0.5,2,0.078,2,False,0.3630573248407643,0.54,157,250,0.836,250
attack_a0.5_s0_e1b_persist_s0,gaussian_global|1|0,gaussian_global,1.0,0,0.156,2,False,0.3885350318471338,0.552,157,250,0.832,250
attack_a0.5_s0_e1b_persist_s0,gaussian_global|1|1,gaussian_global,1.0,1,0.156,2,False,0.3821656050955414,0.548,157,250,0.832,250
attack_a0.5_s0_e1b_persist_s0,gaussian_global|1|2,gaussian_global,1.0,2,0.156,2,False,0.37579617834394907,0.544,157,250,0.828,250
attack_a0.5_s0_e1b_persist_s0,gaussian_global|2|0,gaussian_global,2.0,0,0.312,2,False,0.4140127388535032,0.572,157,250,0.856,250
attack_a0.5_s0_e1b_persist_s0,gaussian_global|2|1,gaussian_global,2.0,1,0.312,2,False,0.36942675159235666,0.552,157,250,0.82,250
attack_a0.5_s0_e1b_persist_s0,gaussian_global|2|2,gaussian_global,2.0,2,0.312,2,False,0.3375796178343949,0.524,157,250,0.832,250
attack_a0.5_s0_e1b_persist_s0,gaussian_global|4|0,gaussian_global,4.0,0,0.624,2,False,0.49044585987261147,0.644,157,250,0.792,250
attack_a0.5_s0_e1b_persist_s0,gaussian_global|4|1,gaussian_global,4.0,1,0.624,2,False,0.25477707006369427,0.428,157,250,0.752,250
attack_a0.5_s0_e1b_persist_s0,gaussian_global|4|2,gaussian_global,4.0,2,0.624,2,False,0.34394904458598724,0.5,157,250,0.784,250
attack_a0.5_s0_e1b_persist_s0,gaussian_layer_matched|0.5|0,gaussian_layer_matched,0.5,0,0.078,2,False,0.4012738853503185,0.556,157,250,0.836,250
attack_a0.5_s0_e1b_persist_s0,gaussian_layer_matched|0.5|1,gaussian_layer_matched,0.5,1,0.078,2,False,0.4140127388535032,0.564,157,250,0.832,250
attack_a0.5_s0_e1b_persist_s0,gaussian_layer_matched|0.5|2,gaussian_layer_matched,0.5,2,0.078,2,False,0.39490445859872614,0.552,157,250,0.828,250
attack_a0.5_s0_e1b_persist_s0,gaussian_layer_matched|1|0,gaussian_layer_matched,1.0,0,0.156,2,False,0.445859872611465,0.6,157,250,0.812,250
attack_a0.5_s0_e1b_persist_s0,gaussian_layer_matched|1|1,gaussian_layer_matched,1.0,1,0.156,2,False,0.4267515923566879,0.592,157,250,0.836,250
attack_a0.5_s0_e1b_persist_s0,gaussian_layer_matched|1|2,gaussian_layer_matched,1.0,2,0.156,2,False,0.37579617834394907,0.556,157,250,0.82,250
attack_a0.5_s0_e1b_persist_s0,gaussian_layer_matched|2|0,gaussian_layer_matched,2.0,0,0.312,2,False,0.5605095541401274,0.684,157,250,0.808,250
attack_a0.5_s0_e1b_persist_s0,gaussian_layer_matched|2|1,gaussian_layer_matched,2.0,1,0.312,2,False,0.5159235668789809,0.66,157,250,0.82,250
attack_a0.5_s0_e1b_persist_s0,gaussian_layer_matched|2|2,gaussian_layer_matched,2.0,2,0.312,2,False,0.4267515923566879,0.584,157,250,0.812,250
attack_a0.5_s0_e1b_persist_s0,gaussian_layer_matched|4|0,gaussian_layer_matched,4.0,0,0.624,2,False,0.8089171974522293,0.776,157,250,0.548,250
attack_a0.5_s0_e1b_persist_s0,gaussian_layer_matched|4|1,gaussian_layer_matched,4.0,1,0.624,2,False,0.4585987261146497,0.548,157,250,0.636,250
attack_a0.5_s0_e1b_persist_s0,gaussian_layer_matched|4|2,gaussian_layer_matched,4.0,2,0.624,2,False,0.3630573248407643,0.5,157,250,0.716,250
attack_a0.5_s0_e1b_persist_s0,shuffled|0.5|0,shuffled,0.5,0,0.078,2,False,0.29936305732484075,0.492,157,250,0.82,250
attack_a0.5_s0_e1b_persist_s0,shuffled|0.5|1,shuffled,0.5,1,0.078,2,False,0.28662420382165604,0.48,157,250,0.824,250
attack_a0.5_s0_e1b_persist_s0,shuffled|0.5|2,shuffled,0.5,2,0.078,2,False,0.2929936305732484,0.488,157,250,0.824,250
attack_a0.5_s0_e1b_persist_s0,shuffled|1|0,shuffled,1.0,0,0.156,2,False,0.19745222929936307,0.412,157,250,0.796,250
attack_a0.5_s0_e1b_persist_s0,shuffled|1|1,shuffled,1.0,1,0.156,2,False,0.19745222929936307,0.404,157,250,0.796,250
attack_a0.5_s0_e1b_persist_s0,shuffled|1|2,shuffled,1.0,2,0.156,2,False,0.25477707006369427,0.44,157,250,0.788,250
attack_a0.5_s0_e1b_persist_s0,shuffled|2|0,shuffled,2.0,0,0.312,2,False,0.044585987261146494,0.184,157,250,0.552,250
attack_a0.5_s0_e1b_persist_s0,shuffled|2|1,shuffled,2.0,1,0.312,2,False,0.07006369426751592,0.216,157,250,0.628,250
attack_a0.5_s0_e1b_persist_s0,shuffled|2|2,shuffled,2.0,2,0.312,2,False,0.11464968152866242,0.244,157,250,0.616,250
attack_a0.5_s0_e1b_persist_s0,shuffled|4|0,shuffled,4.0,0,0.624,2,False,0.0,0.0,157,250,0.092,250
attack_a0.5_s0_e1b_persist_s0,shuffled|4|1,shuffled,4.0,1,0.624,2,False,0.006369426751592357,0.016,157,250,0.248,250
attack_a0.5_s0_e1b_persist_s0,shuffled|4|2,shuffled,4.0,2,0.624,2,False,0.006369426751592357,0.02,157,250,0.216,250
attack_a0.5_s0_e1b_persist_s0,sign_flipped|0.5|0,sign_flipped,0.5,0,0.078,2,False,0.39490445859872614,0.556,157,250,0.848,250
attack_a0.5_s0_e1b_persist_s0,sign_flipped|0.5|1,sign_flipped,0.5,1,0.078,2,False,0.3821656050955414,0.54,157,250,0.828,250
attack_a0.5_s0_e1b_persist_s0,sign_flipped|0.5|2,sign_flipped,0.5,2,0.078,2,False,0.3630573248407643,0.528,157,250,0.84,250
attack_a0.5_s0_e1b_persist_s0,sign_flipped|1|0,sign_flipped,1.0,0,0.156,2,False,0.4267515923566879,0.572,157,250,0.832,250
attack_a0.5_s0_e1b_persist_s0,sign_flipped|1|1,sign_flipped,1.0,1,0.156,2,False,0.3885350318471338,0.544,157,250,0.82,250
attack_a0.5_s0_e1b_persist_s0,sign_flipped|1|2,sign_flipped,1.0,2,0.156,2,False,0.2929936305732484,0.492,157,250,0.844,250
attack_a0.5_s0_e1b_persist_s0,sign_flipped|2|0,sign_flipped,2.0,0,0.312,2,False,0.5159235668789809,0.648,157,250,0.812,250
attack_a0.5_s0_e1b_persist_s0,sign_flipped|2|1,sign_flipped,2.0,1,0.312,2,False,0.36942675159235666,0.54,157,250,0.8,250
attack_a0.5_s0_e1b_persist_s0,sign_flipped|2|2,sign_flipped,2.0,2,0.312,2,False,0.33121019108280253,0.508,157,250,0.828,250
attack_a0.5_s0_e1b_persist_s0,sign_flipped|4|0,sign_flipped,4.0,0,0.624,2,False,0.6942675159235668,0.724,157,250,0.48,250
attack_a0.5_s0_e1b_persist_s0,sign_flipped|4|1,sign_flipped,4.0,1,0.624,2,False,0.5222929936305732,0.624,157,250,0.684,250
attack_a0.5_s0_e1b_persist_s0,sign_flipped|4|2,sign_flipped,4.0,2,0.624,2,False,0.2802547770700637,0.344,157,250,0.668,250
attack_a0.5_s0_e1b_persist_s0,real|0.5|0,real,0.5,0,0.078,2,False,0.08280254777070063,0.2,157,250,0.744,250
attack_a0.5_s0_e1b_persist_s0,real|1|0,real,1.0,0,0.156,2,False,0.025477707006369428,0.024,157,250,0.64,250
attack_a0.5_s0_e1b_persist_s0,real|2|0,real,2.0,0,0.312,2,False,0.006369426751592357,0.004,157,250,0.344,250
attack_a0.5_s0_e1b_persist_s0,real|4|0,real,4.0,0,0.624,2,False,0.0,0.0,157,250,0.172,250
attack_a0.5_s0_e1b_persist_s0,zero|0|0,zero,0.0,0,0.0,3,False,0.48,0.56,200,250,0.936,250
attack_a0.5_s0_e1b_persist_s0,gaussian_global|0.5|0,gaussian_global,0.5,0,0.078,3,False,0.485,0.564,200,250,0.932,250
attack_a0.5_s0_e1b_persist_s0,gaussian_global|0.5|1,gaussian_global,0.5,1,0.078,3,False,0.49,0.568,200,250,0.936,250
attack_a0.5_s0_e1b_persist_s0,gaussian_global|0.5|2,gaussian_global,0.5,2,0.078,3,False,0.47,0.552,200,250,0.936,250
attack_a0.5_s0_e1b_persist_s0,gaussian_global|1|0,gaussian_global,1.0,0,0.156,3,False,0.495,0.572,200,250,0.936,250
attack_a0.5_s0_e1b_persist_s0,gaussian_global|1|1,gaussian_global,1.0,1,0.156,3,False,0.48,0.556,200,250,0.924,250
attack_a0.5_s0_e1b_persist_s0,gaussian_global|1|2,gaussian_global,1.0,2,0.156,3,False,0.49,0.568,200,250,0.932,250
attack_a0.5_s0_e1b_persist_s0,gaussian_global|2|0,gaussian_global,2.0,0,0.312,3,False,0.51,0.58,200,250,0.916,250
attack_a0.5_s0_e1b_persist_s0,gaussian_global|2|1,gaussian_global,2.0,1,0.312,3,False,0.465,0.544,200,250,0.912,250
attack_a0.5_s0_e1b_persist_s0,gaussian_global|2|2,gaussian_global,2.0,2,0.312,3,False,0.48,0.564,200,250,0.932,250
attack_a0.5_s0_e1b_persist_s0,gaussian_global|4|0,gaussian_global,4.0,0,0.624,3,False,0.605,0.648,200,250,0.812,250
attack_a0.5_s0_e1b_persist_s0,gaussian_global|4|1,gaussian_global,4.0,1,0.624,3,False,0.36,0.464,200,250,0.864,250
attack_a0.5_s0_e1b_persist_s0,gaussian_global|4|2,gaussian_global,4.0,2,0.624,3,False,0.52,0.588,200,250,0.888,250
attack_a0.5_s0_e1b_persist_s0,gaussian_layer_matched|0.5|0,gaussian_layer_matched,0.5,0,0.078,3,False,0.49,0.568,200,250,0.932,250
attack_a0.5_s0_e1b_persist_s0,gaussian_layer_matched|0.5|1,gaussian_layer_matched,0.5,1,0.078,3,False,0.495,0.568,200,250,0.924,250
attack_a0.5_s0_e1b_persist_s0,gaussian_layer_matched|0.5|2,gaussian_layer_matched,0.5,2,0.078,3,False,0.455,0.54,200,250,0.932,250
attack_a0.5_s0_e1b_persist_s0,gaussian_layer_matched|1|0,gaussian_layer_matched,1.0,0,0.156,3,False,0.49,0.564,200,250,0.932,250
attack_a0.5_s0_e1b_persist_s0,gaussian_layer_matched|1|1,gaussian_layer_matched,1.0,1,0.156,3,False,0.515,0.588,200,250,0.924,250
attack_a0.5_s0_e1b_persist_s0,gaussian_layer_matched|1|2,gaussian_layer_matched,1.0,2,0.156,3,False,0.48,0.56,200,250,0.936,250
attack_a0.5_s0_e1b_persist_s0,gaussian_layer_matched|2|0,gaussian_layer_matched,2.0,0,0.312,3,False,0.58,0.632,200,250,0.876,250
attack_a0.5_s0_e1b_persist_s0,gaussian_layer_matched|2|1,gaussian_layer_matched,2.0,1,0.312,3,False,0.535,0.596,200,250,0.888,250
attack_a0.5_s0_e1b_persist_s0,gaussian_layer_matched|2|2,gaussian_layer_matched,2.0,2,0.312,3,False,0.485,0.564,200,250,0.916,250
attack_a0.5_s0_e1b_persist_s0,gaussian_layer_matched|4|0,gaussian_layer_matched,4.0,0,0.624,3,False,0.69,0.652,200,250,0.52,250
attack_a0.5_s0_e1b_persist_s0,gaussian_layer_matched|4|1,gaussian_layer_matched,4.0,1,0.624,3,False,0.4,0.452,200,250,0.764,250
attack_a0.5_s0_e1b_persist_s0,gaussian_layer_matched|4|2,gaussian_layer_matched,4.0,2,0.624,3,False,0.53,0.588,200,250,0.632,250
attack_a0.5_s0_e1b_persist_s0,shuffled|0.5|0,shuffled,0.5,0,0.078,3,False,0.36,0.468,200,250,0.92,250
attack_a0.5_s0_e1b_persist_s0,shuffled|0.5|1,shuffled,0.5,1,0.078,3,False,0.38,0.476,200,250,0.92,250
attack_a0.5_s0_e1b_persist_s0,shuffled|0.5|2,shuffled,0.5,2,0.078,3,False,0.365,0.468,200,250,0.92,250
attack_a0.5_s0_e1b_persist_s0,shuffled|1|0,shuffled,1.0,0,0.156,3,False,0.31,0.416,200,250,0.86,250
attack_a0.5_s0_e1b_persist_s0,shuffled|1|1,shuffled,1.0,1,0.156,3,False,0.31,0.416,200,250,0.892,250
attack_a0.5_s0_e1b_persist_s0,shuffled|1|2,shuffled,1.0,2,0.156,3,False,0.295,0.388,200,250,0.884,250
attack_a0.5_s0_e1b_persist_s0,shuffled|2|0,shuffled,2.0,0,0.312,3,False,0.135,0.2,200,250,0.664,250
attack_a0.5_s0_e1b_persist_s0,shuffled|2|1,shuffled,2.0,1,0.312,3,False,0.185,0.272,200,250,0.796,250
attack_a0.5_s0_e1b_persist_s0,shuffled|2|2,shuffled,2.0,2,0.312,3,False,0.165,0.24,200,250,0.728,250
attack_a0.5_s0_e1b_persist_s0,shuffled|4|0,shuffled,4.0,0,0.624,3,False,0.0,0.0,200,250,0.424,250
attack_a0.5_s0_e1b_persist_s0,shuffled|4|1,shuffled,4.0,1,0.624,3,False,0.055,0.056,200,250,0.48,250
attack_a0.5_s0_e1b_persist_s0,shuffled|4|2,shuffled,4.0,2,0.624,3,False,0.03,0.024,200,250,0.46,250
attack_a0.5_s0_e1b_persist_s0,sign_flipped|0.5|0,sign_flipped,0.5,0,0.078,3,False,0.475,0.556,200,250,0.944,250
attack_a0.5_s0_e1b_persist_s0,sign_flipped|0.5|1,sign_flipped,0.5,1,0.078,3,False,0.475,0.556,200,250,0.936,250
attack_a0.5_s0_e1b_persist_s0,sign_flipped|0.5|2,sign_flipped,0.5,2,0.078,3,False,0.45,0.536,200,250,0.936,250
attack_a0.5_s0_e1b_persist_s0,sign_flipped|1|0,sign_flipped,1.0,0,0.156,3,False,0.51,0.584,200,250,0.936,250
attack_a0.5_s0_e1b_persist_s0,sign_flipped|1|1,sign_flipped,1.0,1,0.156,3,False,0.465,0.54,200,250,0.932,250
attack_a0.5_s0_e1b_persist_s0,sign_flipped|1|2,sign_flipped,1.0,2,0.156,3,False,0.44,0.528,200,250,0.928,250
attack_a0.5_s0_e1b_persist_s0,sign_flipped|2|0,sign_flipped,2.0,0,0.312,3,False,0.58,0.636,200,250,0.908,250
attack_a0.5_s0_e1b_persist_s0,sign_flipped|2|1,sign_flipped,2.0,1,0.312,3,False,0.46,0.532,200,250,0.908,250
attack_a0.5_s0_e1b_persist_s0,sign_flipped|2|2,sign_flipped,2.0,2,0.312,3,False,0.42,0.508,200,250,0.892,250
attack_a0.5_s0_e1b_persist_s0,sign_flipped|4|0,sign_flipped,4.0,0,0.624,3,False,0.395,0.432,200,250,0.572,250
attack_a0.5_s0_e1b_persist_s0,sign_flipped|4|1,sign_flipped,4.0,1,0.624,3,False,0.44,0.484,200,250,0.704,250
attack_a0.5_s0_e1b_persist_s0,sign_flipped|4|2,sign_flipped,4.0,2,0.624,3,False,0.26,0.264,200,250,0.424,250
attack_a0.5_s0_e1b_persist_s0,real|0.5|0,real,0.5,0,0.078,3,False,0.125,0.204,200,250,0.908,250
attack_a0.5_s0_e1b_persist_s0,real|1|0,real,1.0,0,0.156,3,False,0.02,0.032,200,250,0.828,250
attack_a0.5_s0_e1b_persist_s0,real|2|0,real,2.0,0,0.312,3,False,0.0,0.0,200,250,0.468,250
attack_a0.5_s0_e1b_persist_s0,real|4|0,real,4.0,0,0.624,3,False,0.0,0.0,200,250,0.02,250
attack_a0.5_s0_e1b_persist_s0,zero|0|0,zero,0.0,0,0.0,4,False,0.37344398340248963,0.396,241,250,0.832,250
attack_a0.5_s0_e1b_persist_s0,gaussian_global|0.5|0,gaussian_global,0.5,0,0.078,4,False,0.3983402489626556,0.42,241,250,0.84,250
attack_a0.5_s0_e1b_persist_s0,gaussian_global|0.5|1,gaussian_global,0.5,1,0.078,4,False,0.3651452282157676,0.388,241,250,0.844,250
attack_a0.5_s0_e1b_persist_s0,gaussian_global|0.5|2,gaussian_global,0.5,2,0.078,4,False,0.3775933609958506,0.4,241,250,0.832,250
attack_a0.5_s0_e1b_persist_s0,gaussian_global|1|0,gaussian_global,1.0,0,0.156,4,False,0.4024896265560166,0.424,241,250,0.844,250
attack_a0.5_s0_e1b_persist_s0,gaussian_global|1|1,gaussian_global,1.0,1,0.156,4,False,0.3651452282157676,0.388,241,250,0.836,250
attack_a0.5_s0_e1b_persist_s0,gaussian_global|1|2,gaussian_global,1.0,2,0.156,4,False,0.3817427385892116,0.404,241,250,0.828,250
attack_a0.5_s0_e1b_persist_s0,gaussian_global|2|0,gaussian_global,2.0,0,0.312,4,False,0.42738589211618255,0.448,241,250,0.848,250
attack_a0.5_s0_e1b_persist_s0,gaussian_global|2|1,gaussian_global,2.0,1,0.312,4,False,0.35269709543568467,0.376,241,250,0.82,250
attack_a0.5_s0_e1b_persist_s0,gaussian_global|2|2,gaussian_global,2.0,2,0.312,4,False,0.4107883817427386,0.432,241,250,0.804,250
attack_a0.5_s0_e1b_persist_s0,gaussian_global|4|0,gaussian_global,4.0,0,0.624,4,False,0.4605809128630705,0.472,241,250,0.74,250
attack_a0.5_s0_e1b_persist_s0,gaussian_global|4|1,gaussian_global,4.0,1,0.624,4,False,0.2157676348547718,0.232,241,250,0.708,250
attack_a0.5_s0_e1b_persist_s0,gaussian_global|4|2,gaussian_global,4.0,2,0.624,4,False,0.3983402489626556,0.416,241,250,0.76,250
attack_a0.5_s0_e1b_persist_s0,gaussian_layer_matched|0.5|0,gaussian_layer_matched,0.5,0,0.078,4,False,0.3941908713692946,0.416,241,250,0.848,250
attack_a0.5_s0_e1b_persist_s0,gaussian_layer_matched|0.5|1,gaussian_layer_matched,0.5,1,0.078,4,False,0.3941908713692946,0.416,241,250,0.848,250
attack_a0.5_s0_e1b_persist_s0,gaussian_layer_matched|0.5|2,gaussian_layer_matched,0.5,2,0.078,4,False,0.37344398340248963,0.396,241,250,0.824,250
attack_a0.5_s0_e1b_persist_s0,gaussian_layer_matched|1|0,gaussian_layer_matched,1.0,0,0.156,4,False,0.42738589211618255,0.448,241,250,0.844,250
attack_a0.5_s0_e1b_persist_s0,gaussian_layer_matched|1|1,gaussian_layer_matched,1.0,1,0.156,4,False,0.4024896265560166,0.424,241,250,0.852,250
attack_a0.5_s0_e1b_persist_s0,gaussian_layer_matched|1|2,gaussian_layer_matched,1.0,2,0.156,4,False,0.3983402489626556,0.42,241,250,0.792,250
attack_a0.5_s0_e1b_persist_s0,gaussian_layer_matched|2|0,gaussian_layer_matched,2.0,0,0.312,4,False,0.48132780082987553,0.496,241,250,0.816,250
attack_a0.5_s0_e1b_persist_s0,gaussian_layer_matched|2|1,gaussian_layer_matched,2.0,1,0.312,4,False,0.4066390041493776,0.428,241,250,0.804,250
attack_a0.5_s0_e1b_persist_s0,gaussian_layer_matched|2|2,gaussian_layer_matched,2.0,2,0.312,4,False,0.42738589211618255,0.448,241,250,0.736,250
attack_a0.5_s0_e1b_persist_s0,gaussian_layer_matched|4|0,gaussian_layer_matched,4.0,0,0.624,4,False,0.5684647302904564,0.556,241,250,0.456,250
attack_a0.5_s0_e1b_persist_s0,gaussian_layer_matched|4|1,gaussian_layer_matched,4.0,1,0.624,4,False,0.1950207468879668,0.2,241,250,0.632,250
attack_a0.5_s0_e1b_persist_s0,gaussian_layer_matched|4|2,gaussian_layer_matched,4.0,2,0.624,4,False,0.2572614107883817,0.272,241,250,0.548,250
attack_a0.5_s0_e1b_persist_s0,shuffled|0.5|0,shuffled,0.5,0,0.078,4,False,0.3278008298755187,0.352,241,250,0.804,250
attack_a0.5_s0_e1b_persist_s0,shuffled|0.5|1,shuffled,0.5,1,0.078,4,False,0.3029045643153527,0.328,241,250,0.812,250
attack_a0.5_s0_e1b_persist_s0,shuffled|0.5|2,shuffled,0.5,2,0.078,4,False,0.33195020746887965,0.356,241,250,0.804,250
attack_a0.5_s0_e1b_persist_s0,shuffled|1|0,shuffled,1.0,0,0.156,4,False,0.24481327800829875,0.268,241,250,0.72,250
attack_a0.5_s0_e1b_persist_s0,shuffled|1|1,shuffled,1.0,1,0.156,4,False,0.24481327800829875,0.272,241,250,0.744,250
attack_a0.5_s0_e1b_persist_s0,shuffled|1|2,shuffled,1.0,2,0.156,4,False,0.2863070539419087,0.304,241,250,0.736,250
attack_a0.5_s0_e1b_persist_s0,shuffled|2|0,shuffled,2.0,0,0.312,4,False,0.1037344398340249,0.108,241,250,0.508,250
attack_a0.5_s0_e1b_persist_s0,shuffled|2|1,shuffled,2.0,1,0.312,4,False,0.12033195020746888,0.132,241,250,0.556,250
attack_a0.5_s0_e1b_persist_s0,shuffled|2|2,shuffled,2.0,2,0.312,4,False,0.17427385892116182,0.176,241,250,0.476,250
attack_a0.5_s0_e1b_persist_s0,shuffled|4|0,shuffled,4.0,0,0.624,4,False,0.0,0.0,241,250,0.108,250
attack_a0.5_s0_e1b_persist_s0,shuffled|4|1,shuffled,4.0,1,0.624,4,False,0.008298755186721992,0.008,241,250,0.136,250
attack_a0.5_s0_e1b_persist_s0,shuffled|4|2,shuffled,4.0,2,0.624,4,False,0.024896265560165973,0.024,241,250,0.124,250
attack_a0.5_s0_e1b_persist_s0,sign_flipped|0.5|0,sign_flipped,0.5,0,0.078,4,False,0.3941908713692946,0.416,241,250,0.832,250
attack_a0.5_s0_e1b_persist_s0,sign_flipped|0.5|1,sign_flipped,0.5,1,0.078,4,False,0.3651452282157676,0.388,241,250,0.824,250
attack_a0.5_s0_e1b_persist_s0,sign_flipped|0.5|2,sign_flipped,0.5,2,0.078,4,False,0.34439834024896265,0.364,241,250,0.832,250
attack_a0.5_s0_e1b_persist_s0,sign_flipped|1|0,sign_flipped,1.0,0,0.156,4,False,0.3983402489626556,0.42,241,250,0.812,250
attack_a0.5_s0_e1b_persist_s0,sign_flipped|1|1,sign_flipped,1.0,1,0.156,4,False,0.3651452282157676,0.384,241,250,0.82,250
attack_a0.5_s0_e1b_persist_s0,sign_flipped|1|2,sign_flipped,1.0,2,0.156,4,False,0.33195020746887965,0.352,241,250,0.844,250
attack_a0.5_s0_e1b_persist_s0,sign_flipped|2|0,sign_flipped,2.0,0,0.312,4,False,0.38589211618257263,0.404,241,250,0.728,250
attack_a0.5_s0_e1b_persist_s0,sign_flipped|2|1,sign_flipped,2.0,1,0.312,4,False,0.3278008298755187,0.348,241,250,0.76,250
attack_a0.5_s0_e1b_persist_s0,sign_flipped|2|2,sign_flipped,2.0,2,0.312,4,False,0.23651452282157676,0.256,241,250,0.784,250
attack_a0.5_s0_e1b_persist_s0,sign_flipped|4|0,sign_flipped,4.0,0,0.624,4,False,0.13278008298755187,0.128,241,250,0.436,250
attack_a0.5_s0_e1b_persist_s0,sign_flipped|4|1,sign_flipped,4.0,1,0.624,4,False,0.27385892116182575,0.276,241,250,0.556,250
attack_a0.5_s0_e1b_persist_s0,sign_flipped|4|2,sign_flipped,4.0,2,0.624,4,False,0.04564315352697095,0.044,241,250,0.484,250
attack_a0.5_s0_e1b_persist_s0,real|0.5|0,real,0.5,0,0.078,4,False,0.058091286307053944,0.068,241,250,0.8,250
attack_a0.5_s0_e1b_persist_s0,real|1|0,real,1.0,0,0.156,4,False,0.004149377593360996,0.008,241,250,0.664,250
attack_a0.5_s0_e1b_persist_s0,real|2|0,real,2.0,0,0.312,4,False,0.0,0.0,241,250,0.384,250
attack_a0.5_s0_e1b_persist_s0,real|4|0,real,4.0,0,0.624,4,False,0.0,0.0,241,250,0.192,250
attack_a0.5_s0_e1b_persist_s0,zero|0|0,zero,0.0,0,0.0,5,False,0.3782608695652174,0.396,230,250,0.756,250
attack_a0.5_s0_e1b_persist_s0,gaussian_global|0.5|0,gaussian_global,0.5,0,0.078,5,False,0.40869565217391307,0.428,230,250,0.752,250
attack_a0.5_s0_e1b_persist_s0,gaussian_global|0.5|1,gaussian_global,0.5,1,0.078,5,False,0.34347826086956523,0.36,230,250,0.76,250
attack_a0.5_s0_e1b_persist_s0,gaussian_global|0.5|2,gaussian_global,0.5,2,0.078,5,False,0.3739130434782609,0.392,230,250,0.768,250
attack_a0.5_s0_e1b_persist_s0,gaussian_global|1|0,gaussian_global,1.0,0,0.156,5,False,0.3869565217391304,0.408,230,250,0.748,250
attack_a0.5_s0_e1b_persist_s0,gaussian_global|1|1,gaussian_global,1.0,1,0.156,5,False,0.34782608695652173,0.364,230,250,0.764,250
attack_a0.5_s0_e1b_persist_s0,gaussian_global|1|2,gaussian_global,1.0,2,0.156,5,False,0.3869565217391304,0.404,230,250,0.768,250
attack_a0.5_s0_e1b_persist_s0,gaussian_global|2|0,gaussian_global,2.0,0,0.312,5,False,0.4434782608695652,0.46,230,250,0.744,250
attack_a0.5_s0_e1b_persist_s0,gaussian_global|2|1,gaussian_global,2.0,1,0.312,5,False,0.3347826086956522,0.352,230,250,0.756,250
attack_a0.5_s0_e1b_persist_s0,gaussian_global|2|2,gaussian_global,2.0,2,0.312,5,False,0.41304347826086957,0.432,230,250,0.74,250
attack_a0.5_s0_e1b_persist_s0,gaussian_global|4|0,gaussian_global,4.0,0,0.624,5,False,0.43478260869565216,0.456,230,250,0.684,250
attack_a0.5_s0_e1b_persist_s0,gaussian_global|4|1,gaussian_global,4.0,1,0.624,5,False,0.21304347826086956,0.224,230,250,0.72,250
attack_a0.5_s0_e1b_persist_s0,gaussian_global|4|2,gaussian_global,4.0,2,0.624,5,False,0.3521739130434783,0.376,230,250,0.708,250
attack_a0.5_s0_e1b_persist_s0,gaussian_layer_matched|0.5|0,gaussian_layer_matched,0.5,0,0.078,5,False,0.3565217391304348,0.384,230,250,0.756,250
attack_a0.5_s0_e1b_persist_s0,gaussian_layer_matched|0.5|1,gaussian_layer_matched,0.5,1,0.078,5,False,0.3782608695652174,0.4,230,250,0.76,250
attack_a0.5_s0_e1b_persist_s0,gaussian_layer_matched|0.5|2,gaussian_layer_matched,0.5,2,0.078,5,False,0.391304347826087,0.408,230,250,0.76,250
attack_a0.5_s0_e1b_persist_s0,gaussian_layer_matched|1|0,gaussian_layer_matched,1.0,0,0.156,5,False,0.3782608695652174,0.404,230,250,0.748,250
attack_a0.5_s0_e1b_persist_s0,gaussian_layer_matched|1|1,gaussian_layer_matched,1.0,1,0.156,5,False,0.3782608695652174,0.396,230,250,0.752,250
attack_a0.5_s0_e1b_persist_s0,gaussian_layer_matched|1|2,gaussian_layer_matched,1.0,2,0.156,5,False,0.43478260869565216,0.448,230,250,0.752,250
attack_a0.5_s0_e1b_persist_s0,gaussian_layer_matched|2|0,gaussian_layer_matched,2.0,0,0.312,5,False,0.39565217391304347,0.42,230,250,0.748,250
attack_a0.5_s0_e1b_persist_s0,gaussian_layer_matched|2|1,gaussian_layer_matched,2.0,1,0.312,5,False,0.4,0.416,230,250,0.744,250
attack_a0.5_s0_e1b_persist_s0,gaussian_layer_matched|2|2,gaussian_layer_matched,2.0,2,0.312,5,False,0.45652173913043476,0.476,230,250,0.732,250
attack_a0.5_s0_e1b_persist_s0,gaussian_layer_matched|4|0,gaussian_layer_matched,4.0,0,0.624,5,False,0.5652173913043478,0.544,230,250,0.388,250
attack_a0.5_s0_e1b_persist_s0,gaussian_layer_matched|4|1,gaussian_layer_matched,4.0,1,0.624,5,False,0.20434782608695654,0.216,230,250,0.628,250
attack_a0.5_s0_e1b_persist_s0,gaussian_layer_matched|4|2,gaussian_layer_matched,4.0,2,0.624,5,False,0.3652173913043478,0.364,230,250,0.56,250
attack_a0.5_s0_e1b_persist_s0,shuffled|0.5|0,shuffled,0.5,0,0.078,5,False,0.29130434782608694,0.316,230,250,0.74,250
attack_a0.5_s0_e1b_persist_s0,shuffled|0.5|1,shuffled,0.5,1,0.078,5,False,0.26956521739130435,0.296,230,250,0.744,250
attack_a0.5_s0_e1b_persist_s0,shuffled|0.5|2,shuffled,0.5,2,0.078,5,False,0.30869565217391304,0.328,230,250,0.728,250
attack_a0.5_s0_e1b_persist_s0,shuffled|1|0,shuffled,1.0,0,0.156,5,False,0.21304347826086956,0.236,230,250,0.704,250
attack_a0.5_s0_e1b_persist_s0,shuffled|1|1,shuffled,1.0,1,0.156,5,False,0.22608695652173913,0.248,230,250,0.72,250
attack_a0.5_s0_e1b_persist_s0,shuffled|1|2,shuffled,1.0,2,0.156,5,False,0.24347826086956523,0.268,230,250,0.676,250
attack_a0.5_s0_e1b_persist_s0,shuffled|2|0,shuffled,2.0,0,0.312,5,False,0.06956521739130435,0.076,230,250,0.44,250
attack_a0.5_s0_e1b_persist_s0,shuffled|2|1,shuffled,2.0,1,0.312,5,False,0.09565217391304348,0.116,230,250,0.508,250
attack_a0.5_s0_e1b_persist_s0,shuffled|2|2,shuffled,2.0,2,0.312,5,False,0.11739130434782609,0.14,230,250,0.456,250
attack_a0.5_s0_e1b_persist_s0,shuffled|4|0,shuffled,4.0,0,0.624,5,False,0.0,0.0,230,250,0.164,250
attack_a0.5_s0_e1b_persist_s0,shuffled|4|1,shuffled,4.0,1,0.624,5,False,0.013043478260869565,0.012,230,250,0.16,250
attack_a0.5_s0_e1b_persist_s0,shuffled|4|2,shuffled,4.0,2,0.624,5,False,0.034782608695652174,0.032,230,250,0.16,250
attack_a0.5_s0_e1b_persist_s0,sign_flipped|0.5|0,sign_flipped,0.5,0,0.078,5,False,0.3652173913043478,0.384,230,250,0.752,250
attack_a0.5_s0_e1b_persist_s0,sign_flipped|0.5|1,sign_flipped,0.5,1,0.078,5,False,0.3695652173913043,0.388,230,250,0.756,250
attack_a0.5_s0_e1b_persist_s0,sign_flipped|0.5|2,sign_flipped,0.5,2,0.078,5,False,0.3347826086956522,0.352,230,250,0.756,250
attack_a0.5_s0_e1b_persist_s0,sign_flipped|1|0,sign_flipped,1.0,0,0.156,5,False,0.3695652173913043,0.388,230,250,0.748,250
attack_a0.5_s0_e1b_persist_s0,sign_flipped|1|1,sign_flipped,1.0,1,0.156,5,False,0.33043478260869563,0.352,230,250,0.756,250
attack_a0.5_s0_e1b_persist_s0,sign_flipped|1|2,sign_flipped,1.0,2,0.156,5,False,0.2956521739130435,0.32,230,250,0.752,250
attack_a0.5_s0_e1b_persist_s0,sign_flipped|2|0,sign_flipped,2.0,0,0.312,5,False,0.36086956521739133,0.364,230,250,0.712,250
attack_a0.5_s0_e1b_persist_s0,sign_flipped|2|1,sign_flipped,2.0,1,0.312,5,False,0.3173913043478261,0.332,230,250,0.732,250
attack_a0.5_s0_e1b_persist_s0,sign_flipped|2|2,sign_flipped,2.0,2,0.312,5,False,0.1956521739130435,0.22,230,250,0.752,250
attack_a0.5_s0_e1b_persist_s0,sign_flipped|4|0,sign_flipped,4.0,0,0.624,5,False,0.0782608695652174,0.072,230,250,0.448,250
attack_a0.5_s0_e1b_persist_s0,sign_flipped|4|1,sign_flipped,4.0,1,0.624,5,False,0.3173913043478261,0.328,230,250,0.54,250
attack_a0.5_s0_e1b_persist_s0,sign_flipped|4|2,sign_flipped,4.0,2,0.624,5,False,0.034782608695652174,0.032,230,250,0.472,250
attack_a0.5_s0_e1b_persist_s0,real|0.5|0,real,0.5,0,0.078,5,False,0.030434782608695653,0.04,230,250,0.732,250
attack_a0.5_s0_e1b_persist_s0,real|1|0,real,1.0,0,0.156,5,False,0.0,0.0,230,250,0.616,250
attack_a0.5_s0_e1b_persist_s0,real|2|0,real,2.0,0,0.312,5,False,0.0,0.0,230,250,0.344,250
attack_a0.5_s0_e1b_persist_s0,real|4|0,real,4.0,0,0.624,5,False,0.0,0.0,230,250,0.224,250
attack_a0.5_s0_e1b_persist_s0,zero|0|0,zero,0.0,0,0.0,7,False,0.046242774566473986,0.108,173,250,0.584,250
attack_a0.5_s0_e1b_persist_s0,gaussian_global|0.5|0,gaussian_global,0.5,0,0.078,7,False,0.03468208092485549,0.104,173,250,0.592,250
attack_a0.5_s0_e1b_persist_s0,gaussian_global|0.5|1,gaussian_global,0.5,1,0.078,7,False,0.046242774566473986,0.116,173,250,0.58,250
attack_a0.5_s0_e1b_persist_s0,gaussian_global|0.5|2,gaussian_global,0.5,2,0.078,7,False,0.046242774566473986,0.12,173,250,0.588,250
attack_a0.5_s0_e1b_persist_s0,gaussian_global|1|0,gaussian_global,1.0,0,0.156,7,False,0.046242774566473986,0.1,173,250,0.584,250
attack_a0.5_s0_e1b_persist_s0,gaussian_global|1|1,gaussian_global,1.0,1,0.156,7,False,0.05202312138728324,0.128,173,250,0.576,250
attack_a0.5_s0_e1b_persist_s0,gaussian_global|1|2,gaussian_global,1.0,2,0.156,7,False,0.06358381502890173,0.136,173,250,0.576,250
attack_a0.5_s0_e1b_persist_s0,gaussian_global|2|0,gaussian_global,2.0,0,0.312,7,False,0.04046242774566474,0.092,173,250,0.568,250
attack_a0.5_s0_e1b_persist_s0,gaussian_global|2|1,gaussian_global,2.0,1,0.312,7,False,0.05202312138728324,0.116,173,250,0.552,250
attack_a0.5_s0_e1b_persist_s0,gaussian_global|2|2,gaussian_global,2.0,2,0.312,7,False,0.057803468208092484,0.112,173,250,0.58,250
attack_a0.5_s0_e1b_persist_s0,gaussian_global|4|0,gaussian_global,4.0,0,0.624,7,False,0.011560693641618497,0.032,173,250,0.444,250
attack_a0.5_s0_e1b_persist_s0,gaussian_global|4|1,gaussian_global,4.0,1,0.624,7,False,0.017341040462427744,0.06,173,250,0.428,250
attack_a0.5_s0_e1b_persist_s0,gaussian_global|4|2,gaussian_global,4.0,2,0.624,7,False,0.03468208092485549,0.056,173,250,0.508,250
attack_a0.5_s0_e1b_persist_s0,gaussian_layer_matched|0.5|0,gaussian_layer_matched,0.5,0,0.078,7,False,0.023121387283236993,0.092,173,250,0.572,250
attack_a0.5_s0_e1b_persist_s0,gaussian_layer_matched|0.5|1,gaussian_layer_matched,0.5,1,0.078,7,False,0.05202312138728324,0.132,173,250,0.584,250
attack_a0.5_s0_e1b_persist_s0,gaussian_layer_matched|0.5|2,gaussian_layer_matched,0.5,2,0.078,7,False,0.05202312138728324,0.136,173,250,0.572,250
attack_a0.5_s0_e1b_persist_s0,gaussian_layer_matched|1|0,gaussian_layer_matched,1.0,0,0.156,7,False,0.028901734104046242,0.084,173,250,0.552,250
attack_a0.5_s0_e1b_persist_s0,gaussian_layer_matched|1|1,gaussian_layer_matched,1.0,1,0.156,7,False,0.08670520231213873,0.152,173,250,0.584,250
attack_a0.5_s0_e1b_persist_s0,gaussian_layer_matched|1|2,gaussian_layer_matched,1.0,2,0.156,7,False,0.05202312138728324,0.124,173,250,0.576,250
attack_a0.5_s0_e1b_persist_s0,gaussian_layer_matched|2|0,gaussian_layer_matched,2.0,0,0.312,7,False,0.023121387283236993,0.052,173,250,0.48,250
attack_a0.5_s0_e1b_persist_s0,gaussian_layer_matched|2|1,gaussian_layer_matched,2.0,1,0.312,7,False,0.057803468208092484,0.124,173,250,0.528,250
attack_a0.5_s0_e1b_persist_s0,gaussian_layer_matched|2|2,gaussian_layer_matched,2.0,2,0.312,7,False,0.04046242774566474,0.1,173,250,0.552,250
attack_a0.5_s0_e1b_persist_s0,gaussian_layer_matched|4|0,gaussian_layer_matched,4.0,0,0.624,7,False,0.0,0.0,173,250,0.204,250
attack_a0.5_s0_e1b_persist_s0,gaussian_layer_matched|4|1,gaussian_layer_matched,4.0,1,0.624,7,False,0.005780346820809248,0.008,173,250,0.284,250
attack_a0.5_s0_e1b_persist_s0,gaussian_layer_matched|4|2,gaussian_layer_matched,4.0,2,0.624,7,False,0.0,0.012,173,250,0.412,250
attack_a0.5_s0_e1b_persist_s0,shuffled|0.5|0,shuffled,0.5,0,0.078,7,False,0.05202312138728324,0.144,173,250,0.608,250
attack_a0.5_s0_e1b_persist_s0,shuffled|0.5|1,shuffled,0.5,1,0.078,7,False,0.06936416184971098,0.14,173,250,0.616,250
attack_a0.5_s0_e1b_persist_s0,shuffled|0.5|2,shuffled,0.5,2,0.078,7,False,0.057803468208092484,0.136,173,250,0.6,250
attack_a0.5_s0_e1b_persist_s0,shuffled|1|0,shuffled,1.0,0,0.156,7,False,0.046242774566473986,0.136,173,250,0.604,250
attack_a0.5_s0_e1b_persist_s0,shuffled|1|1,shuffled,1.0,1,0.156,7,False,0.057803468208092484,0.128,173,250,0.604,250
attack_a0.5_s0_e1b_persist_s0,shuffled|1|2,shuffled,1.0,2,0.156,7,False,0.06936416184971098,0.14,173,250,0.632,250
attack_a0.5_s0_e1b_persist_s0,shuffled|2|0,shuffled,2.0,0,0.312,7,False,0.03468208092485549,0.092,173,250,0.468,250
attack_a0.5_s0_e1b_persist_s0,shuffled|2|1,shuffled,2.0,1,0.312,7,False,0.09248554913294797,0.188,173,250,0.612,250
attack_a0.5_s0_e1b_persist_s0,shuffled|2|2,shuffled,2.0,2,0.312,7,False,0.07514450867052024,0.104,173,250,0.548,250
attack_a0.5_s0_e1b_persist_s0,shuffled|4|0,shuffled,4.0,0,0.624,7,False,0.0,0.0,173,250,0.164,250
attack_a0.5_s0_e1b_persist_s0,shuffled|4|1,shuffled,4.0,1,0.624,7,False,0.04046242774566474,0.044,173,250,0.316,250
attack_a0.5_s0_e1b_persist_s0,shuffled|4|2,shuffled,4.0,2,0.624,7,False,0.005780346820809248,0.008,173,250,0.252,250
attack_a0.5_s0_e1b_persist_s0,sign_flipped|0.5|0,sign_flipped,0.5,0,0.078,7,False,0.05202312138728324,0.124,173,250,0.584,250
attack_a0.5_s0_e1b_persist_s0,sign_flipped|0.5|1,sign_flipped,0.5,1,0.078,7,False,0.057803468208092484,0.124,173,250,0.588,250
attack_a0.5_s0_e1b_persist_s0,sign_flipped|0.5|2,sign_flipped,0.5,2,0.078,7,False,0.046242774566473986,0.104,173,250,0.572,250
attack_a0.5_s0_e1b_persist_s0,sign_flipped|1|0,sign_flipped,1.0,0,0.156,7,False,0.046242774566473986,0.128,173,250,0.564,250
attack_a0.5_s0_e1b_persist_s0,sign_flipped|1|1,sign_flipped,1.0,1,0.156,7,False,0.06936416184971098,0.14,173,250,0.588,250
attack_a0.5_s0_e1b_persist_s0,sign_flipped|1|2,sign_flipped,1.0,2,0.156,7,False,0.04046242774566474,0.108,173,250,0.568,250
attack_a0.5_s0_e1b_persist_s0,sign_flipped|2|0,sign_flipped,2.0,0,0.312,7,False,0.06358381502890173,0.104,173,250,0.48,250
attack_a0.5_s0_e1b_persist_s0,sign_flipped|2|1,sign_flipped,2.0,1,0.312,7,False,0.05202312138728324,0.12,173,250,0.576,250
attack_a0.5_s0_e1b_persist_s0,sign_flipped|2|2,sign_flipped,2.0,2,0.312,7,False,0.028901734104046242,0.084,173,250,0.544,250
attack_a0.5_s0_e1b_persist_s0,sign_flipped|4|0,sign_flipped,4.0,0,0.624,7,False,0.0,0.008,173,250,0.228,250
attack_a0.5_s0_e1b_persist_s0,sign_flipped|4|1,sign_flipped,4.0,1,0.624,7,False,0.011560693641618497,0.028,173,250,0.376,250
attack_a0.5_s0_e1b_persist_s0,sign_flipped|4|2,sign_flipped,4.0,2,0.624,7,False,0.005780346820809248,0.016,173,250,0.3,250
attack_a0.5_s0_e1b_persist_s0,real|0.5|0,real,0.5,0,0.078,7,False,0.005780346820809248,0.024,173,250,0.488,250
attack_a0.5_s0_e1b_persist_s0,real|1|0,real,1.0,0,0.156,7,False,0.0,0.004,173,250,0.396,250
attack_a0.5_s0_e1b_persist_s0,real|2|0,real,2.0,0,0.312,7,False,0.0,0.0,173,250,0.28,250
attack_a0.5_s0_e1b_persist_s0,real|4|0,real,4.0,0,0.624,7,False,0.0,0.0,173,250,0.172,250
attack_a0.5_s0_e1b_persist_s0,zero|0|0,zero,0.0,0,0.0,8,False,0.3375,0.344,240,250,0.852,250
attack_a0.5_s0_e1b_persist_s0,gaussian_global|0.5|0,gaussian_global,0.5,0,0.078,8,False,0.3541666666666667,0.36,240,250,0.852,250
attack_a0.5_s0_e1b_persist_s0,gaussian_global|0.5|1,gaussian_global,0.5,1,0.078,8,False,0.3375,0.34,240,250,0.848,250
attack_a0.5_s0_e1b_persist_s0,gaussian_global|0.5|2,gaussian_global,0.5,2,0.078,8,False,0.3458333333333333,0.344,240,250,0.844,250
attack_a0.5_s0_e1b_persist_s0,gaussian_global|1|0,gaussian_global,1.0,0,0.156,8,False,0.36666666666666664,0.368,240,250,0.852,250
attack_a0.5_s0_e1b_persist_s0,gaussian_global|1|1,gaussian_global,1.0,1,0.156,8,False,0.3416666666666667,0.348,240,250,0.848,250
attack_a0.5_s0_e1b_persist_s0,gaussian_global|1|2,gaussian_global,1.0,2,0.156,8,False,0.3416666666666667,0.348,240,250,0.852,250
attack_a0.5_s0_e1b_persist_s0,gaussian_global|2|0,gaussian_global,2.0,0,0.312,8,False,0.3958333333333333,0.4,240,250,0.84,250
attack_a0.5_s0_e1b_persist_s0,gaussian_global|2|1,gaussian_global,2.0,1,0.312,8,False,0.31666666666666665,0.324,240,250,0.832,250
attack_a0.5_s0_e1b_persist_s0,gaussian_global|2|2,gaussian_global,2.0,2,0.312,8,False,0.35833333333333334,0.36,240,250,0.848,250
attack_a0.5_s0_e1b_persist_s0,gaussian_global|4|0,gaussian_global,4.0,0,0.624,8,False,0.375,0.38,240,250,0.812,250
attack_a0.5_s0_e1b_persist_s0,gaussian_global|4|1,gaussian_global,4.0,1,0.624,8,False,0.2,0.204,240,250,0.796,250
attack_a0.5_s0_e1b_persist_s0,gaussian_global|4|2,gaussian_global,4.0,2,0.624,8,False,0.30416666666666664,0.296,240,250,0.8,250
attack_a0.5_s0_e1b_persist_s0,gaussian_layer_matched|0.5|0,gaussian_layer_matched,0.5,0,0.078,8,False,0.35,0.352,240,250,0.844,250
attack_a0.5_s0_e1b_persist_s0,gaussian_layer_matched|0.5|1,gaussian_layer_matched,0.5,1,0.078,8,False,0.3541666666666667,0.36,240,250,0.852,250
attack_a0.5_s0_e1b_persist_s0,gaussian_layer_matched|0.5|2,gaussian_layer_matched,0.5,2,0.078,8,False,0.3458333333333333,0.348,240,250,0.852,250
attack_a0.5_s0_e1b_persist_s0,gaussian_layer_matched|1|0,gaussian_layer_matched,1.0,0,0.156,8,False,0.375,0.38,240,250,0.82,250
attack_a0.5_s0_e1b_persist_s0,gaussian_layer_matched|1|1,gaussian_layer_matched,1.0,1,0.156,8,False,0.375,0.38,240,250,0.832,250
attack_a0.5_s0_e1b_persist_s0,gaussian_layer_matched|1|2,gaussian_layer_matched,1.0,2,0.156,8,False,0.35,0.348,240,250,0.84,250
attack_a0.5_s0_e1b_persist_s0,gaussian_layer_matched|2|0,gaussian_layer_matched,2.0,0,0.312,8,False,0.42083333333333334,0.424,240,250,0.792,250
attack_a0.5_s0_e1b_persist_s0,gaussian_layer_matched|2|1,gaussian_layer_matched,2.0,1,0.312,8,False,0.39166666666666666,0.396,240,250,0.816,250
attack_a0.5_s0_e1b_persist_s0,gaussian_layer_matched|2|2,gaussian_layer_matched,2.0,2,0.312,8,False,0.37916666666666665,0.38,240,250,0.828,250
attack_a0.5_s0_e1b_persist_s0,gaussian_layer_matched|4|0,gaussian_layer_matched,4.0,0,0.624,8,False,0.4666666666666667,0.456,240,250,0.676,250
attack_a0.5_s0_e1b_persist_s0,gaussian_layer_matched|4|1,gaussian_layer_matched,4.0,1,0.624,8,False,0.1875,0.192,240,250,0.712,250
attack_a0.5_s0_e1b_persist_s0,gaussian_layer_matched|4|2,gaussian_layer_matched,4.0,2,0.624,8,False,0.26666666666666666,0.256,240,250,0.624,250
attack_a0.5_s0_e1b_persist_s0,shuffled|0.5|0,shuffled,0.5,0,0.078,8,False,0.3375,0.34,240,250,0.828,250
attack_a0.5_s0_e1b_persist_s0,shuffled|0.5|1,shuffled,0.5,1,0.078,8,False,0.29583333333333334,0.3,240,250,0.848,250
attack_a0.5_s0_e1b_persist_s0,shuffled|0.5|2,shuffled,0.5,2,0.078,8,False,0.2875,0.292,240,250,0.844,250
attack_a0.5_s0_e1b_persist_s0,shuffled|1|0,shuffled,1.0,0,0.156,8,False,0.29583333333333334,0.304,240,250,0.78,250
attack_a0.5_s0_e1b_persist_s0,shuffled|1|1,shuffled,1.0,1,0.156,8,False,0.23333333333333334,0.236,240,250,0.796,250
attack_a0.5_s0_e1b_persist_s0,shuffled|1|2,shuffled,1.0,2,0.156,8,False,0.23333333333333334,0.232,240,250,0.772,250
attack_a0.5_s0_e1b_persist_s0,shuffled|2|0,shuffled,2.0,0,0.312,8,False,0.17916666666666667,0.172,240,250,0.54,250
attack_a0.5_s0_e1b_persist_s0,shuffled|2|1,shuffled,2.0,1,0.312,8,False,0.09583333333333334,0.092,240,250,0.644,250
attack_a0.5_s0_e1b_persist_s0,shuffled|2|2,shuffled,2.0,2,0.312,8,False,0.14583333333333334,0.14,240,250,0.596,250
attack_a0.5_s0_e1b_persist_s0,shuffled|4|0,shuffled,4.0,0,0.624,8,False,0.0,0.0,240,250,0.072,250
attack_a0.5_s0_e1b_persist_s0,shuffled|4|1,shuffled,4.0,1,0.624,8,False,0.008333333333333333,0.008,240,250,0.28,250
attack_a0.5_s0_e1b_persist_s0,shuffled|4|2,shuffled,4.0,2,0.624,8,False,0.0125,0.012,240,250,0.144,250
attack_a0.5_s0_e1b_persist_s0,sign_flipped|0.5|0,sign_flipped,0.5,0,0.078,8,False,0.375,0.38,240,250,0.852,250
attack_a0.5_s0_e1b_persist_s0,sign_flipped|0.5|1,sign_flipped,0.5,1,0.078,8,False,0.3333333333333333,0.336,240,250,0.852,250
attack_a0.5_s0_e1b_persist_s0,sign_flipped|0.5|2,sign_flipped,0.5,2,0.078,8,False,0.3,0.3,240,250,0.86,250
attack_a0.5_s0_e1b_persist_s0,sign_flipped|1|0,sign_flipped,1.0,0,0.156,8,False,0.37083333333333335,0.376,240,250,0.84,250
attack_a0.5_s0_e1b_persist_s0,sign_flipped|1|1,sign_flipped,1.0,1,0.156,8,False,0.3333333333333333,0.34,240,250,0.86,250
attack_a0.5_s0_e1b_persist_s0,sign_flipped|1|2,sign_flipped,1.0,2,0.156,8,False,0.3,0.3,240,250,0.852,250
attack_a0.5_s0_e1b_persist_s0,sign_flipped|2|0,sign_flipped,2.0,0,0.312,8,False,0.4375,0.436,240,250,0.776,250
attack_a0.5_s0_e1b_persist_s0,sign_flipped|2|1,sign_flipped,2.0,1,0.312,8,False,0.32916666666666666,0.332,240,250,0.864,250
attack_a0.5_s0_e1b_persist_s0,sign_flipped|2|2,sign_flipped,2.0,2,0.312,8,False,0.225,0.216,240,250,0.828,250
attack_a0.5_s0_e1b_persist_s0,sign_flipped|4|0,sign_flipped,4.0,0,0.624,8,False,0.225,0.22,240,250,0.316,250
attack_a0.5_s0_e1b_persist_s0,sign_flipped|4|1,sign_flipped,4.0,1,0.624,8,False,0.38333333333333336,0.372,240,250,0.644,250
attack_a0.5_s0_e1b_persist_s0,sign_flipped|4|2,sign_flipped,4.0,2,0.624,8,False,0.09583333333333334,0.092,240,250,0.564,250
attack_a0.5_s0_e1b_persist_s0,real|0.5|0,real,0.5,0,0.078,8,False,0.03333333333333333,0.032,240,250,0.832,250
attack_a0.5_s0_e1b_persist_s0,real|1|0,real,1.0,0,0.156,8,False,0.004166666666666667,0.004,240,250,0.728,250
attack_a0.5_s0_e1b_persist_s0,real|2|0,real,2.0,0,0.312,8,False,0.0,0.0,240,250,0.468,250
attack_a0.5_s0_e1b_persist_s0,real|4|0,real,4.0,0,0.624,8,False,0.0,0.0,240,250,0.116,250
attack_a0.5_s0_e1b_persist_s0,zero|0|0,zero,0.0,0,0.0,9,False,0.34439834024896265,0.36,241,250,0.864,250
attack_a0.5_s0_e1b_persist_s0,gaussian_global|0.5|0,gaussian_global,0.5,0,0.078,9,False,0.34439834024896265,0.36,241,250,0.864,250
attack_a0.5_s0_e1b_persist_s0,gaussian_global|0.5|1,gaussian_global,0.5,1,0.078,9,False,0.34439834024896265,0.36,241,250,0.86,250
attack_a0.5_s0_e1b_persist_s0,gaussian_global|0.5|2,gaussian_global,0.5,2,0.078,9,False,0.35269709543568467,0.368,241,250,0.868,250
attack_a0.5_s0_e1b_persist_s0,gaussian_global|1|0,gaussian_global,1.0,0,0.156,9,False,0.35269709543568467,0.368,241,250,0.86,250
attack_a0.5_s0_e1b_persist_s0,gaussian_global|1|1,gaussian_global,1.0,1,0.156,9,False,0.34854771784232363,0.364,241,250,0.864,250
attack_a0.5_s0_e1b_persist_s0,gaussian_global|1|2,gaussian_global,1.0,2,0.156,9,False,0.34024896265560167,0.352,241,250,0.868,250
attack_a0.5_s0_e1b_persist_s0,gaussian_global|2|0,gaussian_global,2.0,0,0.312,9,False,0.3941908713692946,0.408,241,250,0.84,250
attack_a0.5_s0_e1b_persist_s0,gaussian_global|2|1,gaussian_global,2.0,1,0.312,9,False,0.3651452282157676,0.376,241,250,0.84,250
attack_a0.5_s0_e1b_persist_s0,gaussian_global|2|2,gaussian_global,2.0,2,0.312,9,False,0.29045643153526973,0.304,241,250,0.848,250
attack_a0.5_s0_e1b_persist_s0,gaussian_global|4|0,gaussian_global,4.0,0,0.624,9,False,0.3153526970954357,0.328,241,250,0.772,250
attack_a0.5_s0_e1b_persist_s0,gaussian_global|4|1,gaussian_global,4.0,1,0.624,9,False,0.1825726141078838,0.192,241,250,0.716,250
attack_a0.5_s0_e1b_persist_s0,gaussian_global|4|2,gaussian_global,4.0,2,0.624,9,False,0.1991701244813278,0.208,241,250,0.784,250
attack_a0.5_s0_e1b_persist_s0,gaussian_layer_matched|0.5|0,gaussian_layer_matched,0.5,0,0.078,9,False,0.35269709543568467,0.368,241,250,0.856,250
attack_a0.5_s0_e1b_persist_s0,gaussian_layer_matched|0.5|1,gaussian_layer_matched,0.5,1,0.078,9,False,0.3775933609958506,0.392,241,250,0.864,250
attack_a0.5_s0_e1b_persist_s0,gaussian_layer_matched|0.5|2,gaussian_layer_matched,0.5,2,0.078,9,False,0.36929460580912865,0.384,241,250,0.868,250
attack_a0.5_s0_e1b_persist_s0,gaussian_layer_matched|1|0,gaussian_layer_matched,1.0,0,0.156,9,False,0.37344398340248963,0.388,241,250,0.848,250
attack_a0.5_s0_e1b_persist_s0,gaussian_layer_matched|1|1,gaussian_layer_matched,1.0,1,0.156,9,False,0.4107883817427386,0.42,241,250,0.856,250
attack_a0.5_s0_e1b_persist_s0,gaussian_layer_matched|1|2,gaussian_layer_matched,1.0,2,0.156,9,False,0.3900414937759336,0.4,241,250,0.852,250
attack_a0.5_s0_e1b_persist_s0,gaussian_layer_matched|2|0,gaussian_layer_matched,2.0,0,0.312,9,False,0.4107883817427386,0.416,241,250,0.796,250
attack_a0.5_s0_e1b_persist_s0,gaussian_layer_matched|2|1,gaussian_layer_matched,2.0,1,0.312,9,False,0.36099585062240663,0.372,241,250,0.816,250
attack_a0.5_s0_e1b_persist_s0,gaussian_layer_matched|2|2,gaussian_layer_matched,2.0,2,0.312,9,False,0.34854771784232363,0.36,241,250,0.8,250
attack_a0.5_s0_e1b_persist_s0,gaussian_layer_matched|4|0,gaussian_layer_matched,4.0,0,0.624,9,False,0.22406639004149378,0.22,241,250,0.508,250
attack_a0.5_s0_e1b_persist_s0,gaussian_layer_matched|4|1,gaussian_layer_matched,4.0,1,0.624,9,False,0.04149377593360996,0.04,241,250,0.608,250
attack_a0.5_s0_e1b_persist_s0,gaussian_layer_matched|4|2,gaussian_layer_matched,4.0,2,0.624,9,False,0.14522821576763487,0.144,241,250,0.584,250
attack_a0.5_s0_e1b_persist_s0,shuffled|0.5|0,shuffled,0.5,0,0.078,9,False,0.3153526970954357,0.328,241,250,0.832,250
attack_a0.5_s0_e1b_persist_s0,shuffled|0.5|1,shuffled,0.5,1,0.078,9,False,0.31950207468879666,0.336,241,250,0.844,250
attack_a0.5_s0_e1b_persist_s0,shuffled|0.5|2,shuffled,0.5,2,0.078,9,False,0.34024896265560167,0.356,241,250,0.824,250
attack_a0.5_s0_e1b_persist_s0,shuffled|1|0,shuffled,1.0,0,0.156,9,False,0.3070539419087137,0.324,241,250,0.784,250
attack_a0.5_s0_e1b_persist_s0,shuffled|1|1,shuffled,1.0,1,0.156,9,False,0.29045643153526973,0.304,241,250,0.788,250
attack_a0.5_s0_e1b_persist_s0,shuffled|1|2,shuffled,1.0,2,0.156,9,False,0.3070539419087137,0.32,241,250,0.772,250
attack_a0.5_s0_e1b_persist_s0,shuffled|2|0,shuffled,2.0,0,0.312,9,False,0.14522821576763487,0.152,241,250,0.472,250
attack_a0.5_s0_e1b_persist_s0,shuffled|2|1,shuffled,2.0,1,0.312,9,False,0.1991701244813278,0.204,241,250,0.62,250
attack_a0.5_s0_e1b_persist_s0,shuffled|2|2,shuffled,2.0,2,0.312,9,False,0.21161825726141079,0.216,241,250,0.6,250
attack_a0.5_s0_e1b_persist_s0,shuffled|4|0,shuffled,4.0,0,0.624,9,False,0.0,0.0,241,250,0.112,250
attack_a0.5_s0_e1b_persist_s0,shuffled|4|1,shuffled,4.0,1,0.624,9,False,0.02074688796680498,0.02,241,250,0.156,250
attack_a0.5_s0_e1b_persist_s0,shuffled|4|2,shuffled,4.0,2,0.624,9,False,0.04564315352697095,0.044,241,250,0.16,250
attack_a0.5_s0_e1b_persist_s0,sign_flipped|0.5|0,sign_flipped,0.5,0,0.078,9,False,0.34439834024896265,0.36,241,250,0.868,250
attack_a0.5_s0_e1b_persist_s0,sign_flipped|0.5|1,sign_flipped,0.5,1,0.078,9,False,0.3278008298755187,0.344,241,250,0.856,250
attack_a0.5_s0_e1b_persist_s0,sign_flipped|0.5|2,sign_flipped,0.5,2,0.078,9,False,0.33195020746887965,0.348,241,250,0.864,250
attack_a0.5_s0_e1b_persist_s0,sign_flipped|1|0,sign_flipped,1.0,0,0.156,9,False,0.3983402489626556,0.412,241,250,0.84,250
attack_a0.5_s0_e1b_persist_s0,sign_flipped|1|1,sign_flipped,1.0,1,0.156,9,False,0.3153526970954357,0.324,241,250,0.852,250
attack_a0.5_s0_e1b_persist_s0,sign_flipped|1|2,sign_flipped,1.0,2,0.156,9,False,0.2987551867219917,0.312,241,250,0.848,250
attack_a0.5_s0_e1b_persist_s0,sign_flipped|2|0,sign_flipped,2.0,0,0.312,9,False,0.43983402489626555,0.44,241,250,0.76,250
attack_a0.5_s0_e1b_persist_s0,sign_flipped|2|1,sign_flipped,2.0,1,0.312,9,False,0.3070539419087137,0.316,241,250,0.812,250
attack_a0.5_s0_e1b_persist_s0,sign_flipped|2|2,sign_flipped,2.0,2,0.312,9,False,0.22821576763485477,0.244,241,250,0.832,250
attack_a0.5_s0_e1b_persist_s0,sign_flipped|4|0,sign_flipped,4.0,0,0.624,9,False,0.0954356846473029,0.092,241,250,0.284,250
attack_a0.5_s0_e1b_persist_s0,sign_flipped|4|1,sign_flipped,4.0,1,0.624,9,False,0.0912863070539419,0.096,241,250,0.592,250
attack_a0.5_s0_e1b_persist_s0,sign_flipped|4|2,sign_flipped,4.0,2,0.624,9,False,0.03319502074688797,0.032,241,250,0.444,250
attack_a0.5_s0_e1b_persist_s0,real|0.5|0,real,0.5,0,0.078,9,False,0.058091286307053944,0.056,241,250,0.82,250
attack_a0.5_s0_e1b_persist_s0,real|1|0,real,1.0,0,0.156,9,False,0.008298755186721992,0.008,241,250,0.672,250
attack_a0.5_s0_e1b_persist_s0,real|2|0,real,2.0,0,0.312,9,False,0.0,0.0,241,250,0.412,250
attack_a0.5_s0_e1b_persist_s0,real|4|0,real,4.0,0,0.624,9,False,0.0,0.0,241,250,0.088,250
attack_a0.5_s0_e1b_persist_s0,zero|0|0,zero,0.0,0,0.0,10,False,0.3,0.3,250,250,0.804,250
attack_a0.5_s0_e1b_persist_s0,gaussian_global|0.5|0,gaussian_global,0.5,0,0.078,10,False,0.252,0.252,250,250,0.8,250
attack_a0.5_s0_e1b_persist_s0,gaussian_global|0.5|1,gaussian_global,0.5,1,0.078,10,False,0.268,0.268,250,250,0.812,250
attack_a0.5_s0_e1b_persist_s0,gaussian_global|0.5|2,gaussian_global,0.5,2,0.078,10,False,0.28,0.28,250,250,0.804,250
attack_a0.5_s0_e1b_persist_s0,gaussian_global|1|0,gaussian_global,1.0,0,0.156,10,False,0.288,0.288,250,250,0.796,250
attack_a0.5_s0_e1b_persist_s0,gaussian_global|1|1,gaussian_global,1.0,1,0.156,10,False,0.26,0.26,250,250,0.808,250
attack_a0.5_s0_e1b_persist_s0,gaussian_global|1|2,gaussian_global,1.0,2,0.156,10,False,0.296,0.296,250,250,0.8,250
attack_a0.5_s0_e1b_persist_s0,gaussian_global|2|0,gaussian_global,2.0,0,0.312,10,False,0.312,0.312,250,250,0.76,250
attack_a0.5_s0_e1b_persist_s0,gaussian_global|2|1,gaussian_global,2.0,1,0.312,10,False,0.264,0.264,250,250,0.812,250
attack_a0.5_s0_e1b_persist_s0,gaussian_global|2|2,gaussian_global,2.0,2,0.312,10,False,0.312,0.312,250,250,0.792,250
attack_a0.5_s0_e1b_persist_s0,gaussian_global|4|0,gaussian_global,4.0,0,0.624,10,False,0.28,0.28,250,250,0.668,250
attack_a0.5_s0_e1b_persist_s0,gaussian_global|4|1,gaussian_global,4.0,1,0.624,10,False,0.088,0.088,250,250,0.744,250
attack_a0.5_s0_e1b_persist_s0,gaussian_global|4|2,gaussian_global,4.0,2,0.624,10,False,0.26,0.26,250,250,0.708,250
attack_a0.5_s0_e1b_persist_s0,gaussian_layer_matched|0.5|0,gaussian_layer_matched,0.5,0,0.078,10,False,0.256,0.256,250,250,0.8,250
attack_a0.5_s0_e1b_persist_s0,gaussian_layer_matched|0.5|1,gaussian_layer_matched,0.5,1,0.078,10,False,0.292,0.292,250,250,0.816,250
attack_a0.5_s0_e1b_persist_s0,gaussian_layer_matched|0.5|2,gaussian_layer_matched,0.5,2,0.078,10,False,0.284,0.284,250,250,0.792,250
attack_a0.5_s0_e1b_persist_s0,gaussian_layer_matched|1|0,gaussian_layer_matched,1.0,0,0.156,10,False,0.264,0.264,250,250,0.76,250
attack_a0.5_s0_e1b_persist_s0,gaussian_layer_matched|1|1,gaussian_layer_matched,1.0,1,0.156,10,False,0.304,0.304,250,250,0.812,250
attack_a0.5_s0_e1b_persist_s0,gaussian_layer_matched|1|2,gaussian_layer_matched,1.0,2,0.156,10,False,0.304,0.304,250,250,0.804,250
attack_a0.5_s0_e1b_persist_s0,gaussian_layer_matched|2|0,gaussian_layer_matched,2.0,0,0.312,10,False,0.284,0.284,250,250,0.696,250
attack_a0.5_s0_e1b_persist_s0,gaussian_layer_matched|2|1,gaussian_layer_matched,2.0,1,0.312,10,False,0.288,0.288,250,250,0.8,250
attack_a0.5_s0_e1b_persist_s0,gaussian_layer_matched|2|2,gaussian_layer_matched,2.0,2,0.312,10,False,0.284,0.284,250,250,0.76,250
attack_a0.5_s0_e1b_persist_s0,gaussian_layer_matched|4|0,gaussian_layer_matched,4.0,0,0.624,10,False,0.216,0.216,250,250,0.428,250
attack_a0.5_s0_e1b_persist_s0,gaussian_layer_matched|4|1,gaussian_layer_matched,4.0,1,0.624,10,False,0.052,0.052,250,250,0.644,250
attack_a0.5_s0_e1b_persist_s0,gaussian_layer_matched|4|2,gaussian_layer_matched,4.0,2,0.624,10,False,0.156,0.156,250,250,0.532,250
attack_a0.5_s0_e1b_persist_s0,shuffled|0.5|0,shuffled,0.5,0,0.078,10,False,0.22,0.22,250,250,0.768,250
attack_a0.5_s0_e1b_persist_s0,shuffled|0.5|1,shuffled,0.5,1,0.078,10,False,0.208,0.208,250,250,0.808,250
attack_a0.5_s0_e1b_persist_s0,shuffled|0.5|2,shuffled,0.5,2,0.078,10,False,0.24,0.24,250,250,0.8,250
attack_a0.5_s0_e1b_persist_s0,shuffled|1|0,shuffled,1.0,0,0.156,10,False,0.16,0.16,250,250,0.712,250
attack_a0.5_s0_e1b_persist_s0,shuffled|1|1,shuffled,1.0,1,0.156,10,False,0.16,0.16,250,250,0.764,250
attack_a0.5_s0_e1b_persist_s0,shuffled|1|2,shuffled,1.0,2,0.156,10,False,0.204,0.204,250,250,0.744,250
attack_a0.5_s0_e1b_persist_s0,shuffled|2|0,shuffled,2.0,0,0.312,10,False,0.02,0.02,250,250,0.384,250
attack_a0.5_s0_e1b_persist_s0,shuffled|2|1,shuffled,2.0,1,0.312,10,False,0.048,0.048,250,250,0.504,250
attack_a0.5_s0_e1b_persist_s0,shuffled|2|2,shuffled,2.0,2,0.312,10,False,0.072,0.072,250,250,0.472,250
attack_a0.5_s0_e1b_persist_s0,shuffled|4|0,shuffled,4.0,0,0.624,10,False,0.0,0.0,250,250,0.088,250
attack_a0.5_s0_e1b_persist_s0,shuffled|4|1,shuffled,4.0,1,0.624,10,False,0.0,0.0,250,250,0.104,250
attack_a0.5_s0_e1b_persist_s0,shuffled|4|2,shuffled,4.0,2,0.624,10,False,0.012,0.012,250,250,0.096,250
attack_a0.5_s0_e1b_persist_s0,sign_flipped|0.5|0,sign_flipped,0.5,0,0.078,10,False,0.276,0.276,250,250,0.784,250
attack_a0.5_s0_e1b_persist_s0,sign_flipped|0.5|1,sign_flipped,0.5,1,0.078,10,False,0.268,0.268,250,250,0.788,250
attack_a0.5_s0_e1b_persist_s0,sign_flipped|0.5|2,sign_flipped,0.5,2,0.078,10,False,0.26,0.26,250,250,0.776,250
attack_a0.5_s0_e1b_persist_s0,sign_flipped|1|0,sign_flipped,1.0,0,0.156,10,False,0.312,0.312,250,250,0.78,250
attack_a0.5_s0_e1b_persist_s0,sign_flipped|1|1,sign_flipped,1.0,1,0.156,10,False,0.228,0.228,250,250,0.776,250
attack_a0.5_s0_e1b_persist_s0,sign_flipped|1|2,sign_flipped,1.0,2,0.156,10,False,0.22,0.22,250,250,0.756,250
attack_a0.5_s0_e1b_persist_s0,sign_flipped|2|0,sign_flipped,2.0,0,0.312,10,False,0.304,0.304,250,250,0.66,250
attack_a0.5_s0_e1b_persist_s0,sign_flipped|2|1,sign_flipped,2.0,1,0.312,10,False,0.156,0.156,250,250,0.72,250
attack_a0.5_s0_e1b_persist_s0,sign_flipped|2|2,sign_flipped,2.0,2,0.312,10,False,0.136,0.136,250,250,0.684,250
attack_a0.5_s0_e1b_persist_s0,sign_flipped|4|0,sign_flipped,4.0,0,0.624,10,False,0.012,0.012,250,250,0.216,250
attack_a0.5_s0_e1b_persist_s0,sign_flipped|4|1,sign_flipped,4.0,1,0.624,10,False,0.104,0.104,250,250,0.284,250
attack_a0.5_s0_e1b_persist_s0,sign_flipped|4|2,sign_flipped,4.0,2,0.624,10,False,0.028,0.028,250,250,0.256,250
attack_a0.5_s0_e1b_persist_s0,real|0.5|0,real,0.5,0,0.078,10,False,0.016,0.016,250,250,0.756,250
attack_a0.5_s0_e1b_persist_s0,real|1|0,real,1.0,0,0.156,10,False,0.0,0.0,250,250,0.652,250
attack_a0.5_s0_e1b_persist_s0,real|2|0,real,2.0,0,0.312,10,False,0.0,0.0,250,250,0.404,250
attack_a0.5_s0_e1b_persist_s0,real|4|0,real,4.0,0,0.624,10,False,0.0,0.0,250,250,0.112,250
attack_a0.5_s0_e1b_persist_s0,zero|0|0,zero,0.0,0,0.0,11,False,0.29707112970711297,0.32,239,250,0.788,250
attack_a0.5_s0_e1b_persist_s0,gaussian_global|0.5|0,gaussian_global,0.5,0,0.078,11,False,0.30962343096234307,0.332,239,250,0.8,250
attack_a0.5_s0_e1b_persist_s0,gaussian_global|0.5|1,gaussian_global,0.5,1,0.078,11,False,0.27615062761506276,0.3,239,250,0.784,250
attack_a0.5_s0_e1b_persist_s0,gaussian_global|0.5|2,gaussian_global,0.5,2,0.078,11,False,0.28870292887029286,0.312,239,250,0.78,250
attack_a0.5_s0_e1b_persist_s0,gaussian_global|1|0,gaussian_global,1.0,0,0.156,11,False,0.34309623430962344,0.364,239,250,0.796,250
attack_a0.5_s0_e1b_persist_s0,gaussian_global|1|1,gaussian_global,1.0,1,0.156,11,False,0.24686192468619247,0.272,239,250,0.792,250
attack_a0.5_s0_e1b_persist_s0,gaussian_global|1|2,gaussian_global,1.0,2,0.156,11,False,0.2803347280334728,0.304,239,250,0.768,250
attack_a0.5_s0_e1b_persist_s0,gaussian_global|2|0,gaussian_global,2.0,0,0.312,11,False,0.3723849372384937,0.388,239,250,0.76,250
attack_a0.5_s0_e1b_persist_s0,gaussian_global|2|1,gaussian_global,2.0,1,0.312,11,False,0.26359832635983266,0.288,239,250,0.792,250
attack_a0.5_s0_e1b_persist_s0,gaussian_global|2|2,gaussian_global,2.0,2,0.312,11,False,0.26778242677824265,0.292,239,250,0.78,250
attack_a0.5_s0_e1b_persist_s0,gaussian_global|4|0,gaussian_global,4.0,0,0.624,11,False,0.40585774058577406,0.416,239,250,0.64,250
attack_a0.5_s0_e1b_persist_s0,gaussian_global|4|1,gaussian_global,4.0,1,0.624,11,False,0.17154811715481172,0.184,239,250,0.724,250
attack_a0.5_s0_e1b_persist_s0,gaussian_global|4|2,gaussian_global,4.0,2,0.624,11,False,0.26359832635983266,0.28,239,250,0.732,250
attack_a0.5_s0_e1b_persist_s0,gaussian_layer_matched|0.5|0,gaussian_layer_matched,0.5,0,0.078,11,False,0.32217573221757323,0.344,239,250,0.8,250
attack_a0.5_s0_e1b_persist_s0,gaussian_layer_matched|0.5|1,gaussian_layer_matched,0.5,1,0.078,11,False,0.301255230125523,0.324,239,250,0.788,250
attack_a0.5_s0_e1b_persist_s0,gaussian_layer_matched|0.5|2,gaussian_layer_matched,0.5,2,0.078,11,False,0.28870292887029286,0.312,239,250,0.768,250
attack_a0.5_s0_e1b_persist_s0,gaussian_layer_matched|1|0,gaussian_layer_matched,1.0,0,0.156,11,False,0.3723849372384937,0.392,239,250,0.792,250
attack_a0.5_s0_e1b_persist_s0,gaussian_layer_matched|1|1,gaussian_layer_matched,1.0,1,0.156,11,False,0.3054393305439331,0.328,239,250,0.796,250
attack_a0.5_s0_e1b_persist_s0,gaussian_layer_matched|1|2,gaussian_layer_matched,1.0,2,0.156,11,False,0.30962343096234307,0.328,239,250,0.784,250
attack_a0.5_s0_e1b_persist_s0,gaussian_layer_matched|2|0,gaussian_layer_matched,2.0,0,0.312,11,False,0.4351464435146444,0.452,239,250,0.732,250
attack_a0.5_s0_e1b_persist_s0,gaussian_layer_matched|2|1,gaussian_layer_matched,2.0,1,0.312,11,False,0.3514644351464435,0.372,239,250,0.772,250
attack_a0.5_s0_e1b_persist_s0,gaussian_layer_matched|2|2,gaussian_layer_matched,2.0,2,0.312,11,False,0.2928870292887029,0.312,239,250,0.78,250
attack_a0.5_s0_e1b_persist_s0,gaussian_layer_matched|4|0,gaussian_layer_matched,4.0,0,0.624,11,False,0.4769874476987448,0.468,239,250,0.416,250
attack_a0.5_s0_e1b_persist_s0,gaussian_layer_matched|4|1,gaussian_layer_matched,4.0,1,0.624,11,False,0.11297071129707113,0.12,239,250,0.54,250
attack_a0.5_s0_e1b_persist_s0,gaussian_layer_matched|4|2,gaussian_layer_matched,4.0,2,0.624,11,False,0.12552301255230125,0.124,239,250,0.52,250
attack_a0.5_s0_e1b_persist_s0,shuffled|0.5|0,shuffled,0.5,0,0.078,11,False,0.24267782426778242,0.264,239,250,0.772,250
attack_a0.5_s0_e1b_persist_s0,shuffled|0.5|1,shuffled,0.5,1,0.078,11,False,0.23430962343096234,0.252,239,250,0.772,250
attack_a0.5_s0_e1b_persist_s0,shuffled|0.5|2,shuffled,0.5,2,0.078,11,False,0.24686192468619247,0.264,239,250,0.768,250
attack_a0.5_s0_e1b_persist_s0,shuffled|1|0,shuffled,1.0,0,0.156,11,False,0.17573221757322174,0.192,239,250,0.708,250
attack_a0.5_s0_e1b_persist_s0,shuffled|1|1,shuffled,1.0,1,0.156,11,False,0.17573221757322174,0.188,239,250,0.72,250
attack_a0.5_s0_e1b_persist_s0,shuffled|1|2,shuffled,1.0,2,0.156,11,False,0.19665271966527198,0.208,239,250,0.736,250
attack_a0.5_s0_e1b_persist_s0,shuffled|2|0,shuffled,2.0,0,0.312,11,False,0.04602510460251046,0.052,239,250,0.424,250
attack_a0.5_s0_e1b_persist_s0,shuffled|2|1,shuffled,2.0,1,0.312,11,False,0.07531380753138076,0.084,239,250,0.512,250
attack_a0.5_s0_e1b_persist_s0,shuffled|2|2,shuffled,2.0,2,0.312,11,False,0.09205020920502092,0.092,239,250,0.488,250
attack_a0.5_s0_e1b_persist_s0,shuffled|4|0,shuffled,4.0,0,0.624,11,False,0.0,0.0,239,250,0.1,250
attack_a0.5_s0_e1b_persist_s0,shuffled|4|1,shuffled,4.0,1,0.624,11,False,0.012552301255230125,0.016,239,250,0.132,250
attack_a0.5_s0_e1b_persist_s0,shuffled|4|2,shuffled,4.0,2,0.624,11,False,0.03347280334728033,0.032,239,250,0.124,250
attack_a0.5_s0_e1b_persist_s0,sign_flipped|0.5|0,sign_flipped,0.5,0,0.078,11,False,0.3054393305439331,0.328,239,250,0.78,250
attack_a0.5_s0_e1b_persist_s0,sign_flipped|0.5|1,sign_flipped,0.5,1,0.078,11,False,0.27615062761506276,0.3,239,250,0.784,250
attack_a0.5_s0_e1b_persist_s0,sign_flipped|0.5|2,sign_flipped,0.5,2,0.078,11,False,0.3179916317991632,0.34,239,250,0.784,250
attack_a0.5_s0_e1b_persist_s0,sign_flipped|1|0,sign_flipped,1.0,0,0.156,11,False,0.3305439330543933,0.352,239,250,0.756,250
attack_a0.5_s0_e1b_persist_s0,sign_flipped|1|1,sign_flipped,1.0,1,0.156,11,False,0.27615062761506276,0.296,239,250,0.772,250
attack_a0.5_s0_e1b_persist_s0,sign_flipped|1|2,sign_flipped,1.0,2,0.156,11,False,0.2719665271966527,0.296,239,250,0.768,250
attack_a0.5_s0_e1b_persist_s0,sign_flipped|2|0,sign_flipped,2.0,0,0.312,11,False,0.36401673640167365,0.38,239,250,0.704,250
attack_a0.5_s0_e1b_persist_s0,sign_flipped|2|1,sign_flipped,2.0,1,0.312,11,False,0.2719665271966527,0.292,239,250,0.748,250
attack_a0.5_s0_e1b_persist_s0,sign_flipped|2|2,sign_flipped,2.0,2,0.312,11,False,0.1799163179916318,0.192,239,250,0.704,250
attack_a0.5_s0_e1b_persist_s0,sign_flipped|4|0,sign_flipped,4.0,0,0.624,11,False,0.09205020920502092,0.088,239,250,0.284,250
attack_a0.5_s0_e1b_persist_s0,sign_flipped|4|1,sign_flipped,4.0,1,0.624,11,False,0.16317991631799164,0.164,239,250,0.368,250
attack_a0.5_s0_e1b_persist_s0,sign_flipped|4|2,sign_flipped,4.0,2,0.624,11,False,0.012552301255230125,0.012,239,250,0.292,250
attack_a0.5_s0_e1b_persist_s0,real|0.5|0,real,0.5,0,0.078,11,False,0.02510460251046025,0.028,239,250,0.732,250
attack_a0.5_s0_e1b_persist_s0,real|1|0,real,1.0,0,0.156,11,False,0.008368200836820083,0.008,239,250,0.592,250
attack_a0.5_s0_e1b_persist_s0,real|2|0,real,2.0,0,0.312,11,False,0.0,0.0,239,250,0.312,250
attack_a0.5_s0_e1b_persist_s0,real|4|0,real,4.0,0,0.624,11,False,0.0,0.0,239,250,0.136,250
attack_a0.5_s0_e1b_persist_s0,zero|0|0,zero,0.0,0,0.0,12,False,0.42338709677419356,0.428,248,250,0.832,250
attack_a0.5_s0_e1b_persist_s0,gaussian_global|0.5|0,gaussian_global,0.5,0,0.078,12,False,0.4274193548387097,0.432,248,250,0.832,250
attack_a0.5_s0_e1b_persist_s0,gaussian_global|0.5|1,gaussian_global,0.5,1,0.078,12,False,0.42338709677419356,0.428,248,250,0.832,250
attack_a0.5_s0_e1b_persist_s0,gaussian_global|0.5|2,gaussian_global,0.5,2,0.078,12,False,0.4435483870967742,0.448,248,250,0.836,250
attack_a0.5_s0_e1b_persist_s0,gaussian_global|1|0,gaussian_global,1.0,0,0.156,12,False,0.42338709677419356,0.424,248,250,0.82,250
attack_a0.5_s0_e1b_persist_s0,gaussian_global|1|1,gaussian_global,1.0,1,0.156,12,False,0.4032258064516129,0.408,248,250,0.828,250
attack_a0.5_s0_e1b_persist_s0,gaussian_global|1|2,gaussian_global,1.0,2,0.156,12,False,0.4596774193548387,0.464,248,250,0.848,250
attack_a0.5_s0_e1b_persist_s0,gaussian_global|2|0,gaussian_global,2.0,0,0.312,12,False,0.4153225806451613,0.42,248,250,0.832,250
attack_a0.5_s0_e1b_persist_s0,gaussian_global|2|1,gaussian_global,2.0,1,0.312,12,False,0.3629032258064516,0.368,248,250,0.816,250
attack_a0.5_s0_e1b_persist_s0,gaussian_global|2|2,gaussian_global,2.0,2,0.312,12,False,0.4153225806451613,0.42,248,250,0.856,250
attack_a0.5_s0_e1b_persist_s0,gaussian_global|4|0,gaussian_global,4.0,0,0.624,12,False,0.38306451612903225,0.388,248,250,0.804,250
attack_a0.5_s0_e1b_persist_s0,gaussian_global|4|1,gaussian_global,4.0,1,0.624,12,False,0.21370967741935484,0.22,248,250,0.776,250
attack_a0.5_s0_e1b_persist_s0,gaussian_global|4|2,gaussian_global,4.0,2,0.624,12,False,0.3548387096774194,0.36,248,250,0.824,250
attack_a0.5_s0_e1b_persist_s0,gaussian_layer_matched|0.5|0,gaussian_layer_matched,0.5,0,0.078,12,False,0.43951612903225806,0.444,248,250,0.82,250
attack_a0.5_s0_e1b_persist_s0,gaussian_layer_matched|0.5|1,gaussian_layer_matched,0.5,1,0.078,12,False,0.4475806451612903,0.452,248,250,0.832,250
attack_a0.5_s0_e1b_persist_s0,gaussian_layer_matched|0.5|2,gaussian_layer_matched,0.5,2,0.078,12,False,0.42338709677419356,0.428,248,250,0.844,250
attack_a0.5_s0_e1b_persist_s0,gaussian_layer_matched|1|0,gaussian_layer_matched,1.0,0,0.156,12,False,0.4314516129032258,0.436,248,250,0.82,250
attack_a0.5_s0_e1b_persist_s0,gaussian_layer_matched|1|1,gaussian_layer_matched,1.0,1,0.156,12,False,0.4435483870967742,0.448,248,250,0.82,250
attack_a0.5_s0_e1b_persist_s0,gaussian_layer_matched|1|2,gaussian_layer_matched,1.0,2,0.156,12,False,0.41935483870967744,0.424,248,250,0.836,250
attack_a0.5_s0_e1b_persist_s0,gaussian_layer_matched|2|0,gaussian_layer_matched,2.0,0,0.312,12,False,0.49193548387096775,0.496,248,250,0.804,250
attack_a0.5_s0_e1b_persist_s0,gaussian_layer_matched|2|1,gaussian_layer_matched,2.0,1,0.312,12,False,0.42338709677419356,0.428,248,250,0.776,250
attack_a0.5_s0_e1b_persist_s0,gaussian_layer_matched|2|2,gaussian_layer_matched,2.0,2,0.312,12,False,0.4153225806451613,0.42,248,250,0.832,250
attack_a0.5_s0_e1b_persist_s0,gaussian_layer_matched|4|0,gaussian_layer_matched,4.0,0,0.624,12,False,0.3870967741935484,0.384,248,250,0.604,250
attack_a0.5_s0_e1b_persist_s0,gaussian_layer_matched|4|1,gaussian_layer_matched,4.0,1,0.624,12,False,0.13709677419354838,0.136,248,250,0.656,250
attack_a0.5_s0_e1b_persist_s0,gaussian_layer_matched|4|2,gaussian_layer_matched,4.0,2,0.624,12,False,0.28225806451612906,0.284,248,250,0.676,250
attack_a0.5_s0_e1b_persist_s0,shuffled|0.5|0,shuffled,0.5,0,0.078,12,False,0.4032258064516129,0.408,248,250,0.816,250
attack_a0.5_s0_e1b_persist_s0,shuffled|0.5|1,shuffled,0.5,1,0.078,12,False,0.3870967741935484,0.392,248,250,0.828,250
attack_a0.5_s0_e1b_persist_s0,shuffled|0.5|2,shuffled,0.5,2,0.078,12,False,0.3709677419354839,0.376,248,250,0.816,250
attack_a0.5_s0_e1b_persist_s0,shuffled|1|0,shuffled,1.0,0,0.156,12,False,0.3709677419354839,0.376,248,250,0.756,250
attack_a0.5_s0_e1b_persist_s0,shuffled|1|1,shuffled,1.0,1,0.156,12,False,0.31048387096774194,0.316,248,250,0.76,250
attack_a0.5_s0_e1b_persist_s0,shuffled|1|2,shuffled,1.0,2,0.156,12,False,0.33064516129032256,0.336,248,250,0.764,250
attack_a0.5_s0_e1b_persist_s0,shuffled|2|0,shuffled,2.0,0,0.312,12,False,0.16532258064516128,0.164,248,250,0.504,250
attack_a0.5_s0_e1b_persist_s0,shuffled|2|1,shuffled,2.0,1,0.312,12,False,0.16129032258064516,0.16,248,250,0.564,250
attack_a0.5_s0_e1b_persist_s0,shuffled|2|2,shuffled,2.0,2,0.312,12,False,0.2056451612903226,0.204,248,250,0.548,250
attack_a0.5_s0_e1b_persist_s0,shuffled|4|0,shuffled,4.0,0,0.624,12,False,0.0,0.0,248,250,0.064,250
attack_a0.5_s0_e1b_persist_s0,shuffled|4|1,shuffled,4.0,1,0.624,12,False,0.04032258064516129,0.04,248,250,0.136,250
attack_a0.5_s0_e1b_persist_s0,shuffled|4|2,shuffled,4.0,2,0.624,12,False,0.06854838709677419,0.068,248,250,0.092,250
attack_a0.5_s0_e1b_persist_s0,sign_flipped|0.5|0,sign_flipped,0.5,0,0.078,12,False,0.43951612903225806,0.444,248,250,0.828,250
attack_a0.5_s0_e1b_persist_s0,sign_flipped|0.5|1,sign_flipped,0.5,1,0.078,12,False,0.4112903225806452,0.416,248,250,0.832,250
attack_a0.5_s0_e1b_persist_s0,sign_flipped|0.5|2,sign_flipped,0.5,2,0.078,12,False,0.4153225806451613,0.42,248,250,0.84,250
attack_a0.5_s0_e1b_persist_s0,sign_flipped|1|0,sign_flipped,1.0,0,0.156,12,False,0.46774193548387094,0.472,248,250,0.804,250
attack_a0.5_s0_e1b_persist_s0,sign_flipped|1|1,sign_flipped,1.0,1,0.156,12,False,0.38306451612903225,0.388,248,250,0.848,250
attack_a0.5_s0_e1b_persist_s0,sign_flipped|1|2,sign_flipped,1.0,2,0.156,12,False,0.3870967741935484,0.392,248,250,0.836,250
attack_a0.5_s0_e1b_persist_s0,sign_flipped|2|0,sign_flipped,2.0,0,0.312,12,False,0.5241935483870968,0.528,248,250,0.784,250
attack_a0.5_s0_e1b_persist_s0,sign_flipped|2|1,sign_flipped,2.0,1,0.312,12,False,0.39919354838709675,0.404,248,250,0.856,250
attack_a0.5_s0_e1b_persist_s0,sign_flipped|2|2,sign_flipped,2.0,2,0.312,12,False,0.31048387096774194,0.316,248,250,0.824,250
attack_a0.5_s0_e1b_persist_s0,sign_flipped|4|0,sign_flipped,4.0,0,0.624,12,False,0.1975806451612903,0.2,248,250,0.268,250
attack_a0.5_s0_e1b_persist_s0,sign_flipped|4|1,sign_flipped,4.0,1,0.624,12,False,0.3467741935483871,0.344,248,250,0.664,250
attack_a0.5_s0_e1b_persist_s0,sign_flipped|4|2,sign_flipped,4.0,2,0.624,12,False,0.08870967741935484,0.088,248,250,0.564,250
attack_a0.5_s0_e1b_persist_s0,real|0.5|0,real,0.5,0,0.078,12,False,0.04435483870967742,0.044,248,250,0.84,250
attack_a0.5_s0_e1b_persist_s0,real|1|0,real,1.0,0,0.156,12,False,0.004032258064516129,0.004,248,250,0.78,250
attack_a0.5_s0_e1b_persist_s0,real|2|0,real,2.0,0,0.312,12,False,0.0,0.0,248,250,0.504,250
attack_a0.5_s0_e1b_persist_s0,real|4|0,real,4.0,0,0.624,12,False,0.0,0.0,248,250,0.26,250
attack_a0.5_s0_e1b_persist_s0,zero|0|0,zero,0.0,0,0.0,13,False,0.4773662551440329,0.484,243,250,0.772,250
attack_a0.5_s0_e1b_persist_s0,gaussian_global|0.5|0,gaussian_global,0.5,0,0.078,13,False,0.4609053497942387,0.468,243,250,0.76,250
attack_a0.5_s0_e1b_persist_s0,gaussian_global|0.5|1,gaussian_global,0.5,1,0.078,13,False,0.4444444444444444,0.452,243,250,0.776,250
attack_a0.5_s0_e1b_persist_s0,gaussian_global|0.5|2,gaussian_global,0.5,2,0.078,13,False,0.4444444444444444,0.452,243,250,0.772,250
attack_a0.5_s0_e1b_persist_s0,gaussian_global|1|0,gaussian_global,1.0,0,0.156,13,False,0.45267489711934156,0.464,243,250,0.744,250
attack_a0.5_s0_e1b_persist_s0,gaussian_global|1|1,gaussian_global,1.0,1,0.156,13,False,0.448559670781893,0.46,243,250,0.772,250
attack_a0.5_s0_e1b_persist_s0,gaussian_global|1|2,gaussian_global,1.0,2,0.156,13,False,0.4609053497942387,0.472,243,250,0.764,250
attack_a0.5_s0_e1b_persist_s0,gaussian_global|2|0,gaussian_global,2.0,0,0.312,13,False,0.4732510288065844,0.476,243,250,0.74,250
attack_a0.5_s0_e1b_persist_s0,gaussian_global|2|1,gaussian_global,2.0,1,0.312,13,False,0.40329218106995884,0.412,243,250,0.776,250
attack_a0.5_s0_e1b_persist_s0,gaussian_global|2|2,gaussian_global,2.0,2,0.312,13,False,0.4691358024691358,0.476,243,250,0.768,250
attack_a0.5_s0_e1b_persist_s0,gaussian_global|4|0,gaussian_global,4.0,0,0.624,13,False,0.43621399176954734,0.44,243,250,0.692,250
attack_a0.5_s0_e1b_persist_s0,gaussian_global|4|1,gaussian_global,4.0,1,0.624,13,False,0.15637860082304528,0.164,243,250,0.712,250
attack_a0.5_s0_e1b_persist_s0,gaussian_global|4|2,gaussian_global,4.0,2,0.624,13,False,0.3292181069958848,0.336,243,250,0.744,250
attack_a0.5_s0_e1b_persist_s0,gaussian_layer_matched|0.5|0,gaussian_layer_matched,0.5,0,0.078,13,False,0.4691358024691358,0.472,243,250,0.756,250
attack_a0.5_s0_e1b_persist_s0,gaussian_layer_matched|0.5|1,gaussian_layer_matched,0.5,1,0.078,13,False,0.4732510288065844,0.484,243,250,0.772,250
attack_a0.5_s0_e1b_persist_s0,gaussian_layer_matched|0.5|2,gaussian_layer_matched,0.5,2,0.078,13,False,0.45267489711934156,0.464,243,250,0.776,250
attack_a0.5_s0_e1b_persist_s0,gaussian_layer_matched|1|0,gaussian_layer_matched,1.0,0,0.156,13,False,0.46502057613168724,0.468,243,250,0.76,250
attack_a0.5_s0_e1b_persist_s0,gaussian_layer_matched|1|1,gaussian_layer_matched,1.0,1,0.156,13,False,0.4609053497942387,0.468,243,250,0.752,250
attack_a0.5_s0_e1b_persist_s0,gaussian_layer_matched|1|2,gaussian_layer_matched,1.0,2,0.156,13,False,0.45267489711934156,0.464,243,250,0.788,250
attack_a0.5_s0_e1b_persist_s0,gaussian_layer_matched|2|0,gaussian_layer_matched,2.0,0,0.312,13,False,0.4732510288065844,0.472,243,250,0.756,250
attack_a0.5_s0_e1b_persist_s0,gaussian_layer_matched|2|1,gaussian_layer_matched,2.0,1,0.312,13,False,0.42386831275720166,0.432,243,250,0.76,250
attack_a0.5_s0_e1b_persist_s0,gaussian_layer_matched|2|2,gaussian_layer_matched,2.0,2,0.312,13,False,0.3950617283950617,0.408,243,250,0.768,250
attack_a0.5_s0_e1b_persist_s0,gaussian_layer_matched|4|0,gaussian_layer_matched,4.0,0,0.624,13,False,0.411522633744856,0.408,243,250,0.512,250
attack_a0.5_s0_e1b_persist_s0,gaussian_layer_matched|4|1,gaussian_layer_matched,4.0,1,0.624,13,False,0.04526748971193416,0.052,243,250,0.64,250
attack_a0.5_s0_e1b_persist_s0,gaussian_layer_matched|4|2,gaussian_layer_matched,4.0,2,0.624,13,False,0.102880658436214,0.108,243,250,0.64,250
attack_a0.5_s0_e1b_persist_s0,shuffled|0.5|0,shuffled,0.5,0,0.078,13,False,0.4074074074074074,0.42,243,250,0.784,250
attack_a0.5_s0_e1b_persist_s0,shuffled|0.5|1,shuffled,0.5,1,0.078,13,False,0.4156378600823045,0.42,243,250,0.768,250
attack_a0.5_s0_e1b_persist_s0,shuffled|0.5|2,shuffled,0.5,2,0.078,13,False,0.40329218106995884,0.416,243,250,0.772,250
attack_a0.5_s0_e1b_persist_s0,shuffled|1|0,shuffled,1.0,0,0.156,13,False,0.3168724279835391,0.332,243,250,0.744,250
attack_a0.5_s0_e1b_persist_s0,shuffled|1|1,shuffled,1.0,1,0.156,13,False,0.3292181069958848,0.344,243,250,0.744,250
attack_a0.5_s0_e1b_persist_s0,shuffled|1|2,shuffled,1.0,2,0.156,13,False,0.3292181069958848,0.344,243,250,0.688,250
attack_a0.5_s0_e1b_persist_s0,shuffled|2|0,shuffled,2.0,0,0.312,13,False,0.102880658436214,0.108,243,250,0.476,250
attack_a0.5_s0_e1b_persist_s0,shuffled|2|1,shuffled,2.0,1,0.312,13,False,0.14814814814814814,0.156,243,250,0.548,250
attack_a0.5_s0_e1b_persist_s0,shuffled|2|2,shuffled,2.0,2,0.312,13,False,0.17695473251028807,0.18,243,250,0.412,250
attack_a0.5_s0_e1b_persist_s0,shuffled|4|0,shuffled,4.0,0,0.624,13,False,0.0,0.0,243,250,0.156,250
attack_a0.5_s0_e1b_persist_s0,shuffled|4|1,shuffled,4.0,1,0.624,13,False,0.02880658436213992,0.028,243,250,0.184,250
attack_a0.5_s0_e1b_persist_s0,shuffled|4|2,shuffled,4.0,2,0.624,13,False,0.04526748971193416,0.044,243,250,0.172,250
attack_a0.5_s0_e1b_persist_s0,sign_flipped|0.5|0,sign_flipped,0.5,0,0.078,13,False,0.448559670781893,0.452,243,250,0.776,250
attack_a0.5_s0_e1b_persist_s0,sign_flipped|0.5|1,sign_flipped,0.5,1,0.078,13,False,0.4444444444444444,0.452,243,250,0.78,250
attack_a0.5_s0_e1b_persist_s0,sign_flipped|0.5|2,sign_flipped,0.5,2,0.078,13,False,0.4567901234567901,0.46,243,250,0.788,250
attack_a0.5_s0_e1b_persist_s0,sign_flipped|1|0,sign_flipped,1.0,0,0.156,13,False,0.43621399176954734,0.44,243,250,0.788,250
attack_a0.5_s0_e1b_persist_s0,sign_flipped|1|1,sign_flipped,1.0,1,0.156,13,False,0.4074074074074074,0.412,243,250,0.78,250
attack_a0.5_s0_e1b_persist_s0,sign_flipped|1|2,sign_flipped,1.0,2,0.156,13,False,0.37037037037037035,0.376,243,250,0.784,250
attack_a0.5_s0_e1b_persist_s0,sign_flipped|2|0,sign_flipped,2.0,0,0.312,13,False,0.35802469135802467,0.36,243,250,0.768,250
attack_a0.5_s0_e1b_persist_s0,sign_flipped|2|1,sign_flipped,2.0,1,0.312,13,False,0.35390946502057613,0.356,243,250,0.752,250
attack_a0.5_s0_e1b_persist_s0,sign_flipped|2|2,sign_flipped,2.0,2,0.312,13,False,0.17695473251028807,0.188,243,250,0.812,250
attack_a0.5_s0_e1b_persist_s0,sign_flipped|4|0,sign_flipped,4.0,0,0.624,13,False,0.00823045267489712,0.008,243,250,0.576,250
attack_a0.5_s0_e1b_persist_s0,sign_flipped|4|1,sign_flipped,4.0,1,0.624,13,False,0.12757201646090535,0.128,243,250,0.612,250
attack_a0.5_s0_e1b_persist_s0,sign_flipped|4|2,sign_flipped,4.0,2,0.624,13,False,0.00823045267489712,0.008,243,250,0.588,250
attack_a0.5_s0_e1b_persist_s0,real|0.5|0,real,0.5,0,0.078,13,False,0.053497942386831275,0.056,243,250,0.776,250
attack_a0.5_s0_e1b_persist_s0,real|1|0,real,1.0,0,0.156,13,False,0.00411522633744856,0.004,243,250,0.704,250
attack_a0.5_s0_e1b_persist_s0,real|2|0,real,2.0,0,0.312,13,False,0.0,0.0,243,250,0.476,250
attack_a0.5_s0_e1b_persist_s0,real|4|0,real,4.0,0,0.624,13,False,0.0,0.0,243,250,0.296,250
attack_a0.5_s0_e1b_persist_s0,zero|0|0,zero,0.0,0,0.0,14,False,0.527027027027027,0.612,148,250,0.876,250
attack_a0.5_s0_e1b_persist_s0,gaussian_global|0.5|0,gaussian_global,0.5,0,0.078,14,False,0.5405405405405406,0.624,148,250,0.876,250
attack_a0.5_s0_e1b_persist_s0,gaussian_global|0.5|1,gaussian_global,0.5,1,0.078,14,False,0.5337837837837838,0.616,148,250,0.88,250
attack_a0.5_s0_e1b_persist_s0,gaussian_global|0.5|2,gaussian_global,0.5,2,0.078,14,False,0.5337837837837838,0.616,148,250,0.876,250
attack_a0.5_s0_e1b_persist_s0,gaussian_global|1|0,gaussian_global,1.0,0,0.156,14,False,0.5405405405405406,0.628,148,250,0.884,250
attack_a0.5_s0_e1b_persist_s0,gaussian_global|1|1,gaussian_global,1.0,1,0.156,14,False,0.5405405405405406,0.624,148,250,0.876,250
attack_a0.5_s0_e1b_persist_s0,gaussian_global|1|2,gaussian_global,1.0,2,0.156,14,False,0.527027027027027,0.62,148,250,0.868,250
attack_a0.5_s0_e1b_persist_s0,gaussian_global|2|0,gaussian_global,2.0,0,0.312,14,False,0.5675675675675675,0.656,148,250,0.86,250
attack_a0.5_s0_e1b_persist_s0,gaussian_global|2|1,gaussian_global,2.0,1,0.312,14,False,0.527027027027027,0.62,148,250,0.852,250
attack_a0.5_s0_e1b_persist_s0,gaussian_global|2|2,gaussian_global,2.0,2,0.312,14,False,0.527027027027027,0.62,148,250,0.86,250
attack_a0.5_s0_e1b_persist_s0,gaussian_global|4|0,gaussian_global,4.0,0,0.624,14,False,0.5067567567567568,0.596,148,250,0.748,250
attack_a0.5_s0_e1b_persist_s0,gaussian_global|4|1,gaussian_global,4.0,1,0.624,14,False,0.39864864864864863,0.5,148,250,0.728,250
attack_a0.5_s0_e1b_persist_s0,gaussian_global|4|2,gaussian_global,4.0,2,0.624,14,False,0.4391891891891892,0.528,148,250,0.74,250
attack_a0.5_s0_e1b_persist_s0,gaussian_layer_matched|0.5|0,gaussian_layer_matched,0.5,0,0.078,14,False,0.5202702702702703,0.6,148,250,0.872,250
attack_a0.5_s0_e1b_persist_s0,gaussian_layer_matched|0.5|1,gaussian_layer_matched,0.5,1,0.078,14,False,0.5405405405405406,0.624,148,250,0.876,250
attack_a0.5_s0_e1b_persist_s0,gaussian_layer_matched|0.5|2,gaussian_layer_matched,0.5,2,0.078,14,False,0.5675675675675675,0.648,148,250,0.868,250
attack_a0.5_s0_e1b_persist_s0,gaussian_layer_matched|1|0,gaussian_layer_matched,1.0,0,0.156,14,False,0.5405405405405406,0.62,148,250,0.868,250
attack_a0.5_s0_e1b_persist_s0,gaussian_layer_matched|1|1,gaussian_layer_matched,1.0,1,0.156,14,False,0.5608108108108109,0.648,148,250,0.888,250
attack_a0.5_s0_e1b_persist_s0,gaussian_layer_matched|1|2,gaussian_layer_matched,1.0,2,0.156,14,False,0.5675675675675675,0.656,148,250,0.872,250
attack_a0.5_s0_e1b_persist_s0,gaussian_layer_matched|2|0,gaussian_layer_matched,2.0,0,0.312,14,False,0.581081081081081,0.656,148,250,0.836,250
attack_a0.5_s0_e1b_persist_s0,gaussian_layer_matched|2|1,gaussian_layer_matched,2.0,1,0.312,14,False,0.6148648648648649,0.676,148,250,0.884,250
attack_a0.5_s0_e1b_persist_s0,gaussian_layer_matched|2|2,gaussian_layer_matched,2.0,2,0.312,14,False,0.5337837837837838,0.616,148,250,0.836,250
attack_a0.5_s0_e1b_persist_s0,gaussian_layer_matched|4|0,gaussian_layer_matched,4.0,0,0.624,14,False,0.3918918918918919,0.328,148,250,0.488,250
attack_a0.5_s0_e1b_persist_s0,gaussian_layer_matched|4|1,gaussian_layer_matched,4.0,1,0.624,14,False,0.47297297297297297,0.472,148,250,0.7,250
attack_a0.5_s0_e1b_persist_s0,gaussian_layer_matched|4|2,gaussian_layer_matched,4.0,2,0.624,14,False,0.4189189189189189,0.472,148,250,0.556,250
attack_a0.5_s0_e1b_persist_s0,shuffled|0.5|0,shuffled,0.5,0,0.078,14,False,0.49324324324324326,0.596,148,250,0.86,250
attack_a0.5_s0_e1b_persist_s0,shuffled|0.5|1,shuffled,0.5,1,0.078,14,False,0.46621621621621623,0.572,148,250,0.876,250
attack_a0.5_s0_e1b_persist_s0,shuffled|0.5|2,shuffled,0.5,2,0.078,14,False,0.5405405405405406,0.616,148,250,0.876,250
attack_a0.5_s0_e1b_persist_s0,shuffled|1|0,shuffled,1.0,0,0.156,14,False,0.4391891891891892,0.528,148,250,0.856,250
attack_a0.5_s0_e1b_persist_s0,shuffled|1|1,shuffled,1.0,1,0.156,14,False,0.3310810810810811,0.472,148,250,0.86,250
attack_a0.5_s0_e1b_persist_s0,shuffled|1|2,shuffled,1.0,2,0.156,14,False,0.42567567567567566,0.512,148,250,0.86,250
attack_a0.5_s0_e1b_persist_s0,shuffled|2|0,shuffled,2.0,0,0.312,14,False,0.28378378378378377,0.332,148,250,0.692,250
attack_a0.5_s0_e1b_persist_s0,shuffled|2|1,shuffled,2.0,1,0.312,14,False,0.21621621621621623,0.288,148,250,0.752,250
attack_a0.5_s0_e1b_persist_s0,shuffled|2|2,shuffled,2.0,2,0.312,14,False,0.3108108108108108,0.368,148,250,0.768,250
attack_a0.5_s0_e1b_persist_s0,shuffled|4|0,shuffled,4.0,0,0.624,14,False,0.0,0.0,148,250,0.188,250
attack_a0.5_s0_e1b_persist_s0,shuffled|4|1,shuffled,4.0,1,0.624,14,False,0.013513513513513514,0.016,148,250,0.364,250
attack_a0.5_s0_e1b_persist_s0,shuffled|4|2,shuffled,4.0,2,0.624,14,False,0.14189189189189189,0.1,148,250,0.424,250
attack_a0.5_s0_e1b_persist_s0,sign_flipped|0.5|0,sign_flipped,0.5,0,0.078,14,False,0.5675675675675675,0.644,148,250,0.884,250
attack_a0.5_s0_e1b_persist_s0,sign_flipped|0.5|1,sign_flipped,0.5,1,0.078,14,False,0.49324324324324326,0.592,148,250,0.872,250
attack_a0.5_s0_e1b_persist_s0,sign_flipped|0.5|2,sign_flipped,0.5,2,0.078,14,False,0.5337837837837838,0.616,148,250,0.876,250
attack_a0.5_s0_e1b_persist_s0,sign_flipped|1|0,sign_flipped,1.0,0,0.156,14,False,0.6216216216216216,0.684,148,250,0.872,250
attack_a0.5_s0_e1b_persist_s0,sign_flipped|1|1,sign_flipped,1.0,1,0.156,14,False,0.47297297297297297,0.576,148,250,0.872,250
attack_a0.5_s0_e1b_persist_s0,sign_flipped|1|2,sign_flipped,1.0,2,0.156,14,False,0.4527027027027027,0.568,148,250,0.868,250
attack_a0.5_s0_e1b_persist_s0,sign_flipped|2|0,sign_flipped,2.0,0,0.312,14,False,0.6756756756756757,0.736,148,250,0.844,250
attack_a0.5_s0_e1b_persist_s0,sign_flipped|2|1,sign_flipped,2.0,1,0.312,14,False,0.5067567567567568,0.6,148,250,0.844,250
attack_a0.5_s0_e1b_persist_s0,sign_flipped|2|2,sign_flipped,2.0,2,0.312,14,False,0.40540540540540543,0.496,148,250,0.852,250
attack_a0.5_s0_e1b_persist_s0,sign_flipped|4|0,sign_flipped,4.0,0,0.624,14,False,0.4864864864864865,0.476,148,250,0.4,250
attack_a0.5_s0_e1b_persist_s0,sign_flipped|4|1,sign_flipped,4.0,1,0.624,14,False,0.36486486486486486,0.408,148,250,0.452,250
attack_a0.5_s0_e1b_persist_s0,sign_flipped|4|2,sign_flipped,4.0,2,0.624,14,False,0.1891891891891892,0.172,148,250,0.46,250
attack_a0.5_s0_e1b_persist_s0,real|0.5|0,real,0.5,0,0.078,14,False,0.060810810810810814,0.156,148,250,0.764,250
attack_a0.5_s0_e1b_persist_s0,real|1|0,real,1.0,0,0.156,14,False,0.0,0.004,148,250,0.604,250
attack_a0.5_s0_e1b_persist_s0,real|2|0,real,2.0,0,0.312,14,False,0.0,0.0,148,250,0.224,250
attack_a0.5_s0_e1b_persist_s0,real|4|0,real,4.0,0,0.624,14,False,0.0,0.0,148,250,0.06,250
attack_a0.5_s0_e1b_persist_s0,zero|0|0,zero,0.0,0,0.0,16,False,0.4872881355932203,0.5,236,250,0.812,250
attack_a0.5_s0_e1b_persist_s0,gaussian_global|0.5|0,gaussian_global,0.5,0,0.078,16,False,0.5127118644067796,0.524,236,250,0.808,250
attack_a0.5_s0_e1b_persist_s0,gaussian_global|0.5|1,gaussian_global,0.5,1,0.078,16,False,0.4872881355932203,0.5,236,250,0.816,250
attack_a0.5_s0_e1b_persist_s0,gaussian_global|0.5|2,gaussian_global,0.5,2,0.078,16,False,0.5042372881355932,0.516,236,250,0.812,250
attack_a0.5_s0_e1b_persist_s0,gaussian_global|1|0,gaussian_global,1.0,0,0.156,16,False,0.538135593220339,0.548,236,250,0.804,250
attack_a0.5_s0_e1b_persist_s0,gaussian_global|1|1,gaussian_global,1.0,1,0.156,16,False,0.4915254237288136,0.504,236,250,0.812,250
attack_a0.5_s0_e1b_persist_s0,gaussian_global|1|2,gaussian_global,1.0,2,0.156,16,False,0.4788135593220339,0.492,236,250,0.808,250
attack_a0.5_s0_e1b_persist_s0,gaussian_global|2|0,gaussian_global,2.0,0,0.312,16,False,0.5423728813559322,0.556,236,250,0.756,250
attack_a0.5_s0_e1b_persist_s0,gaussian_global|2|1,gaussian_global,2.0,1,0.312,16,False,0.4576271186440678,0.472,236,250,0.792,250
attack_a0.5_s0_e1b_persist_s0,gaussian_global|2|2,gaussian_global,2.0,2,0.312,16,False,0.5169491525423728,0.528,236,250,0.796,250
attack_a0.5_s0_e1b_persist_s0,gaussian_global|4|0,gaussian_global,4.0,0,0.624,16,False,0.5127118644067796,0.52,236,250,0.596,250
attack_a0.5_s0_e1b_persist_s0,gaussian_global|4|1,gaussian_global,4.0,1,0.624,16,False,0.2711864406779661,0.292,236,250,0.696,250
attack_a0.5_s0_e1b_persist_s0,gaussian_global|4|2,gaussian_global,4.0,2,0.624,16,False,0.4279661016949153,0.44,236,250,0.696,250
attack_a0.5_s0_e1b_persist_s0,gaussian_layer_matched|0.5|0,gaussian_layer_matched,0.5,0,0.078,16,False,0.5,0.512,236,250,0.804,250
attack_a0.5_s0_e1b_persist_s0,gaussian_layer_matched|0.5|1,gaussian_layer_matched,0.5,1,0.078,16,False,0.5296610169491526,0.54,236,250,0.812,250
attack_a0.5_s0_e1b_persist_s0,gaussian_layer_matched|0.5|2,gaussian_layer_matched,0.5,2,0.078,16,False,0.5127118644067796,0.524,236,250,0.816,250
attack_a0.5_s0_e1b_persist_s0,gaussian_layer_matched|1|0,gaussian_layer_matched,1.0,0,0.156,16,False,0.5296610169491526,0.54,236,250,0.78,250
attack_a0.5_s0_e1b_persist_s0,gaussian_layer_matched|1|1,gaussian_layer_matched,1.0,1,0.156,16,False,0.5254237288135594,0.536,236,250,0.804,250
attack_a0.5_s0_e1b_persist_s0,gaussian_layer_matched|1|2,gaussian_layer_matched,1.0,2,0.156,16,False,0.538135593220339,0.548,236,250,0.816,250
attack_a0.5_s0_e1b_persist_s0,gaussian_layer_matched|2|0,gaussian_layer_matched,2.0,0,0.312,16,False,0.5720338983050848,0.576,236,250,0.684,250
attack_a0.5_s0_e1b_persist_s0,gaussian_layer_matched|2|1,gaussian_layer_matched,2.0,1,0.312,16,False,0.5127118644067796,0.524,236,250,0.788,250
attack_a0.5_s0_e1b_persist_s0,gaussian_layer_matched|2|2,gaussian_layer_matched,2.0,2,0.312,16,False,0.461864406779661,0.476,236,250,0.748,250
attack_a0.5_s0_e1b_persist_s0,gaussian_layer_matched|4|0,gaussian_layer_matched,4.0,0,0.624,16,False,0.4533898305084746,0.432,236,250,0.336,250
attack_a0.5_s0_e1b_persist_s0,gaussian_layer_matched|4|1,gaussian_layer_matched,4.0,1,0.624,16,False,0.2245762711864407,0.22,236,250,0.6,250
attack_a0.5_s0_e1b_persist_s0,gaussian_layer_matched|4|2,gaussian_layer_matched,4.0,2,0.624,16,False,0.2711864406779661,0.284,236,250,0.468,250
attack_a0.5_s0_e1b_persist_s0,shuffled|0.5|0,shuffled,0.5,0,0.078,16,False,0.4449152542372881,0.46,236,250,0.828,250
attack_a0.5_s0_e1b_persist_s0,shuffled|0.5|1,shuffled,0.5,1,0.078,16,False,0.4152542372881356,0.432,236,250,0.812,250
attack_a0.5_s0_e1b_persist_s0,shuffled|0.5|2,shuffled,0.5,2,0.078,16,False,0.4449152542372881,0.46,236,250,0.824,250
attack_a0.5_s0_e1b_persist_s0,shuffled|1|0,shuffled,1.0,0,0.156,16,False,0.3728813559322034,0.392,236,250,0.784,250
attack_a0.5_s0_e1b_persist_s0,shuffled|1|1,shuffled,1.0,1,0.156,16,False,0.288135593220339,0.312,236,250,0.792,250
attack_a0.5_s0_e1b_persist_s0,shuffled|1|2,shuffled,1.0,2,0.156,16,False,0.3940677966101695,0.404,236,250,0.768,250
attack_a0.5_s0_e1b_persist_s0,shuffled|2|0,shuffled,2.0,0,0.312,16,False,0.13983050847457626,0.148,236,250,0.496,250
attack_a0.5_s0_e1b_persist_s0,shuffled|2|1,shuffled,2.0,1,0.312,16,False,0.11440677966101695,0.124,236,250,0.644,250
attack_a0.5_s0_e1b_persist_s0,shuffled|2|2,shuffled,2.0,2,0.312,16,False,0.1906779661016949,0.196,236,250,0.624,250
attack_a0.5_s0_e1b_persist_s0,shuffled|4|0,shuffled,4.0,0,0.624,16,False,0.0,0.0,236,250,0.1,250
attack_a0.5_s0_e1b_persist_s0,shuffled|4|1,shuffled,4.0,1,0.624,16,False,0.012711864406779662,0.012,236,250,0.172,250
attack_a0.5_s0_e1b_persist_s0,shuffled|4|2,shuffled,4.0,2,0.624,16,False,0.07203389830508475,0.072,236,250,0.152,250
attack_a0.5_s0_e1b_persist_s0,sign_flipped|0.5|0,sign_flipped,0.5,0,0.078,16,False,0.5169491525423728,0.528,236,250,0.804,250
attack_a0.5_s0_e1b_persist_s0,sign_flipped|0.5|1,sign_flipped,0.5,1,0.078,16,False,0.4788135593220339,0.492,236,250,0.82,250
attack_a0.5_s0_e1b_persist_s0,sign_flipped|0.5|2,sign_flipped,0.5,2,0.078,16,False,0.4788135593220339,0.492,236,250,0.808,250
attack_a0.5_s0_e1b_persist_s0,sign_flipped|1|0,sign_flipped,1.0,0,0.156,16,False,0.5338983050847458,0.544,236,250,0.768,250
attack_a0.5_s0_e1b_persist_s0,sign_flipped|1|1,sign_flipped,1.0,1,0.156,16,False,0.423728813559322,0.44,236,250,0.8,250
attack_a0.5_s0_e1b_persist_s0,sign_flipped|1|2,sign_flipped,1.0,2,0.156,16,False,0.4449152542372881,0.46,236,250,0.8,250
attack_a0.5_s0_e1b_persist_s0,sign_flipped|2|0,sign_flipped,2.0,0,0.312,16,False,0.6271186440677966,0.628,236,250,0.72,250
attack_a0.5_s0_e1b_persist_s0,sign_flipped|2|1,sign_flipped,2.0,1,0.312,16,False,0.3813559322033898,0.396,236,250,0.708,250
attack_a0.5_s0_e1b_persist_s0,sign_flipped|2|2,sign_flipped,2.0,2,0.312,16,False,0.3559322033898305,0.372,236,250,0.72,250
attack_a0.5_s0_e1b_persist_s0,sign_flipped|4|0,sign_flipped,4.0,0,0.624,16,False,0.3050847457627119,0.296,236,250,0.244,250
attack_a0.5_s0_e1b_persist_s0,sign_flipped|4|1,sign_flipped,4.0,1,0.624,16,False,0.3093220338983051,0.324,236,250,0.392,250
attack_a0.5_s0_e1b_persist_s0,sign_flipped|4|2,sign_flipped,4.0,2,0.624,16,False,0.09745762711864407,0.096,236,250,0.352,250
attack_a0.5_s0_e1b_persist_s0,real|0.5|0,real,0.5,0,0.078,16,False,0.038135593220338986,0.04,236,250,0.772,250
attack_a0.5_s0_e1b_persist_s0,real|1|0,real,1.0,0,0.156,16,False,0.00423728813559322,0.004,236,250,0.636,250
attack_a0.5_s0_e1b_persist_s0,real|2|0,real,2.0,0,0.312,16,False,0.0,0.0,236,250,0.312,250
attack_a0.5_s0_e1b_persist_s0,real|4|0,real,4.0,0,0.624,16,False,0.0,0.0,236,250,0.064,250
attack_a0.5_s0_e1b_persist_s0,zero|0|0,zero,0.0,0,0.0,18,False,0.4326530612244898,0.44,245,250,0.9,250
attack_a0.5_s0_e1b_persist_s0,gaussian_global|0.5|0,gaussian_global,0.5,0,0.078,18,False,0.40408163265306124,0.412,245,250,0.9,250
attack_a0.5_s0_e1b_persist_s0,gaussian_global|0.5|1,gaussian_global,0.5,1,0.078,18,False,0.4326530612244898,0.444,245,250,0.9,250
attack_a0.5_s0_e1b_persist_s0,gaussian_global|0.5|2,gaussian_global,0.5,2,0.078,18,False,0.4204081632653061,0.432,245,250,0.904,250
attack_a0.5_s0_e1b_persist_s0,gaussian_global|1|0,gaussian_global,1.0,0,0.156,18,False,0.4530612244897959,0.464,245,250,0.892,250
attack_a0.5_s0_e1b_persist_s0,gaussian_global|1|1,gaussian_global,1.0,1,0.156,18,False,0.43673469387755104,0.448,245,250,0.88,250
attack_a0.5_s0_e1b_persist_s0,gaussian_global|1|2,gaussian_global,1.0,2,0.156,18,False,0.45714285714285713,0.464,245,250,0.892,250
attack_a0.5_s0_e1b_persist_s0,gaussian_global|2|0,gaussian_global,2.0,0,0.312,18,False,0.43673469387755104,0.444,245,250,0.884,250
attack_a0.5_s0_e1b_persist_s0,gaussian_global|2|1,gaussian_global,2.0,1,0.312,18,False,0.42448979591836733,0.432,245,250,0.864,250
attack_a0.5_s0_e1b_persist_s0,gaussian_global|2|2,gaussian_global,2.0,2,0.312,18,False,0.4448979591836735,0.452,245,250,0.884,250
attack_a0.5_s0_e1b_persist_s0,gaussian_global|4|0,gaussian_global,4.0,0,0.624,18,False,0.37551020408163266,0.38,245,250,0.748,250
attack_a0.5_s0_e1b_persist_s0,gaussian_global|4|1,gaussian_global,4.0,1,0.624,18,False,0.23265306122448978,0.24,245,250,0.808,250
attack_a0.5_s0_e1b_persist_s0,gaussian_global|4|2,gaussian_global,4.0,2,0.624,18,False,0.3795918367346939,0.384,245,250,0.788,250
attack_a0.5_s0_e1b_persist_s0,gaussian_layer_matched|0.5|0,gaussian_layer_matched,0.5,0,0.078,18,False,0.42857142857142855,0.436,245,250,0.9,250
attack_a0.5_s0_e1b_persist_s0,gaussian_layer_matched|0.5|1,gaussian_layer_matched,0.5,1,0.078,18,False,0.44081632653061226,0.452,245,250,0.896,250
attack_a0.5_s0_e1b_persist_s0,gaussian_layer_matched|0.5|2,gaussian_layer_matched,0.5,2,0.078,18,False,0.47346938775510206,0.484,245,250,0.9,250
attack_a0.5_s0_e1b_persist_s0,gaussian_layer_matched|1|0,gaussian_layer_matched,1.0,0,0.156,18,False,0.3877551020408163,0.392,245,250,0.88,250
attack_a0.5_s0_e1b_persist_s0,gaussian_layer_matched|1|1,gaussian_layer_matched,1.0,1,0.156,18,False,0.46530612244897956,0.476,245,250,0.876,250
attack_a0.5_s0_e1b_persist_s0,gaussian_layer_matched|1|2,gaussian_layer_matched,1.0,2,0.156,18,False,0.46122448979591835,0.472,245,250,0.884,250
attack_a0.5_s0_e1b_persist_s0,gaussian_layer_matched|2|0,gaussian_layer_matched,2.0,0,0.312,18,False,0.4448979591836735,0.448,245,250,0.816,250
attack_a0.5_s0_e1b_persist_s0,gaussian_layer_matched|2|1,gaussian_layer_matched,2.0,1,0.312,18,False,0.4530612244897959,0.464,245,250,0.844,250
attack_a0.5_s0_e1b_persist_s0,gaussian_layer_matched|2|2,gaussian_layer_matched,2.0,2,0.312,18,False,0.4448979591836735,0.448,245,250,0.812,250
attack_a0.5_s0_e1b_persist_s0,gaussian_layer_matched|4|0,gaussian_layer_matched,4.0,0,0.624,18,False,0.23265306122448978,0.228,245,250,0.48,250
attack_a0.5_s0_e1b_persist_s0,gaussian_layer_matched|4|1,gaussian_layer_matched,4.0,1,0.624,18,False,0.08571428571428572,0.084,245,250,0.7,250
attack_a0.5_s0_e1b_persist_s0,gaussian_layer_matched|4|2,gaussian_layer_matched,4.0,2,0.624,18,False,0.2163265306122449,0.22,245,250,0.508,250
attack_a0.5_s0_e1b_persist_s0,shuffled|0.5|0,shuffled,0.5,0,0.078,18,False,0.4163265306122449,0.428,245,250,0.884,250
attack_a0.5_s0_e1b_persist_s0,shuffled|0.5|1,shuffled,0.5,1,0.078,18,False,0.40408163265306124,0.412,245,250,0.88,250
attack_a0.5_s0_e1b_persist_s0,shuffled|0.5|2,shuffled,0.5,2,0.078,18,False,0.42857142857142855,0.44,245,250,0.864,250
attack_a0.5_s0_e1b_persist_s0,shuffled|1|0,shuffled,1.0,0,0.156,18,False,0.3142857142857143,0.324,245,250,0.788,250
attack_a0.5_s0_e1b_persist_s0,shuffled|1|1,shuffled,1.0,1,0.156,18,False,0.2897959183673469,0.3,245,250,0.812,250
attack_a0.5_s0_e1b_persist_s0,shuffled|1|2,shuffled,1.0,2,0.156,18,False,0.32653061224489793,0.332,245,250,0.816,250
attack_a0.5_s0_e1b_persist_s0,shuffled|2|0,shuffled,2.0,0,0.312,18,False,0.12244897959183673,0.132,245,250,0.44,250
attack_a0.5_s0_e1b_persist_s0,shuffled|2|1,shuffled,2.0,1,0.312,18,False,0.17551020408163265,0.184,245,250,0.608,250
attack_a0.5_s0_e1b_persist_s0,shuffled|2|2,shuffled,2.0,2,0.312,18,False,0.17959183673469387,0.184,245,250,0.528,250
attack_a0.5_s0_e1b_persist_s0,shuffled|4|0,shuffled,4.0,0,0.624,18,False,0.004081632653061225,0.004,245,250,0.028,250
attack_a0.5_s0_e1b_persist_s0,shuffled|4|1,shuffled,4.0,1,0.624,18,False,0.061224489795918366,0.06,245,250,0.1,250
attack_a0.5_s0_e1b_persist_s0,shuffled|4|2,shuffled,4.0,2,0.624,18,False,0.0653061224489796,0.064,245,250,0.068,250
attack_a0.5_s0_e1b_persist_s0,sign_flipped|0.5|0,sign_flipped,0.5,0,0.078,18,False,0.46122448979591835,0.468,245,250,0.896,250
attack_a0.5_s0_e1b_persist_s0,sign_flipped|0.5|1,sign_flipped,0.5,1,0.078,18,False,0.4204081632653061,0.432,245,250,0.892,250
attack_a0.5_s0_e1b_persist_s0,sign_flipped|0.5|2,sign_flipped,0.5,2,0.078,18,False,0.4,0.412,245,250,0.896,250
attack_a0.5_s0_e1b_persist_s0,sign_flipped|1|0,sign_flipped,1.0,0,0.156,18,False,0.49795918367346936,0.508,245,250,0.884,250
attack_a0.5_s0_e1b_persist_s0,sign_flipped|1|1,sign_flipped,1.0,1,0.156,18,False,0.3836734693877551,0.388,245,250,0.856,250
attack_a0.5_s0_e1b_persist_s0,sign_flipped|1|2,sign_flipped,1.0,2,0.156,18,False,0.363265306122449,0.372,245,250,0.876,250
attack_a0.5_s0_e1b_persist_s0,sign_flipped|2|0,sign_flipped,2.0,0,0.312,18,False,0.4897959183673469,0.484,245,250,0.772,250
attack_a0.5_s0_e1b_persist_s0,sign_flipped|2|1,sign_flipped,2.0,1,0.312,18,False,0.3346938775510204,0.34,245,250,0.804,250
attack_a0.5_s0_e1b_persist_s0,sign_flipped|2|2,sign_flipped,2.0,2,0.312,18,False,0.2612244897959184,0.264,245,250,0.852,250
attack_a0.5_s0_e1b_persist_s0,sign_flipped|4|0,sign_flipped,4.0,0,0.624,18,False,0.07755102040816327,0.076,245,250,0.476,250
attack_a0.5_s0_e1b_persist_s0,sign_flipped|4|1,sign_flipped,4.0,1,0.624,18,False,0.1836734693877551,0.184,245,250,0.492,250
attack_a0.5_s0_e1b_persist_s0,sign_flipped|4|2,sign_flipped,4.0,2,0.624,18,False,0.0163265306122449,0.016,245,250,0.528,250
attack_a0.5_s0_e1b_persist_s0,real|0.5|0,real,0.5,0,0.078,18,False,0.0653061224489796,0.064,245,250,0.856,250
attack_a0.5_s0_e1b_persist_s0,real|1|0,real,1.0,0,0.156,18,False,0.0,0.0,245,250,0.74,250
attack_a0.5_s0_e1b_persist_s0,real|2|0,real,2.0,0,0.312,18,False,0.0,0.0,245,250,0.332,250
attack_a0.5_s0_e1b_persist_s0,real|4|0,real,4.0,0,0.624,18,False,0.0,0.0,245,250,0.1,250
attack_a0.5_s0_e1b_persist_s0,zero|0|0,zero,0.0,0,0.0,19,False,0.5167785234899329,0.668,149,250,0.82,250
attack_a0.5_s0_e1b_persist_s0,gaussian_global|0.5|0,gaussian_global,0.5,0,0.078,19,False,0.5302013422818792,0.672,149,250,0.82,250
attack_a0.5_s0_e1b_persist_s0,gaussian_global|0.5|1,gaussian_global,0.5,1,0.078,19,False,0.5302013422818792,0.676,149,250,0.82,250
attack_a0.5_s0_e1b_persist_s0,gaussian_global|0.5|2,gaussian_global,0.5,2,0.078,19,False,0.5234899328859061,0.664,149,250,0.828,250
attack_a0.5_s0_e1b_persist_s0,gaussian_global|1|0,gaussian_global,1.0,0,0.156,19,False,0.5704697986577181,0.704,149,250,0.82,250
attack_a0.5_s0_e1b_persist_s0,gaussian_global|1|1,gaussian_global,1.0,1,0.156,19,False,0.5570469798657718,0.684,149,250,0.816,250
attack_a0.5_s0_e1b_persist_s0,gaussian_global|1|2,gaussian_global,1.0,2,0.156,19,False,0.5369127516778524,0.672,149,250,0.828,250
attack_a0.5_s0_e1b_persist_s0,gaussian_global|2|0,gaussian_global,2.0,0,0.312,19,False,0.6040268456375839,0.72,149,250,0.804,250
attack_a0.5_s0_e1b_persist_s0,gaussian_global|2|1,gaussian_global,2.0,1,0.312,19,False,0.5167785234899329,0.652,149,250,0.824,250
attack_a0.5_s0_e1b_persist_s0,gaussian_global|2|2,gaussian_global,2.0,2,0.312,19,False,0.5704697986577181,0.696,149,250,0.812,250
attack_a0.5_s0_e1b_persist_s0,gaussian_global|4|0,gaussian_global,4.0,0,0.624,19,False,0.5637583892617449,0.7,149,250,0.756,250
attack_a0.5_s0_e1b_persist_s0,gaussian_global|4|1,gaussian_global,4.0,1,0.624,19,False,0.3422818791946309,0.5,149,250,0.732,250
attack_a0.5_s0_e1b_persist_s0,gaussian_global|4|2,gaussian_global,4.0,2,0.624,19,False,0.4563758389261745,0.616,149,250,0.756,250
attack_a0.5_s0_e1b_persist_s0,gaussian_layer_matched|0.5|0,gaussian_layer_matched,0.5,0,0.078,19,False,0.5369127516778524,0.68,149,250,0.812,250
attack_a0.5_s0_e1b_persist_s0,gaussian_layer_matched|0.5|1,gaussian_layer_matched,0.5,1,0.078,19,False,0.5704697986577181,0.7,149,250,0.816,250
attack_a0.5_s0_e1b_persist_s0,gaussian_layer_matched|0.5|2,gaussian_layer_matched,0.5,2,0.078,19,False,0.5570469798657718,0.692,149,250,0.828,250
attack_a0.5_s0_e1b_persist_s0,gaussian_layer_matched|1|0,gaussian_layer_matched,1.0,0,0.156,19,False,0.5570469798657718,0.696,149,250,0.816,250
attack_a0.5_s0_e1b_persist_s0,gaussian_layer_matched|1|1,gaussian_layer_matched,1.0,1,0.156,19,False,0.5369127516778524,0.672,149,250,0.816,250
attack_a0.5_s0_e1b_persist_s0,gaussian_layer_matched|1|2,gaussian_layer_matched,1.0,2,0.156,19,False,0.5838926174496645,0.72,149,250,0.824,250
attack_a0.5_s0_e1b_persist_s0,gaussian_layer_matched|2|0,gaussian_layer_matched,2.0,0,0.312,19,False,0.6241610738255033,0.736,149,250,0.804,250
attack_a0.5_s0_e1b_persist_s0,gaussian_layer_matched|2|1,gaussian_layer_matched,2.0,1,0.312,19,False,0.5503355704697986,0.684,149,250,0.804,250
attack_a0.5_s0_e1b_persist_s0,gaussian_layer_matched|2|2,gaussian_layer_matched,2.0,2,0.312,19,False,0.5436241610738255,0.676,149,250,0.792,250
attack_a0.5_s0_e1b_persist_s0,gaussian_layer_matched|4|0,gaussian_layer_matched,4.0,0,0.624,19,False,0.738255033557047,0.66,149,250,0.62,250
attack_a0.5_s0_e1b_persist_s0,gaussian_layer_matched|4|1,gaussian_layer_matched,4.0,1,0.624,19,False,0.35570469798657717,0.436,149,250,0.684,250
attack_a0.5_s0_e1b_persist_s0,gaussian_layer_matched|4|2,gaussian_layer_matched,4.0,2,0.624,19,False,0.3959731543624161,0.48,149,250,0.656,250
attack_a0.5_s0_e1b_persist_s0,shuffled|0.5|0,shuffled,0.5,0,0.078,19,False,0.5033557046979866,0.64,149,250,0.8,250
attack_a0.5_s0_e1b_persist_s0,shuffled|0.5|1,shuffled,0.5,1,0.078,19,False,0.436241610738255,0.6,149,250,0.804,250
attack_a0.5_s0_e1b_persist_s0,shuffled|0.5|2,shuffled,0.5,2,0.078,19,False,0.5234899328859061,0.664,149,250,0.792,250
attack_a0.5_s0_e1b_persist_s0,shuffled|1|0,shuffled,1.0,0,0.156,19,False,0.40939597315436244,0.564,149,250,0.752,250
attack_a0.5_s0_e1b_persist_s0,shuffled|1|1,shuffled,1.0,1,0.156,19,False,0.37583892617449666,0.536,149,250,0.76,250
attack_a0.5_s0_e1b_persist_s0,shuffled|1|2,shuffled,1.0,2,0.156,19,False,0.4429530201342282,0.584,149,250,0.764,250
attack_a0.5_s0_e1b_persist_s0,shuffled|2|0,shuffled,2.0,0,0.312,19,False,0.15436241610738255,0.3,149,250,0.532,250
attack_a0.5_s0_e1b_persist_s0,shuffled|2|1,shuffled,2.0,1,0.312,19,False,0.19463087248322147,0.368,149,250,0.656,250
attack_a0.5_s0_e1b_persist_s0,shuffled|2|2,shuffled,2.0,2,0.312,19,False,0.2550335570469799,0.38,149,250,0.568,250
attack_a0.5_s0_e1b_persist_s0,shuffled|4|0,shuffled,4.0,0,0.624,19,False,0.0,0.0,149,250,0.012,250
attack_a0.5_s0_e1b_persist_s0,shuffled|4|1,shuffled,4.0,1,0.624,19,False,0.06040268456375839,0.096,149,250,0.272,250
attack_a0.5_s0_e1b_persist_s0,shuffled|4|2,shuffled,4.0,2,0.624,19,False,0.09395973154362416,0.096,149,250,0.2,250
attack_a0.5_s0_e1b_persist_s0,sign_flipped|0.5|0,sign_flipped,0.5,0,0.078,19,False,0.5503355704697986,0.684,149,250,0.828,250
attack_a0.5_s0_e1b_persist_s0,sign_flipped|0.5|1,sign_flipped,0.5,1,0.078,19,False,0.5167785234899329,0.652,149,250,0.82,250
attack_a0.5_s0_e1b_persist_s0,sign_flipped|0.5|2,sign_flipped,0.5,2,0.078,19,False,0.5100671140939598,0.656,149,250,0.832,250
attack_a0.5_s0_e1b_persist_s0,sign_flipped|1|0,sign_flipped,1.0,0,0.156,19,False,0.6040268456375839,0.716,149,250,0.812,250
attack_a0.5_s0_e1b_persist_s0,sign_flipped|1|1,sign_flipped,1.0,1,0.156,19,False,0.5436241610738255,0.656,149,250,0.82,250
attack_a0.5_s0_e1b_persist_s0,sign_flipped|1|2,sign_flipped,1.0,2,0.156,19,False,0.5033557046979866,0.64,149,250,0.828,250
attack_a0.5_s0_e1b_persist_s0,sign_flipped|2|0,sign_flipped,2.0,0,0.312,19,False,0.6308724832214765,0.744,149,250,0.8,250
attack_a0.5_s0_e1b_persist_s0,sign_flipped|2|1,sign_flipped,2.0,1,0.312,19,False,0.5234899328859061,0.656,149,250,0.792,250
attack_a0.5_s0_e1b_persist_s0,sign_flipped|2|2,sign_flipped,2.0,2,0.312,19,False,0.3825503355704698,0.54,149,250,0.812,250
attack_a0.5_s0_e1b_persist_s0,sign_flipped|4|0,sign_flipped,4.0,0,0.624,19,False,0.42953020134228187,0.4,149,250,0.54,250
attack_a0.5_s0_e1b_persist_s0,sign_flipped|4|1,sign_flipped,4.0,1,0.624,19,False,0.47651006711409394,0.596,149,250,0.636,250
attack_a0.5_s0_e1b_persist_s0,sign_flipped|4|2,sign_flipped,4.0,2,0.624,19,False,0.18791946308724833,0.212,149,250,0.62,250
attack_a0.5_s0_e1b_persist_s0,real|0.5|0,real,0.5,0,0.078,19,False,0.1342281879194631,0.232,149,250,0.728,250
attack_a0.5_s0_e1b_persist_s0,real|1|0,real,1.0,0,0.156,19,False,0.013422818791946308,0.012,149,250,0.572,250
attack_a0.5_s0_e1b_persist_s0,real|2|0,real,2.0,0,0.312,19,False,0.0,0.0,149,250,0.2,250
attack_a0.5_s0_e1b_persist_s0,real|4|0,real,4.0,0,0.624,19,False,0.0,0.0,149,250,0.1,250
attack_a0.5_s0_e1b_persist_s0,zero|0|0,zero,0.0,0,0.0,20,False,0.2845528455284553,0.288,246,250,0.796,250
attack_a0.5_s0_e1b_persist_s0,gaussian_global|0.5|0,gaussian_global,0.5,0,0.078,20,False,0.3048780487804878,0.308,246,250,0.8,250
attack_a0.5_s0_e1b_persist_s0,gaussian_global|0.5|1,gaussian_global,0.5,1,0.078,20,False,0.3130081300813008,0.316,246,250,0.792,250
attack_a0.5_s0_e1b_persist_s0,gaussian_global|0.5|2,gaussian_global,0.5,2,0.078,20,False,0.3170731707317073,0.32,246,250,0.784,250
attack_a0.5_s0_e1b_persist_s0,gaussian_global|1|0,gaussian_global,1.0,0,0.156,20,False,0.3170731707317073,0.32,246,250,0.784,250
attack_a0.5_s0_e1b_persist_s0,gaussian_global|1|1,gaussian_global,1.0,1,0.156,20,False,0.2926829268292683,0.292,246,250,0.788,250
attack_a0.5_s0_e1b_persist_s0,gaussian_global|1|2,gaussian_global,1.0,2,0.156,20,False,0.3130081300813008,0.316,246,250,0.78,250
attack_a0.5_s0_e1b_persist_s0,gaussian_global|2|0,gaussian_global,2.0,0,0.312,20,False,0.2926829268292683,0.296,246,250,0.752,250
attack_a0.5_s0_e1b_persist_s0,gaussian_global|2|1,gaussian_global,2.0,1,0.312,20,False,0.24390243902439024,0.244,246,250,0.78,250
attack_a0.5_s0_e1b_persist_s0,gaussian_global|2|2,gaussian_global,2.0,2,0.312,20,False,0.3170731707317073,0.32,246,250,0.772,250
attack_a0.5_s0_e1b_persist_s0,gaussian_global|4|0,gaussian_global,4.0,0,0.624,20,False,0.2845528455284553,0.28,246,250,0.688,250
attack_a0.5_s0_e1b_persist_s0,gaussian_global|4|1,gaussian_global,4.0,1,0.624,20,False,0.08130081300813008,0.084,246,250,0.708,250
attack_a0.5_s0_e1b_persist_s0,gaussian_global|4|2,gaussian_global,4.0,2,0.624,20,False,0.23170731707317074,0.232,246,250,0.7,250
attack_a0.5_s0_e1b_persist_s0,gaussian_layer_matched|0.5|0,gaussian_layer_matched,0.5,0,0.078,20,False,0.3089430894308943,0.308,246,250,0.788,250
attack_a0.5_s0_e1b_persist_s0,gaussian_layer_matched|0.5|1,gaussian_layer_matched,0.5,1,0.078,20,False,0.3130081300813008,0.32,246,250,0.8,250
attack_a0.5_s0_e1b_persist_s0,gaussian_layer_matched|0.5|2,gaussian_layer_matched,0.5,2,0.078,20,False,0.3252032520325203,0.328,246,250,0.776,250
attack_a0.5_s0_e1b_persist_s0,gaussian_layer_matched|1|0,gaussian_layer_matched,1.0,0,0.156,20,False,0.2926829268292683,0.292,246,250,0.788,250
attack_a0.5_s0_e1b_persist_s0,gaussian_layer_matched|1|1,gaussian_layer_matched,1.0,1,0.156,20,False,0.3008130081300813,0.308,246,250,0.816,250
attack_a0.5_s0_e1b_persist_s0,gaussian_layer_matched|1|2,gaussian_layer_matched,1.0,2,0.156,20,False,0.33739837398373984,0.336,246,250,0.768,250
attack_a0.5_s0_e1b_persist_s0,gaussian_layer_matched|2|0,gaussian_layer_matched,2.0,0,0.312,20,False,0.3089430894308943,0.304,246,250,0.72,250
attack_a0.5_s0_e1b_persist_s0,gaussian_layer_matched|2|1,gaussian_layer_matched,2.0,1,0.312,20,False,0.25203252032520324,0.252,246,250,0.78,250
attack_a0.5_s0_e1b_persist_s0,gaussian_layer_matched|2|2,gaussian_layer_matched,2.0,2,0.312,20,False,0.3130081300813008,0.312,246,250,0.692,250
attack_a0.5_s0_e1b_persist_s0,gaussian_layer_matched|4|0,gaussian_layer_matched,4.0,0,0.624,20,False,0.23983739837398374,0.236,246,250,0.46,250
attack_a0.5_s0_e1b_persist_s0,gaussian_layer_matched|4|1,gaussian_layer_matched,4.0,1,0.624,20,False,0.016260162601626018,0.016,246,250,0.624,250
attack_a0.5_s0_e1b_persist_s0,gaussian_layer_matched|4|2,gaussian_layer_matched,4.0,2,0.624,20,False,0.08943089430894309,0.088,246,250,0.544,250
attack_a0.5_s0_e1b_persist_s0,shuffled|0.5|0,shuffled,0.5,0,0.078,20,False,0.26422764227642276,0.268,246,250,0.8,250
attack_a0.5_s0_e1b_persist_s0,shuffled|0.5|1,shuffled,0.5,1,0.078,20,False,0.2601626016260163,0.256,246,250,0.804,250
attack_a0.5_s0_e1b_persist_s0,shuffled|0.5|2,shuffled,0.5,2,0.078,20,False,0.2804878048780488,0.28,246,250,0.804,250
attack_a0.5_s0_e1b_persist_s0,shuffled|1|0,shuffled,1.0,0,0.156,20,False,0.1951219512195122,0.192,246,250,0.736,250
attack_a0.5_s0_e1b_persist_s0,shuffled|1|1,shuffled,1.0,1,0.156,20,False,0.1910569105691057,0.192,246,250,0.756,250
attack_a0.5_s0_e1b_persist_s0,shuffled|1|2,shuffled,1.0,2,0.156,20,False,0.22357723577235772,0.22,246,250,0.716,250
attack_a0.5_s0_e1b_persist_s0,shuffled|2|0,shuffled,2.0,0,0.312,20,False,0.04878048780487805,0.048,246,250,0.476,250
attack_a0.5_s0_e1b_persist_s0,shuffled|2|1,shuffled,2.0,1,0.312,20,False,0.06910569105691057,0.068,246,250,0.576,250
attack_a0.5_s0_e1b_persist_s0,shuffled|2|2,shuffled,2.0,2,0.312,20,False,0.10569105691056911,0.104,246,250,0.444,250
attack_a0.5_s0_e1b_persist_s0,shuffled|4|0,shuffled,4.0,0,0.624,20,False,0.0,0.0,246,250,0.2,250
attack_a0.5_s0_e1b_persist_s0,shuffled|4|1,shuffled,4.0,1,0.624,20,False,0.016260162601626018,0.016,246,250,0.216,250
attack_a0.5_s0_e1b_persist_s0,shuffled|4|2,shuffled,4.0,2,0.624,20,False,0.02032520325203252,0.02,246,250,0.208,250
attack_a0.5_s0_e1b_persist_s0,sign_flipped|0.5|0,sign_flipped,0.5,0,0.078,20,False,0.32926829268292684,0.332,246,250,0.784,250
attack_a0.5_s0_e1b_persist_s0,sign_flipped|0.5|1,sign_flipped,0.5,1,0.078,20,False,0.2967479674796748,0.3,246,250,0.796,250
attack_a0.5_s0_e1b_persist_s0,sign_flipped|0.5|2,sign_flipped,0.5,2,0.078,20,False,0.25609756097560976,0.26,246,250,0.82,250
attack_a0.5_s0_e1b_persist_s0,sign_flipped|1|0,sign_flipped,1.0,0,0.156,20,False,0.3170731707317073,0.32,246,250,0.764,250
attack_a0.5_s0_e1b_persist_s0,sign_flipped|1|1,sign_flipped,1.0,1,0.156,20,False,0.27235772357723576,0.272,246,250,0.796,250
attack_a0.5_s0_e1b_persist_s0,sign_flipped|1|2,sign_flipped,1.0,2,0.156,20,False,0.23577235772357724,0.236,246,250,0.812,250
attack_a0.5_s0_e1b_persist_s0,sign_flipped|2|0,sign_flipped,2.0,0,0.312,20,False,0.26422764227642276,0.264,246,250,0.716,250
attack_a0.5_s0_e1b_persist_s0,sign_flipped|2|1,sign_flipped,2.0,1,0.312,20,False,0.2073170731707317,0.204,246,250,0.756,250
attack_a0.5_s0_e1b_persist_s0,sign_flipped|2|2,sign_flipped,2.0,2,0.312,20,False,0.13008130081300814,0.128,246,250,0.768,250
attack_a0.5_s0_e1b_persist_s0,sign_flipped|4|0,sign_flipped,4.0,0,0.624,20,False,0.0040650406504065045,0.004,246,250,0.452,250
attack_a0.5_s0_e1b_persist_s0,sign_flipped|4|1,sign_flipped,4.0,1,0.624,20,False,0.07723577235772358,0.076,246,250,0.588,250
attack_a0.5_s0_e1b_persist_s0,sign_flipped|4|2,sign_flipped,4.0,2,0.624,20,False,0.0,0.0,246,250,0.452,250
attack_a0.5_s0_e1b_persist_s0,real|0.5|0,real,0.5,0,0.078,20,False,0.036585365853658534,0.036,246,250,0.728,250
attack_a0.5_s0_e1b_persist_s0,real|1|0,real,1.0,0,0.156,20,False,0.0040650406504065045,0.004,246,250,0.628,250
attack_a0.5_s0_e1b_persist_s0,real|2|0,real,2.0,0,0.312,20,False,0.0,0.0,246,250,0.308,250
attack_a0.5_s0_e1b_persist_s0,real|4|0,real,4.0,0,0.624,20,False,0.0,0.0,246,250,0.148,250
attack_a0.5_s0_e1b_persist_s0,zero|0|0,zero,0.0,0,0.0,21,False,0.33783783783783783,0.516,148,250,0.876,250
attack_a0.5_s0_e1b_persist_s0,gaussian_global|0.5|0,gaussian_global,0.5,0,0.078,21,False,0.33783783783783783,0.524,148,250,0.868,250
attack_a0.5_s0_e1b_persist_s0,gaussian_global|0.5|1,gaussian_global,0.5,1,0.078,21,False,0.3310810810810811,0.516,148,250,0.868,250
attack_a0.5_s0_e1b_persist_s0,gaussian_global|0.5|2,gaussian_global,0.5,2,0.078,21,False,0.3310810810810811,0.516,148,250,0.872,250
attack_a0.5_s0_e1b_persist_s0,gaussian_global|1|0,gaussian_global,1.0,0,0.156,21,False,0.3783783783783784,0.552,148,250,0.868,250
attack_a0.5_s0_e1b_persist_s0,gaussian_global|1|1,gaussian_global,1.0,1,0.156,21,False,0.32432432432432434,0.512,148,250,0.868,250
attack_a0.5_s0_e1b_persist_s0,gaussian_global|1|2,gaussian_global,1.0,2,0.156,21,False,0.35135135135135137,0.536,148,250,0.868,250
attack_a0.5_s0_e1b_persist_s0,gaussian_global|2|0,gaussian_global,2.0,0,0.312,21,False,0.44594594594594594,0.604,148,250,0.848,250
attack_a0.5_s0_e1b_persist_s0,gaussian_global|2|1,gaussian_global,2.0,1,0.312,21,False,0.2702702702702703,0.456,148,250,0.852,250
attack_a0.5_s0_e1b_persist_s0,gaussian_global|2|2,gaussian_global,2.0,2,0.312,21,False,0.33783783783783783,0.512,148,250,0.868,250
attack_a0.5_s0_e1b_persist_s0,gaussian_global|4|0,gaussian_global,4.0,0,0.624,21,False,0.49324324324324326,0.628,148,250,0.76,250
attack_a0.5_s0_e1b_persist_s0,gaussian_global|4|1,gaussian_global,4.0,1,0.624,21,False,0.22297297297297297,0.388,148,250,0.804,250
attack_a0.5_s0_e1b_persist_s0,gaussian_global|4|2,gaussian_global,4.0,2,0.624,21,False,0.3918918918918919,0.544,148,250,0.796,250
attack_a0.5_s0_e1b_persist_s0,gaussian_layer_matched|0.5|0,gaussian_layer_matched,0.5,0,0.078,21,False,0.35135135135135137,0.528,148,250,0.868,250
attack_a0.5_s0_e1b_persist_s0,gaussian_layer_matched|0.5|1,gaussian_layer_matched,0.5,1,0.078,21,False,0.31756756756756754,0.52,148,250,0.86,250
attack_a0.5_s0_e1b_persist_s0,gaussian_layer_matched|0.5|2,gaussian_layer_matched,0.5,2,0.078,21,False,0.33783783783783783,0.524,148,250,0.872,250
attack_a0.5_s0_e1b_persist_s0,gaussian_layer_matched|1|0,gaussian_layer_matched,1.0,0,0.156,21,False,0.35135135135135137,0.536,148,250,0.868,250
attack_a0.5_s0_e1b_persist_s0,gaussian_layer_matched|1|1,gaussian_layer_matched,1.0,1,0.156,21,False,0.34459459459459457,0.52,148,250,0.88,250
attack_a0.5_s0_e1b_persist_s0,gaussian_layer_matched|1|2,gaussian_layer_matched,1.0,2,0.156,21,False,0.33783783783783783,0.52,148,250,0.856,250
attack_a0.5_s0_e1b_persist_s0,gaussian_layer_matched|2|0,gaussian_layer_matched,2.0,0,0.312,21,False,0.4391891891891892,0.592,148,250,0.844,250
attack_a0.5_s0_e1b_persist_s0,gaussian_layer_matched|2|1,gaussian_layer_matched,2.0,1,0.312,21,False,0.3716216216216216,0.52,148,250,0.884,250
attack_a0.5_s0_e1b_persist_s0,gaussian_layer_matched|2|2,gaussian_layer_matched,2.0,2,0.312,21,False,0.41216216216216217,0.556,148,250,0.84,250
attack_a0.5_s0_e1b_persist_s0,gaussian_layer_matched|4|0,gaussian_layer_matched,4.0,0,0.624,21,False,0.6081081081081081,0.552,148,250,0.552,250
attack_a0.5_s0_e1b_persist_s0,gaussian_layer_matched|4|1,gaussian_layer_matched,4.0,1,0.624,21,False,0.24324324324324326,0.336,148,250,0.74,250
attack_a0.5_s0_e1b_persist_s0,gaussian_layer_matched|4|2,gaussian_layer_matched,4.0,2,0.624,21,False,0.39864864864864863,0.464,148,250,0.672,250
attack_a0.5_s0_e1b_persist_s0,shuffled|0.5|0,shuffled,0.5,0,0.078,21,False,0.24324324324324326,0.448,148,250,0.84,250
attack_a0.5_s0_e1b_persist_s0,shuffled|0.5|1,shuffled,0.5,1,0.078,21,False,0.2635135135135135,0.472,148,250,0.856,250
attack_a0.5_s0_e1b_persist_s0,shuffled|0.5|2,shuffled,0.5,2,0.078,21,False,0.2702702702702703,0.456,148,250,0.856,250
attack_a0.5_s0_e1b_persist_s0,shuffled|1|0,shuffled,1.0,0,0.156,21,False,0.16216216216216217,0.356,148,250,0.784,250
attack_a0.5_s0_e1b_persist_s0,shuffled|1|1,shuffled,1.0,1,0.156,21,False,0.16216216216216217,0.364,148,250,0.8,250
attack_a0.5_s0_e1b_persist_s0,shuffled|1|2,shuffled,1.0,2,0.156,21,False,0.18243243243243243,0.364,148,250,0.788,250
attack_a0.5_s0_e1b_persist_s0,shuffled|2|0,shuffled,2.0,0,0.312,21,False,0.02702702702702703,0.108,148,250,0.52,250
attack_a0.5_s0_e1b_persist_s0,shuffled|2|1,shuffled,2.0,1,0.312,21,False,0.033783783783783786,0.188,148,250,0.652,250
attack_a0.5_s0_e1b_persist_s0,shuffled|2|2,shuffled,2.0,2,0.312,21,False,0.04054054054054054,0.164,148,250,0.608,250
attack_a0.5_s0_e1b_persist_s0,shuffled|4|0,shuffled,4.0,0,0.624,21,False,0.0,0.0,148,250,0.236,250
attack_a0.5_s0_e1b_persist_s0,shuffled|4|1,shuffled,4.0,1,0.624,21,False,0.0,0.004,148,250,0.296,250
attack_a0.5_s0_e1b_persist_s0,shuffled|4|2,shuffled,4.0,2,0.624,21,False,0.0,0.004,148,250,0.296,250
attack_a0.5_s0_e1b_persist_s0,sign_flipped|0.5|0,sign_flipped,0.5,0,0.078,21,False,0.33783783783783783,0.512,148,250,0.876,250
attack_a0.5_s0_e1b_persist_s0,sign_flipped|0.5|1,sign_flipped,0.5,1,0.078,21,False,0.31756756756756754,0.516,148,250,0.872,250
attack_a0.5_s0_e1b_persist_s0,sign_flipped|0.5|2,sign_flipped,0.5,2,0.078,21,False,0.3108108108108108,0.504,148,250,0.872,250
attack_a0.5_s0_e1b_persist_s0,sign_flipped|1|0,sign_flipped,1.0,0,0.156,21,False,0.40540540540540543,0.552,148,250,0.876,250
attack_a0.5_s0_e1b_persist_s0,sign_flipped|1|1,sign_flipped,1.0,1,0.156,21,False,0.3716216216216216,0.544,148,250,0.872,250
attack_a0.5_s0_e1b_persist_s0,sign_flipped|1|2,sign_flipped,1.0,2,0.156,21,False,0.2635135135135135,0.476,148,250,0.852,250
attack_a0.5_s0_e1b_persist_s0,sign_flipped|2|0,sign_flipped,2.0,0,0.312,21,False,0.49324324324324326,0.628,148,250,0.84,250
attack_a0.5_s0_e1b_persist_s0,sign_flipped|2|1,sign_flipped,2.0,1,0.312,21,False,0.34459459459459457,0.52,148,250,0.824,250
attack_a0.5_s0_e1b_persist_s0,sign_flipped|2|2,sign_flipped,2.0,2,0.312,21,False,0.22297297297297297,0.428,148,250,0.84,250
attack_a0.5_s0_e1b_persist_s0,sign_flipped|4|0,sign_flipped,4.0,0,0.624,21,False,0.3108108108108108,0.332,148,250,0.408,250
attack_a0.5_s0_e1b_persist_s0,sign_flipped|4|1,sign_flipped,4.0,1,0.624,21,False,0.4189189189189189,0.508,148,250,0.632,250
attack_a0.5_s0_e1b_persist_s0,sign_flipped|4|2,sign_flipped,4.0,2,0.624,21,False,0.10135135135135136,0.144,148,250,0.464,250
attack_a0.5_s0_e1b_persist_s0,real|0.5|0,real,0.5,0,0.078,21,False,0.05405405405405406,0.152,148,250,0.78,250
attack_a0.5_s0_e1b_persist_s0,real|1|0,real,1.0,0,0.156,21,False,0.0,0.004,148,250,0.584,250
attack_a0.5_s0_e1b_persist_s0,real|2|0,real,2.0,0,0.312,21,False,0.0,0.0,148,250,0.28,250
attack_a0.5_s0_e1b_persist_s0,real|4|0,real,4.0,0,0.624,21,False,0.0,0.0,148,250,0.028,250
attack_a0.5_s0_e1b_persist_s0,zero|0|0,zero,0.0,0,0.0,22,False,0.3855421686746988,0.388,249,250,0.812,250
attack_a0.5_s0_e1b_persist_s0,gaussian_global|0.5|0,gaussian_global,0.5,0,0.078,22,False,0.3895582329317269,0.392,249,250,0.812,250
attack_a0.5_s0_e1b_persist_s0,gaussian_global|0.5|1,gaussian_global,0.5,1,0.078,22,False,0.3815261044176707,0.384,249,250,0.812,250
attack_a0.5_s0_e1b_persist_s0,gaussian_global|0.5|2,gaussian_global,0.5,2,0.078,22,False,0.3654618473895582,0.368,249,250,0.82,250
attack_a0.5_s0_e1b_persist_s0,gaussian_global|1|0,gaussian_global,1.0,0,0.156,22,False,0.3815261044176707,0.38,249,250,0.792,250
attack_a0.5_s0_e1b_persist_s0,gaussian_global|1|1,gaussian_global,1.0,1,0.156,22,False,0.39759036144578314,0.4,249,250,0.792,250
attack_a0.5_s0_e1b_persist_s0,gaussian_global|1|2,gaussian_global,1.0,2,0.156,22,False,0.3614457831325301,0.364,249,250,0.828,250
attack_a0.5_s0_e1b_persist_s0,gaussian_global|2|0,gaussian_global,2.0,0,0.312,22,False,0.3654618473895582,0.368,249,250,0.756,250
attack_a0.5_s0_e1b_persist_s0,gaussian_global|2|1,gaussian_global,2.0,1,0.312,22,False,0.40160642570281124,0.4,249,250,0.772,250
attack_a0.5_s0_e1b_persist_s0,gaussian_global|2|2,gaussian_global,2.0,2,0.312,22,False,0.3453815261044177,0.348,249,250,0.804,250
attack_a0.5_s0_e1b_persist_s0,gaussian_global|4|0,gaussian_global,4.0,0,0.624,22,False,0.23694779116465864,0.24,249,250,0.684,250
attack_a0.5_s0_e1b_persist_s0,gaussian_global|4|1,gaussian_global,4.0,1,0.624,22,False,0.18875502008032127,0.188,249,250,0.728,250
attack_a0.5_s0_e1b_persist_s0,gaussian_global|4|2,gaussian_global,4.0,2,0.624,22,False,0.20481927710843373,0.204,249,250,0.744,250
attack_a0.5_s0_e1b_persist_s0,gaussian_layer_matched|0.5|0,gaussian_layer_matched,0.5,0,0.078,22,False,0.3654618473895582,0.368,249,250,0.808,250
attack_a0.5_s0_e1b_persist_s0,gaussian_layer_matched|0.5|1,gaussian_layer_matched,0.5,1,0.078,22,False,0.40562248995983935,0.408,249,250,0.8,250
attack_a0.5_s0_e1b_persist_s0,gaussian_layer_matched|0.5|2,gaussian_layer_matched,0.5,2,0.078,22,False,0.36947791164658633,0.372,249,250,0.824,250
attack_a0.5_s0_e1b_persist_s0,gaussian_layer_matched|1|0,gaussian_layer_matched,1.0,0,0.156,22,False,0.357429718875502,0.36,249,250,0.772,250
attack_a0.5_s0_e1b_persist_s0,gaussian_layer_matched|1|1,gaussian_layer_matched,1.0,1,0.156,22,False,0.43373493975903615,0.436,249,250,0.776,250
attack_a0.5_s0_e1b_persist_s0,gaussian_layer_matched|1|2,gaussian_layer_matched,1.0,2,0.156,22,False,0.3815261044176707,0.384,249,250,0.812,250
attack_a0.5_s0_e1b_persist_s0,gaussian_layer_matched|2|0,gaussian_layer_matched,2.0,0,0.312,22,False,0.3172690763052209,0.32,249,250,0.7,250
attack_a0.5_s0_e1b_persist_s0,gaussian_layer_matched|2|1,gaussian_layer_matched,2.0,1,0.312,22,False,0.41365461847389556,0.412,249,250,0.736,250
attack_a0.5_s0_e1b_persist_s0,gaussian_layer_matched|2|2,gaussian_layer_matched,2.0,2,0.312,22,False,0.357429718875502,0.356,249,250,0.756,250
attack_a0.5_s0_e1b_persist_s0,gaussian_layer_matched|4|0,gaussian_layer_matched,4.0,0,0.624,22,False,0.11646586345381527,0.116,249,250,0.464,250
attack_a0.5_s0_e1b_persist_s0,gaussian_layer_matched|4|1,gaussian_layer_matched,4.0,1,0.624,22,False,0.05622489959839357,0.056,249,250,0.544,250
attack_a0.5_s0_e1b_persist_s0,gaussian_layer_matched|4|2,gaussian_layer_matched,4.0,2,0.624,22,False,0.11646586345381527,0.116,249,250,0.52,250
attack_a0.5_s0_e1b_persist_s0,shuffled|0.5|0,shuffled,0.5,0,0.078,22,False,0.3895582329317269,0.392,249,250,0.772,250
attack_a0.5_s0_e1b_persist_s0,shuffled|0.5|1,shuffled,0.5,1,0.078,22,False,0.39357429718875503,0.396,249,250,0.78,250
attack_a0.5_s0_e1b_persist_s0,shuffled|0.5|2,shuffled,0.5,2,0.078,22,False,0.40160642570281124,0.404,249,250,0.788,250
attack_a0.5_s0_e1b_persist_s0,shuffled|1|0,shuffled,1.0,0,0.156,22,False,0.3815261044176707,0.384,249,250,0.736,250
attack_a0.5_s0_e1b_persist_s0,shuffled|1|1,shuffled,1.0,1,0.156,22,False,0.36947791164658633,0.372,249,250,0.756,250
attack_a0.5_s0_e1b_persist_s0,shuffled|1|2,shuffled,1.0,2,0.156,22,False,0.3815261044176707,0.384,249,250,0.728,250
attack_a0.5_s0_e1b_persist_s0,shuffled|2|0,shuffled,2.0,0,0.312,22,False,0.17269076305220885,0.172,249,250,0.48,250
attack_a0.5_s0_e1b_persist_s0,shuffled|2|1,shuffled,2.0,1,0.312,22,False,0.24096385542168675,0.24,249,250,0.576,250
attack_a0.5_s0_e1b_persist_s0,shuffled|2|2,shuffled,2.0,2,0.312,22,False,0.25301204819277107,0.252,249,250,0.472,250
attack_a0.5_s0_e1b_persist_s0,shuffled|4|0,shuffled,4.0,0,0.624,22,False,0.0,0.0,249,250,0.072,250
attack_a0.5_s0_e1b_persist_s0,shuffled|4|1,shuffled,4.0,1,0.624,22,False,0.10040160642570281,0.1,249,250,0.14,250
attack_a0.5_s0_e1b_persist_s0,shuffled|4|2,shuffled,4.0,2,0.624,22,False,0.0642570281124498,0.064,249,250,0.076,250
attack_a0.5_s0_e1b_persist_s0,sign_flipped|0.5|0,sign_flipped,0.5,0,0.078,22,False,0.40160642570281124,0.404,249,250,0.796,250
attack_a0.5_s0_e1b_persist_s0,sign_flipped|0.5|1,sign_flipped,0.5,1,0.078,22,False,0.37349397590361444,0.376,249,250,0.808,250
attack_a0.5_s0_e1b_persist_s0,sign_flipped|0.5|2,sign_flipped,0.5,2,0.078,22,False,0.3534136546184739,0.352,249,250,0.824,250
attack_a0.5_s0_e1b_persist_s0,sign_flipped|1|0,sign_flipped,1.0,0,0.156,22,False,0.40562248995983935,0.408,249,250,0.792,250
attack_a0.5_s0_e1b_persist_s0,sign_flipped|1|1,sign_flipped,1.0,1,0.156,22,False,0.3614457831325301,0.36,249,250,0.784,250
attack_a0.5_s0_e1b_persist_s0,sign_flipped|1|2,sign_flipped,1.0,2,0.156,22,False,0.321285140562249,0.32,249,250,0.788,250
attack_a0.5_s0_e1b_persist_s0,sign_flipped|2|0,sign_flipped,2.0,0,0.312,22,False,0.37349397590361444,0.372,249,250,0.744,250
attack_a0.5_s0_e1b_persist_s0,sign_flipped|2|1,sign_flipped,2.0,1,0.312,22,False,0.28112449799196787,0.28,249,250,0.756,250
attack_a0.5_s0_e1b_persist_s0,sign_flipped|2|2,sign_flipped,2.0,2,0.312,22,False,0.18473895582329317,0.184,249,250,0.768,250
attack_a0.5_s0_e1b_persist_s0,sign_flipped|4|0,sign_flipped,4.0,0,0.624,22,False,0.01606425702811245,0.016,249,250,0.504,250
attack_a0.5_s0_e1b_persist_s0,sign_flipped|4|1,sign_flipped,4.0,1,0.624,22,False,0.04417670682730924,0.044,249,250,0.556,250
attack_a0.5_s0_e1b_persist_s0,sign_flipped|4|2,sign_flipped,4.0,2,0.624,22,False,0.0,0.0,249,250,0.532,250
attack_a0.5_s0_e1b_persist_s0,real|0.5|0,real,0.5,0,0.078,22,False,0.04417670682730924,0.044,249,250,0.752,250
attack_a0.5_s0_e1b_persist_s0,real|1|0,real,1.0,0,0.156,22,False,0.004016064257028112,0.004,249,250,0.656,250
attack_a0.5_s0_e1b_persist_s0,real|2|0,real,2.0,0,0.312,22,False,0.0,0.0,249,250,0.396,250
attack_a0.5_s0_e1b_persist_s0,real|4|0,real,4.0,0,0.624,22,False,0.0,0.0,249,250,0.192,250
attack_a0.5_s0_e1b_persist_s0,zero|0|0,zero,0.0,0,0.0,23,False,0.2,0.2,250,250,0.848,250
attack_a0.5_s0_e1b_persist_s0,gaussian_global|0.5|0,gaussian_global,0.5,0,0.078,23,False,0.2,0.2,250,250,0.836,250
attack_a0.5_s0_e1b_persist_s0,gaussian_global|0.5|1,gaussian_global,0.5,1,0.078,23,False,0.18,0.18,250,250,0.844,250
attack_a0.5_s0_e1b_persist_s0,gaussian_global|0.5|2,gaussian_global,0.5,2,0.078,23,False,0.2,0.2,250,250,0.848,250
attack_a0.5_s0_e1b_persist_s0,gaussian_global|1|0,gaussian_global,1.0,0,0.156,23,False,0.22,0.22,250,250,0.844,250
attack_a0.5_s0_e1b_persist_s0,gaussian_global|1|1,gaussian_global,1.0,1,0.156,23,False,0.196,0.196,250,250,0.84,250
attack_a0.5_s0_e1b_persist_s0,gaussian_global|1|2,gaussian_global,1.0,2,0.156,23,False,0.228,0.228,250,250,0.848,250
attack_a0.5_s0_e1b_persist_s0,gaussian_global|2|0,gaussian_global,2.0,0,0.312,23,False,0.24,0.24,250,250,0.82,250
attack_a0.5_s0_e1b_persist_s0,gaussian_global|2|1,gaussian_global,2.0,1,0.312,23,False,0.192,0.192,250,250,0.84,250
attack_a0.5_s0_e1b_persist_s0,gaussian_global|2|2,gaussian_global,2.0,2,0.312,23,False,0.24,0.24,250,250,0.84,250
attack_a0.5_s0_e1b_persist_s0,gaussian_global|4|0,gaussian_global,4.0,0,0.624,23,False,0.152,0.152,250,250,0.732,250
attack_a0.5_s0_e1b_persist_s0,gaussian_global|4|1,gaussian_global,4.0,1,0.624,23,False,0.06,0.06,250,250,0.796,250
attack_a0.5_s0_e1b_persist_s0,gaussian_global|4|2,gaussian_global,4.0,2,0.624,23,False,0.132,0.132,250,250,0.792,250
attack_a0.5_s0_e1b_persist_s0,gaussian_layer_matched|0.5|0,gaussian_layer_matched,0.5,0,0.078,23,False,0.228,0.228,250,250,0.828,250
attack_a0.5_s0_e1b_persist_s0,gaussian_layer_matched|0.5|1,gaussian_layer_matched,0.5,1,0.078,23,False,0.224,0.224,250,250,0.836,250
attack_a0.5_s0_e1b_persist_s0,gaussian_layer_matched|0.5|2,gaussian_layer_matched,0.5,2,0.078,23,False,0.196,0.196,250,250,0.844,250
attack_a0.5_s0_e1b_persist_s0,gaussian_layer_matched|1|0,gaussian_layer_matched,1.0,0,0.156,23,False,0.2,0.2,250,250,0.808,250
attack_a0.5_s0_e1b_persist_s0,gaussian_layer_matched|1|1,gaussian_layer_matched,1.0,1,0.156,23,False,0.212,0.212,250,250,0.84,250
attack_a0.5_s0_e1b_persist_s0,gaussian_layer_matched|1|2,gaussian_layer_matched,1.0,2,0.156,23,False,0.204,0.204,250,250,0.848,250
attack_a0.5_s0_e1b_persist_s0,gaussian_layer_matched|2|0,gaussian_layer_matched,2.0,0,0.312,23,False,0.208,0.208,250,250,0.768,250
attack_a0.5_s0_e1b_persist_s0,gaussian_layer_matched|2|1,gaussian_layer_matched,2.0,1,0.312,23,False,0.192,0.192,250,250,0.848,250
attack_a0.5_s0_e1b_persist_s0,gaussian_layer_matched|2|2,gaussian_layer_matched,2.0,2,0.312,23,False,0.2,0.2,250,250,0.808,250
attack_a0.5_s0_e1b_persist_s0,gaussian_layer_matched|4|0,gaussian_layer_matched,4.0,0,0.624,23,False,0.076,0.076,250,250,0.424,250
attack_a0.5_s0_e1b_persist_s0,gaussian_layer_matched|4|1,gaussian_layer_matched,4.0,1,0.624,23,False,0.0,0.0,250,250,0.592,250
attack_a0.5_s0_e1b_persist_s0,gaussian_layer_matched|4|2,gaussian_layer_matched,4.0,2,0.624,23,False,0.028,0.028,250,250,0.632,250
attack_a0.5_s0_e1b_persist_s0,shuffled|0.5|0,shuffled,0.5,0,0.078,23,False,0.196,0.196,250,250,0.836,250
attack_a0.5_s0_e1b_persist_s0,shuffled|0.5|1,shuffled,0.5,1,0.078,23,False,0.172,0.172,250,250,0.848,250
attack_a0.5_s0_e1b_persist_s0,shuffled|0.5|2,shuffled,0.5,2,0.078,23,False,0.192,0.192,250,250,0.856,250
attack_a0.5_s0_e1b_persist_s0,shuffled|1|0,shuffled,1.0,0,0.156,23,False,0.148,0.148,250,250,0.808,250
attack_a0.5_s0_e1b_persist_s0,shuffled|1|1,shuffled,1.0,1,0.156,23,False,0.132,0.132,250,250,0.82,250
attack_a0.5_s0_e1b_persist_s0,shuffled|1|2,shuffled,1.0,2,0.156,23,False,0.136,0.136,250,250,0.816,250
attack_a0.5_s0_e1b_persist_s0,shuffled|2|0,shuffled,2.0,0,0.312,23,False,0.04,0.04,250,250,0.576,250
attack_a0.5_s0_e1b_persist_s0,shuffled|2|1,shuffled,2.0,1,0.312,23,False,0.028,0.028,250,250,0.656,250
attack_a0.5_s0_e1b_persist_s0,shuffled|2|2,shuffled,2.0,2,0.312,23,False,0.064,0.064,250,250,0.636,250
attack_a0.5_s0_e1b_persist_s0,shuffled|4|0,shuffled,4.0,0,0.624,23,False,0.0,0.0,250,250,0.404,250
attack_a0.5_s0_e1b_persist_s0,shuffled|4|1,shuffled,4.0,1,0.624,23,False,0.0,0.0,250,250,0.42,250
attack_a0.5_s0_e1b_persist_s0,shuffled|4|2,shuffled,4.0,2,0.624,23,False,0.0,0.0,250,250,0.396,250
attack_a0.5_s0_e1b_persist_s0,sign_flipped|0.5|0,sign_flipped,0.5,0,0.078,23,False,0.212,0.212,250,250,0.848,250
attack_a0.5_s0_e1b_persist_s0,sign_flipped|0.5|1,sign_flipped,0.5,1,0.078,23,False,0.188,0.188,250,250,0.836,250
attack_a0.5_s0_e1b_persist_s0,sign_flipped|0.5|2,sign_flipped,0.5,2,0.078,23,False,0.168,0.168,250,250,0.836,250
attack_a0.5_s0_e1b_persist_s0,sign_flipped|1|0,sign_flipped,1.0,0,0.156,23,False,0.188,0.188,250,250,0.836,250
attack_a0.5_s0_e1b_persist_s0,sign_flipped|1|1,sign_flipped,1.0,1,0.156,23,False,0.2,0.2,250,250,0.852,250
attack_a0.5_s0_e1b_persist_s0,sign_flipped|1|2,sign_flipped,1.0,2,0.156,23,False,0.156,0.156,250,250,0.816,250
attack_a0.5_s0_e1b_persist_s0,sign_flipped|2|0,sign_flipped,2.0,0,0.312,23,False,0.204,0.204,250,250,0.76,250
attack_a0.5_s0_e1b_persist_s0,sign_flipped|2|1,sign_flipped,2.0,1,0.312,23,False,0.144,0.144,250,250,0.828,250
attack_a0.5_s0_e1b_persist_s0,sign_flipped|2|2,sign_flipped,2.0,2,0.312,23,False,0.068,0.068,250,250,0.796,250
attack_a0.5_s0_e1b_persist_s0,sign_flipped|4|0,sign_flipped,4.0,0,0.624,23,False,0.0,0.0,250,250,0.264,250
attack_a0.5_s0_e1b_persist_s0,sign_flipped|4|1,sign_flipped,4.0,1,0.624,23,False,0.024,0.024,250,250,0.492,250
attack_a0.5_s0_e1b_persist_s0,sign_flipped|4|2,sign_flipped,4.0,2,0.624,23,False,0.0,0.0,250,250,0.34,250
attack_a0.5_s0_e1b_persist_s0,real|0.5|0,real,0.5,0,0.078,23,False,0.012,0.012,250,250,0.804,250
attack_a0.5_s0_e1b_persist_s0,real|1|0,real,1.0,0,0.156,23,False,0.0,0.0,250,250,0.684,250
attack_a0.5_s0_e1b_persist_s0,real|2|0,real,2.0,0,0.312,23,False,0.0,0.0,250,250,0.328,250
attack_a0.5_s0_e1b_persist_s0,real|4|0,real,4.0,0,0.624,23,False,0.0,0.0,250,250,0.096,250
attack_a0.5_s0_e1b_persist_s0,zero|0|0,zero,0.0,0,0.0,24,False,0.4049586776859504,0.416,242,250,0.756,250
attack_a0.5_s0_e1b_persist_s0,gaussian_global|0.5|0,gaussian_global,0.5,0,0.078,24,False,0.44214876033057854,0.452,242,250,0.756,250
attack_a0.5_s0_e1b_persist_s0,gaussian_global|0.5|1,gaussian_global,0.5,1,0.078,24,False,0.41735537190082644,0.428,242,250,0.752,250
attack_a0.5_s0_e1b_persist_s0,gaussian_global|0.5|2,gaussian_global,0.5,2,0.078,24,False,0.4297520661157025,0.44,242,250,0.756,250
attack_a0.5_s0_e1b_persist_s0,gaussian_global|1|0,gaussian_global,1.0,0,0.156,24,False,0.4834710743801653,0.492,242,250,0.748,250
attack_a0.5_s0_e1b_persist_s0,gaussian_global|1|1,gaussian_global,1.0,1,0.156,24,False,0.4256198347107438,0.436,242,250,0.74,250
attack_a0.5_s0_e1b_persist_s0,gaussian_global|1|2,gaussian_global,1.0,2,0.156,24,False,0.4256198347107438,0.436,242,250,0.748,250
attack_a0.5_s0_e1b_persist_s0,gaussian_global|2|0,gaussian_global,2.0,0,0.312,24,False,0.49173553719008267,0.504,242,250,0.708,250
attack_a0.5_s0_e1b_persist_s0,gaussian_global|2|1,gaussian_global,2.0,1,0.312,24,False,0.36363636363636365,0.376,242,250,0.728,250
attack_a0.5_s0_e1b_persist_s0,gaussian_global|2|2,gaussian_global,2.0,2,0.312,24,False,0.3884297520661157,0.404,242,250,0.744,250
attack_a0.5_s0_e1b_persist_s0,gaussian_global|4|0,gaussian_global,4.0,0,0.624,24,False,0.45454545454545453,0.464,242,250,0.592,250
attack_a0.5_s0_e1b_persist_s0,gaussian_global|4|1,gaussian_global,4.0,1,0.624,24,False,0.2066115702479339,0.22,242,250,0.7,250
attack_a0.5_s0_e1b_persist_s0,gaussian_global|4|2,gaussian_global,4.0,2,0.624,24,False,0.3347107438016529,0.348,242,250,0.64,250
attack_a0.5_s0_e1b_persist_s0,gaussian_layer_matched|0.5|0,gaussian_layer_matched,0.5,0,0.078,24,False,0.4628099173553719,0.472,242,250,0.748,250
attack_a0.5_s0_e1b_persist_s0,gaussian_layer_matched|0.5|1,gaussian_layer_matched,0.5,1,0.078,24,False,0.4132231404958678,0.424,242,250,0.744,250
attack_a0.5_s0_e1b_persist_s0,gaussian_layer_matched|0.5|2,gaussian_layer_matched,0.5,2,0.078,24,False,0.45041322314049587,0.464,242,250,0.748,250
attack_a0.5_s0_e1b_persist_s0,gaussian_layer_matched|1|0,gaussian_layer_matched,1.0,0,0.156,24,False,0.4669421487603306,0.476,242,250,0.728,250
attack_a0.5_s0_e1b_persist_s0,gaussian_layer_matched|1|1,gaussian_layer_matched,1.0,1,0.156,24,False,0.4214876033057851,0.432,242,250,0.728,250
attack_a0.5_s0_e1b_persist_s0,gaussian_layer_matched|1|2,gaussian_layer_matched,1.0,2,0.156,24,False,0.45041322314049587,0.464,242,250,0.748,250
attack_a0.5_s0_e1b_persist_s0,gaussian_layer_matched|2|0,gaussian_layer_matched,2.0,0,0.312,24,False,0.49173553719008267,0.5,242,250,0.664,250
attack_a0.5_s0_e1b_persist_s0,gaussian_layer_matched|2|1,gaussian_layer_matched,2.0,1,0.312,24,False,0.40082644628099173,0.416,242,250,0.712,250
attack_a0.5_s0_e1b_persist_s0,gaussian_layer_matched|2|2,gaussian_layer_matched,2.0,2,0.312,24,False,0.39669421487603307,0.412,242,250,0.708,250
attack_a0.5_s0_e1b_persist_s0,gaussian_layer_matched|4|0,gaussian_layer_matched,4.0,0,0.624,24,False,0.4297520661157025,0.424,242,250,0.384,250
attack_a0.5_s0_e1b_persist_s0,gaussian_layer_matched|4|1,gaussian_layer_matched,4.0,1,0.624,24,False,0.17768595041322313,0.184,242,250,0.552,250
attack_a0.5_s0_e1b_persist_s0,gaussian_layer_matched|4|2,gaussian_layer_matched,4.0,2,0.624,24,False,0.2892561983471074,0.292,242,250,0.456,250
attack_a0.5_s0_e1b_persist_s0,shuffled|0.5|0,shuffled,0.5,0,0.078,24,False,0.33884297520661155,0.352,242,250,0.76,250
attack_a0.5_s0_e1b_persist_s0,shuffled|0.5|1,shuffled,0.5,1,0.078,24,False,0.34297520661157027,0.356,242,250,0.76,250
attack_a0.5_s0_e1b_persist_s0,shuffled|0.5|2,shuffled,0.5,2,0.078,24,False,0.3677685950413223,0.38,242,250,0.764,250
attack_a0.5_s0_e1b_persist_s0,shuffled|1|0,shuffled,1.0,0,0.156,24,False,0.26859504132231404,0.288,242,250,0.72,250
attack_a0.5_s0_e1b_persist_s0,shuffled|1|1,shuffled,1.0,1,0.156,24,False,0.24793388429752067,0.264,242,250,0.74,250
attack_a0.5_s0_e1b_persist_s0,shuffled|1|2,shuffled,1.0,2,0.156,24,False,0.3140495867768595,0.328,242,250,0.72,250
attack_a0.5_s0_e1b_persist_s0,shuffled|2|0,shuffled,2.0,0,0.312,24,False,0.07024793388429752,0.076,242,250,0.444,250
attack_a0.5_s0_e1b_persist_s0,shuffled|2|1,shuffled,2.0,1,0.312,24,False,0.09504132231404959,0.104,242,250,0.616,250
attack_a0.5_s0_e1b_persist_s0,shuffled|2|2,shuffled,2.0,2,0.312,24,False,0.11570247933884298,0.128,242,250,0.54,250
attack_a0.5_s0_e1b_persist_s0,shuffled|4|0,shuffled,4.0,0,0.624,24,False,0.0,0.0,242,250,0.168,250
attack_a0.5_s0_e1b_persist_s0,shuffled|4|1,shuffled,4.0,1,0.624,24,False,0.004132231404958678,0.004,242,250,0.184,250
attack_a0.5_s0_e1b_persist_s0,shuffled|4|2,shuffled,4.0,2,0.624,24,False,0.01652892561983471,0.016,242,250,0.184,250
attack_a0.5_s0_e1b_persist_s0,sign_flipped|0.5|0,sign_flipped,0.5,0,0.078,24,False,0.4256198347107438,0.436,242,250,0.752,250
attack_a0.5_s0_e1b_persist_s0,sign_flipped|0.5|1,sign_flipped,0.5,1,0.078,24,False,0.40082644628099173,0.412,242,250,0.736,250
attack_a0.5_s0_e1b_persist_s0,sign_flipped|0.5|2,sign_flipped,0.5,2,0.078,24,False,0.4049586776859504,0.416,242,250,0.736,250
attack_a0.5_s0_e1b_persist_s0,sign_flipped|1|0,sign_flipped,1.0,0,0.156,24,False,0.4132231404958678,0.428,242,250,0.744,250
attack_a0.5_s0_e1b_persist_s0,sign_flipped|1|1,sign_flipped,1.0,1,0.156,24,False,0.35537190082644626,0.368,242,250,0.724,250
attack_a0.5_s0_e1b_persist_s0,sign_flipped|1|2,sign_flipped,1.0,2,0.156,24,False,0.371900826446281,0.384,242,250,0.72,250
attack_a0.5_s0_e1b_persist_s0,sign_flipped|2|0,sign_flipped,2.0,0,0.312,24,False,0.5041322314049587,0.516,242,250,0.684,250
attack_a0.5_s0_e1b_persist_s0,sign_flipped|2|1,sign_flipped,2.0,1,0.312,24,False,0.32231404958677684,0.336,242,250,0.68,250
attack_a0.5_s0_e1b_persist_s0,sign_flipped|2|2,sign_flipped,2.0,2,0.312,24,False,0.32231404958677684,0.332,242,250,0.688,250
attack_a0.5_s0_e1b_persist_s0,sign_flipped|4|0,sign_flipped,4.0,0,0.624,24,False,0.5,0.492,242,250,0.304,250
attack_a0.5_s0_e1b_persist_s0,sign_flipped|4|1,sign_flipped,4.0,1,0.624,24,False,0.24380165289256198,0.248,242,250,0.428,250
attack_a0.5_s0_e1b_persist_s0,sign_flipped|4|2,sign_flipped,4.0,2,0.624,24,False,0.1322314049586777,0.128,242,250,0.428,250
attack_a0.5_s0_e1b_persist_s0,real|0.5|0,real,0.5,0,0.078,24,False,0.05371900826446281,0.056,242,250,0.684,250
attack_a0.5_s0_e1b_persist_s0,real|1|0,real,1.0,0,0.156,24,False,0.008264462809917356,0.008,242,250,0.584,250
attack_a0.5_s0_e1b_persist_s0,real|2|0,real,2.0,0,0.312,24,False,0.0,0.0,242,250,0.312,250
attack_a0.5_s0_e1b_persist_s0,real|4|0,real,4.0,0,0.624,24,False,0.0,0.0,242,250,0.108,250
attack_a0.5_s0_e1b_persist_s0,zero|0|0,zero,0.0,0,0.0,25,False,0.3054393305439331,0.328,239,250,0.752,250
attack_a0.5_s0_e1b_persist_s0,gaussian_global|0.5|0,gaussian_global,0.5,0,0.078,25,False,0.3263598326359833,0.348,239,250,0.752,250
attack_a0.5_s0_e1b_persist_s0,gaussian_global|0.5|1,gaussian_global,0.5,1,0.078,25,False,0.27615062761506276,0.3,239,250,0.752,250
attack_a0.5_s0_e1b_persist_s0,gaussian_global|0.5|2,gaussian_global,0.5,2,0.078,25,False,0.301255230125523,0.324,239,250,0.752,250
attack_a0.5_s0_e1b_persist_s0,gaussian_global|1|0,gaussian_global,1.0,0,0.156,25,False,0.32217573221757323,0.344,239,250,0.76,250
attack_a0.5_s0_e1b_persist_s0,gaussian_global|1|1,gaussian_global,1.0,1,0.156,25,False,0.2803347280334728,0.304,239,250,0.752,250
attack_a0.5_s0_e1b_persist_s0,gaussian_global|1|2,gaussian_global,1.0,2,0.156,25,False,0.28451882845188287,0.312,239,250,0.752,250
attack_a0.5_s0_e1b_persist_s0,gaussian_global|2|0,gaussian_global,2.0,0,0.312,25,False,0.36401673640167365,0.384,239,250,0.736,250
attack_a0.5_s0_e1b_persist_s0,gaussian_global|2|1,gaussian_global,2.0,1,0.312,25,False,0.24686192468619247,0.272,239,250,0.756,250
attack_a0.5_s0_e1b_persist_s0,gaussian_global|2|2,gaussian_global,2.0,2,0.312,25,False,0.28451882845188287,0.304,239,250,0.772,250
attack_a0.5_s0_e1b_persist_s0,gaussian_global|4|0,gaussian_global,4.0,0,0.624,25,False,0.34309623430962344,0.352,239,250,0.596,250
attack_a0.5_s0_e1b_persist_s0,gaussian_global|4|1,gaussian_global,4.0,1,0.624,25,False,0.100418410041841,0.116,239,250,0.704,250
attack_a0.5_s0_e1b_persist_s0,gaussian_global|4|2,gaussian_global,4.0,2,0.624,25,False,0.2217573221757322,0.24,239,250,0.692,250
attack_a0.5_s0_e1b_persist_s0,gaussian_layer_matched|0.5|0,gaussian_layer_matched,0.5,0,0.078,25,False,0.301255230125523,0.324,239,250,0.736,250
attack_a0.5_s0_e1b_persist_s0,gaussian_layer_matched|0.5|1,gaussian_layer_matched,0.5,1,0.078,25,False,0.301255230125523,0.324,239,250,0.752,250
attack_a0.5_s0_e1b_persist_s0,gaussian_layer_matched|0.5|2,gaussian_layer_matched,0.5,2,0.078,25,False,0.2803347280334728,0.304,239,250,0.756,250
attack_a0.5_s0_e1b_persist_s0,gaussian_layer_matched|1|0,gaussian_layer_matched,1.0,0,0.156,25,False,0.36401673640167365,0.384,239,250,0.736,250
attack_a0.5_s0_e1b_persist_s0,gaussian_layer_matched|1|1,gaussian_layer_matched,1.0,1,0.156,25,False,0.301255230125523,0.32,239,250,0.74,250
attack_a0.5_s0_e1b_persist_s0,gaussian_layer_matched|1|2,gaussian_layer_matched,1.0,2,0.156,25,False,0.28870292887029286,0.312,239,250,0.768,250
attack_a0.5_s0_e1b_persist_s0,gaussian_layer_matched|2|0,gaussian_layer_matched,2.0,0,0.312,25,False,0.41841004184100417,0.436,239,250,0.684,250
attack_a0.5_s0_e1b_persist_s0,gaussian_layer_matched|2|1,gaussian_layer_matched,2.0,1,0.312,25,False,0.28870292887029286,0.308,239,250,0.724,250
attack_a0.5_s0_e1b_persist_s0,gaussian_layer_matched|2|2,gaussian_layer_matched,2.0,2,0.312,25,False,0.2510460251046025,0.272,239,250,0.74,250
attack_a0.5_s0_e1b_persist_s0,gaussian_layer_matched|4|0,gaussian_layer_matched,4.0,0,0.624,25,False,0.35564853556485354,0.344,239,250,0.412,250
attack_a0.5_s0_e1b_persist_s0,gaussian_layer_matched|4|1,gaussian_layer_matched,4.0,1,0.624,25,False,0.058577405857740586,0.064,239,250,0.544,250
attack_a0.5_s0_e1b_persist_s0,gaussian_layer_matched|4|2,gaussian_layer_matched,4.0,2,0.624,25,False,0.12552301255230125,0.128,239,250,0.508,250
attack_a0.5_s0_e1b_persist_s0,shuffled|0.5|0,shuffled,0.5,0,0.078,25,False,0.2301255230125523,0.252,239,250,0.732,250
attack_a0.5_s0_e1b_persist_s0,shuffled|0.5|1,shuffled,0.5,1,0.078,25,False,0.2301255230125523,0.252,239,250,0.716,250
attack_a0.5_s0_e1b_persist_s0,shuffled|0.5|2,shuffled,0.5,2,0.078,25,False,0.2175732217573222,0.244,239,250,0.728,250
attack_a0.5_s0_e1b_persist_s0,shuffled|1|0,shuffled,1.0,0,0.156,25,False,0.1589958158995816,0.176,239,250,0.636,250
attack_a0.5_s0_e1b_persist_s0,shuffled|1|1,shuffled,1.0,1,0.156,25,False,0.12552301255230125,0.144,239,250,0.672,250
attack_a0.5_s0_e1b_persist_s0,shuffled|1|2,shuffled,1.0,2,0.156,25,False,0.16736401673640167,0.188,239,250,0.68,250
attack_a0.5_s0_e1b_persist_s0,shuffled|2|0,shuffled,2.0,0,0.312,25,False,0.04184100418410042,0.052,239,250,0.42,250
attack_a0.5_s0_e1b_persist_s0,shuffled|2|1,shuffled,2.0,1,0.312,25,False,0.03765690376569038,0.052,239,250,0.524,250
attack_a0.5_s0_e1b_persist_s0,shuffled|2|2,shuffled,2.0,2,0.312,25,False,0.0502092050209205,0.06,239,250,0.512,250
attack_a0.5_s0_e1b_persist_s0,shuffled|4|0,shuffled,4.0,0,0.624,25,False,0.0,0.0,239,250,0.196,250
attack_a0.5_s0_e1b_persist_s0,shuffled|4|1,shuffled,4.0,1,0.624,25,False,0.0,0.004,239,250,0.22,250
attack_a0.5_s0_e1b_persist_s0,shuffled|4|2,shuffled,4.0,2,0.624,25,False,0.008368200836820083,0.012,239,250,0.204,250
attack_a0.5_s0_e1b_persist_s0,sign_flipped|0.5|0,sign_flipped,0.5,0,0.078,25,False,0.3138075313807531,0.336,239,250,0.728,250
attack_a0.5_s0_e1b_persist_s0,sign_flipped|0.5|1,sign_flipped,0.5,1,0.078,25,False,0.2719665271966527,0.3,239,250,0.748,250
attack_a0.5_s0_e1b_persist_s0,sign_flipped|0.5|2,sign_flipped,0.5,2,0.078,25,False,0.26778242677824265,0.296,239,250,0.74,250
attack_a0.5_s0_e1b_persist_s0,sign_flipped|1|0,sign_flipped,1.0,0,0.156,25,False,0.33472803347280333,0.356,239,250,0.704,250
attack_a0.5_s0_e1b_persist_s0,sign_flipped|1|1,sign_flipped,1.0,1,0.156,25,False,0.24686192468619247,0.272,239,250,0.744,250
attack_a0.5_s0_e1b_persist_s0,sign_flipped|1|2,sign_flipped,1.0,2,0.156,25,False,0.25523012552301255,0.28,239,250,0.732,250
attack_a0.5_s0_e1b_persist_s0,sign_flipped|2|0,sign_flipped,2.0,0,0.312,25,False,0.37656903765690375,0.4,239,250,0.64,250
attack_a0.5_s0_e1b_persist_s0,sign_flipped|2|1,sign_flipped,2.0,1,0.312,25,False,0.21338912133891214,0.232,239,250,0.692,250
attack_a0.5_s0_e1b_persist_s0,sign_flipped|2|2,sign_flipped,2.0,2,0.312,25,False,0.19246861924686193,0.216,239,250,0.66,250
attack_a0.5_s0_e1b_persist_s0,sign_flipped|4|0,sign_flipped,4.0,0,0.624,25,False,0.100418410041841,0.096,239,250,0.144,250
attack_a0.5_s0_e1b_persist_s0,sign_flipped|4|1,sign_flipped,4.0,1,0.624,25,False,0.1799163179916318,0.18,239,250,0.432,250
attack_a0.5_s0_e1b_persist_s0,sign_flipped|4|2,sign_flipped,4.0,2,0.624,25,False,0.0502092050209205,0.052,239,250,0.356,250
attack_a0.5_s0_e1b_persist_s0,real|0.5|0,real,0.5,0,0.078,25,False,0.04184100418410042,0.052,239,250,0.688,250
attack_a0.5_s0_e1b_persist_s0,real|1|0,real,1.0,0,0.156,25,False,0.0,0.0,239,250,0.592,250
attack_a0.5_s0_e1b_persist_s0,real|2|0,real,2.0,0,0.312,25,False,0.0,0.0,239,250,0.376,250
attack_a0.5_s0_e1b_persist_s0,real|4|0,real,4.0,0,0.624,25,False,0.0,0.0,239,250,0.164,250
attack_a0.5_s0_e1b_persist_s0,zero|0|0,zero,0.0,0,0.0,27,False,0.36,0.36,250,250,0.844,250
attack_a0.5_s0_e1b_persist_s0,gaussian_global|0.5|0,gaussian_global,0.5,0,0.078,27,False,0.372,0.372,250,250,0.836,250
attack_a0.5_s0_e1b_persist_s0,gaussian_global|0.5|1,gaussian_global,0.5,1,0.078,27,False,0.368,0.368,250,250,0.848,250
attack_a0.5_s0_e1b_persist_s0,gaussian_global|0.5|2,gaussian_global,0.5,2,0.078,27,False,0.376,0.376,250,250,0.84,250
attack_a0.5_s0_e1b_persist_s0,gaussian_global|1|0,gaussian_global,1.0,0,0.156,27,False,0.376,0.376,250,250,0.828,250
attack_a0.5_s0_e1b_persist_s0,gaussian_global|1|1,gaussian_global,1.0,1,0.156,27,False,0.344,0.344,250,250,0.848,250
attack_a0.5_s0_e1b_persist_s0,gaussian_global|1|2,gaussian_global,1.0,2,0.156,27,False,0.396,0.396,250,250,0.844,250
attack_a0.5_s0_e1b_persist_s0,gaussian_global|2|0,gaussian_global,2.0,0,0.312,27,False,0.404,0.404,250,250,0.82,250
attack_a0.5_s0_e1b_persist_s0,gaussian_global|2|1,gaussian_global,2.0,1,0.312,27,False,0.312,0.312,250,250,0.84,250
attack_a0.5_s0_e1b_persist_s0,gaussian_global|2|2,gaussian_global,2.0,2,0.312,27,False,0.376,0.376,250,250,0.812,250
attack_a0.5_s0_e1b_persist_s0,gaussian_global|4|0,gaussian_global,4.0,0,0.624,27,False,0.36,0.36,250,250,0.664,250
attack_a0.5_s0_e1b_persist_s0,gaussian_global|4|1,gaussian_global,4.0,1,0.624,27,False,0.132,0.132,250,250,0.732,250
attack_a0.5_s0_e1b_persist_s0,gaussian_global|4|2,gaussian_global,4.0,2,0.624,27,False,0.316,0.316,250,250,0.68,250
attack_a0.5_s0_e1b_persist_s0,gaussian_layer_matched|0.5|0,gaussian_layer_matched,0.5,0,0.078,27,False,0.384,0.384,250,250,0.836,250
attack_a0.5_s0_e1b_persist_s0,gaussian_layer_matched|0.5|1,gaussian_layer_matched,0.5,1,0.078,27,False,0.38,0.38,250,250,0.84,250
attack_a0.5_s0_e1b_persist_s0,gaussian_layer_matched|0.5|2,gaussian_layer_matched,0.5,2,0.078,27,False,0.364,0.364,250,250,0.844,250
attack_a0.5_s0_e1b_persist_s0,gaussian_layer_matched|1|0,gaussian_layer_matched,1.0,0,0.156,27,False,0.356,0.356,250,250,0.836,250
attack_a0.5_s0_e1b_persist_s0,gaussian_layer_matched|1|1,gaussian_layer_matched,1.0,1,0.156,27,False,0.376,0.376,250,250,0.844,250
attack_a0.5_s0_e1b_persist_s0,gaussian_layer_matched|1|2,gaussian_layer_matched,1.0,2,0.156,27,False,0.376,0.376,250,250,0.84,250
attack_a0.5_s0_e1b_persist_s0,gaussian_layer_matched|2|0,gaussian_layer_matched,2.0,0,0.312,27,False,0.34,0.34,250,250,0.776,250
attack_a0.5_s0_e1b_persist_s0,gaussian_layer_matched|2|1,gaussian_layer_matched,2.0,1,0.312,27,False,0.316,0.316,250,250,0.848,250
attack_a0.5_s0_e1b_persist_s0,gaussian_layer_matched|2|2,gaussian_layer_matched,2.0,2,0.312,27,False,0.328,0.328,250,250,0.78,250
attack_a0.5_s0_e1b_persist_s0,gaussian_layer_matched|4|0,gaussian_layer_matched,4.0,0,0.624,27,False,0.04,0.04,250,250,0.176,250
attack_a0.5_s0_e1b_persist_s0,gaussian_layer_matched|4|1,gaussian_layer_matched,4.0,1,0.624,27,False,0.028,0.028,250,250,0.624,250
attack_a0.5_s0_e1b_persist_s0,gaussian_layer_matched|4|2,gaussian_layer_matched,4.0,2,0.624,27,False,0.14,0.14,250,250,0.4,250
attack_a0.5_s0_e1b_persist_s0,shuffled|0.5|0,shuffled,0.5,0,0.078,27,False,0.288,0.288,250,250,0.86,250
attack_a0.5_s0_e1b_persist_s0,shuffled|0.5|1,shuffled,0.5,1,0.078,27,False,0.284,0.284,250,250,0.868,250
attack_a0.5_s0_e1b_persist_s0,shuffled|0.5|2,shuffled,0.5,2,0.078,27,False,0.328,0.328,250,250,0.876,250
attack_a0.5_s0_e1b_persist_s0,shuffled|1|0,shuffled,1.0,0,0.156,27,False,0.204,0.204,250,250,0.852,250
attack_a0.5_s0_e1b_persist_s0,shuffled|1|1,shuffled,1.0,1,0.156,27,False,0.168,0.168,250,250,0.86,250
attack_a0.5_s0_e1b_persist_s0,shuffled|1|2,shuffled,1.0,2,0.156,27,False,0.204,0.204,250,250,0.868,250
attack_a0.5_s0_e1b_persist_s0,shuffled|2|0,shuffled,2.0,0,0.312,27,False,0.052,0.052,250,250,0.648,250
attack_a0.5_s0_e1b_persist_s0,shuffled|2|1,shuffled,2.0,1,0.312,27,False,0.044,0.044,250,250,0.756,250
attack_a0.5_s0_e1b_persist_s0,shuffled|2|2,shuffled,2.0,2,0.312,27,False,0.04,0.04,250,250,0.696,250
attack_a0.5_s0_e1b_persist_s0,shuffled|4|0,shuffled,4.0,0,0.624,27,False,0.0,0.0,250,250,0.456,250
attack_a0.5_s0_e1b_persist_s0,shuffled|4|1,shuffled,4.0,1,0.624,27,False,0.0,0.0,250,250,0.484,250
attack_a0.5_s0_e1b_persist_s0,shuffled|4|2,shuffled,4.0,2,0.624,27,False,0.0,0.0,250,250,0.492,250
attack_a0.5_s0_e1b_persist_s0,sign_flipped|0.5|0,sign_flipped,0.5,0,0.078,27,False,0.344,0.344,250,250,0.86,250
attack_a0.5_s0_e1b_persist_s0,sign_flipped|0.5|1,sign_flipped,0.5,1,0.078,27,False,0.344,0.344,250,250,0.836,250
attack_a0.5_s0_e1b_persist_s0,sign_flipped|0.5|2,sign_flipped,0.5,2,0.078,27,False,0.352,0.352,250,250,0.836,250
attack_a0.5_s0_e1b_persist_s0,sign_flipped|1|0,sign_flipped,1.0,0,0.156,27,False,0.316,0.316,250,250,0.856,250
attack_a0.5_s0_e1b_persist_s0,sign_flipped|1|1,sign_flipped,1.0,1,0.156,27,False,0.308,0.308,250,250,0.844,250
attack_a0.5_s0_e1b_persist_s0,sign_flipped|1|2,sign_flipped,1.0,2,0.156,27,False,0.332,0.332,250,250,0.832,250
attack_a0.5_s0_e1b_persist_s0,sign_flipped|2|0,sign_flipped,2.0,0,0.312,27,False,0.328,0.328,250,250,0.816,250
attack_a0.5_s0_e1b_persist_s0,sign_flipped|2|1,sign_flipped,2.0,1,0.312,27,False,0.232,0.232,250,250,0.804,250
attack_a0.5_s0_e1b_persist_s0,sign_flipped|2|2,sign_flipped,2.0,2,0.312,27,False,0.204,0.204,250,250,0.764,250
attack_a0.5_s0_e1b_persist_s0,sign_flipped|4|0,sign_flipped,4.0,0,0.624,27,False,0.016,0.016,250,250,0.28,250
attack_a0.5_s0_e1b_persist_s0,sign_flipped|4|1,sign_flipped,4.0,1,0.624,27,False,0.056,0.056,250,250,0.336,250
attack_a0.5_s0_e1b_persist_s0,sign_flipped|4|2,sign_flipped,4.0,2,0.624,27,False,0.008,0.008,250,250,0.264,250
attack_a0.5_s0_e1b_persist_s0,real|0.5|0,real,0.5,0,0.078,27,False,0.06,0.06,250,250,0.752,250
attack_a0.5_s0_e1b_persist_s0,real|1|0,real,1.0,0,0.156,27,False,0.0,0.0,250,250,0.628,250
attack_a0.5_s0_e1b_persist_s0,real|2|0,real,2.0,0,0.312,27,False,0.004,0.004,250,250,0.224,250
attack_a0.5_s0_e1b_persist_s0,real|4|0,real,4.0,0,0.624,27,False,0.0,0.0,250,250,0.052,250
attack_a0.5_s0_e1b_persist_s0,zero|0|0,zero,0.0,0,0.0,28,False,0.09090909090909091,0.1,242,250,0.676,250
attack_a0.5_s0_e1b_persist_s0,gaussian_global|0.5|0,gaussian_global,0.5,0,0.078,28,False,0.08677685950413223,0.096,242,250,0.676,250
attack_a0.5_s0_e1b_persist_s0,gaussian_global|0.5|1,gaussian_global,0.5,1,0.078,28,False,0.08264462809917356,0.096,242,250,0.68,250
attack_a0.5_s0_e1b_persist_s0,gaussian_global|0.5|2,gaussian_global,0.5,2,0.078,28,False,0.10330578512396695,0.112,242,250,0.688,250
attack_a0.5_s0_e1b_persist_s0,gaussian_global|1|0,gaussian_global,1.0,0,0.156,28,False,0.0743801652892562,0.08,242,250,0.672,250
attack_a0.5_s0_e1b_persist_s0,gaussian_global|1|1,gaussian_global,1.0,1,0.156,28,False,0.09090909090909091,0.1,242,250,0.668,250
attack_a0.5_s0_e1b_persist_s0,gaussian_global|1|2,gaussian_global,1.0,2,0.156,28,False,0.10743801652892562,0.124,242,250,0.692,250
attack_a0.5_s0_e1b_persist_s0,gaussian_global|2|0,gaussian_global,2.0,0,0.312,28,False,0.05785123966942149,0.064,242,250,0.648,250
attack_a0.5_s0_e1b_persist_s0,gaussian_global|2|1,gaussian_global,2.0,1,0.312,28,False,0.06611570247933884,0.076,242,250,0.636,250
attack_a0.5_s0_e1b_persist_s0,gaussian_global|2|2,gaussian_global,2.0,2,0.312,28,False,0.1115702479338843,0.124,242,250,0.664,250
attack_a0.5_s0_e1b_persist_s0,gaussian_global|4|0,gaussian_global,4.0,0,0.624,28,False,0.012396694214876033,0.016,242,250,0.48,250
attack_a0.5_s0_e1b_persist_s0,gaussian_global|4|1,gaussian_global,4.0,1,0.624,28,False,0.012396694214876033,0.016,242,250,0.416,250
attack_a0.5_s0_e1b_persist_s0,gaussian_global|4|2,gaussian_global,4.0,2,0.624,28,False,0.028925619834710745,0.04,242,250,0.54,250
attack_a0.5_s0_e1b_persist_s0,gaussian_layer_matched|0.5|0,gaussian_layer_matched,0.5,0,0.078,28,False,0.06611570247933884,0.076,242,250,0.668,250
attack_a0.5_s0_e1b_persist_s0,gaussian_layer_matched|0.5|1,gaussian_layer_matched,0.5,1,0.078,28,False,0.08264462809917356,0.096,242,250,0.68,250
attack_a0.5_s0_e1b_persist_s0,gaussian_layer_matched|0.5|2,gaussian_layer_matched,0.5,2,0.078,28,False,0.10743801652892562,0.124,242,250,0.692,250
attack_a0.5_s0_e1b_persist_s0,gaussian_layer_matched|1|0,gaussian_layer_matched,1.0,0,0.156,28,False,0.05785123966942149,0.064,242,250,0.664,250
attack_a0.5_s0_e1b_persist_s0,gaussian_layer_matched|1|1,gaussian_layer_matched,1.0,1,0.156,28,False,0.1115702479338843,0.12,242,250,0.676,250
attack_a0.5_s0_e1b_persist_s0,gaussian_layer_matched|1|2,gaussian_layer_matched,1.0,2,0.156,28,False,0.12396694214876033,0.136,242,250,0.696,250
attack_a0.5_s0_e1b_persist_s0,gaussian_layer_matched|2|0,gaussian_layer_matched,2.0,0,0.312,28,False,0.012396694214876033,0.012,242,250,0.58,250
attack_a0.5_s0_e1b_persist_s0,gaussian_layer_matched|2|1,gaussian_layer_matched,2.0,1,0.312,28,False,0.045454545454545456,0.056,242,250,0.616,250
attack_a0.5_s0_e1b_persist_s0,gaussian_layer_matched|2|2,gaussian_layer_matched,2.0,2,0.312,28,False,0.09504132231404959,0.108,242,250,0.632,250
attack_a0.5_s0_e1b_persist_s0,gaussian_layer_matched|4|0,gaussian_layer_matched,4.0,0,0.624,28,False,0.0,0.0,242,250,0.156,250
attack_a0.5_s0_e1b_persist_s0,gaussian_layer_matched|4|1,gaussian_layer_matched,4.0,1,0.624,28,False,0.0,0.0,242,250,0.172,250
attack_a0.5_s0_e1b_persist_s0,gaussian_layer_matched|4|2,gaussian_layer_matched,4.0,2,0.624,28,False,0.024793388429752067,0.024,242,250,0.292,250
attack_a0.5_s0_e1b_persist_s0,shuffled|0.5|0,shuffled,0.5,0,0.078,28,False,0.15702479338842976,0.168,242,250,0.72,250
attack_a0.5_s0_e1b_persist_s0,shuffled|0.5|1,shuffled,0.5,1,0.078,28,False,0.1322314049586777,0.14,242,250,0.728,250
attack_a0.5_s0_e1b_persist_s0,shuffled|0.5|2,shuffled,0.5,2,0.078,28,False,0.1446280991735537,0.156,242,250,0.728,250
attack_a0.5_s0_e1b_persist_s0,shuffled|1|0,shuffled,1.0,0,0.156,28,False,0.1652892561983471,0.18,242,250,0.712,250
attack_a0.5_s0_e1b_persist_s0,shuffled|1|1,shuffled,1.0,1,0.156,28,False,0.1115702479338843,0.12,242,250,0.708,250
attack_a0.5_s0_e1b_persist_s0,shuffled|1|2,shuffled,1.0,2,0.156,28,False,0.1446280991735537,0.152,242,250,0.696,250
attack_a0.5_s0_e1b_persist_s0,shuffled|2|0,shuffled,2.0,0,0.312,28,False,0.06198347107438017,0.068,242,250,0.5,250
attack_a0.5_s0_e1b_persist_s0,shuffled|2|1,shuffled,2.0,1,0.312,28,False,0.05785123966942149,0.06,242,250,0.592,250
attack_a0.5_s0_e1b_persist_s0,shuffled|2|2,shuffled,2.0,2,0.312,28,False,0.08264462809917356,0.088,242,250,0.584,250
attack_a0.5_s0_e1b_persist_s0,shuffled|4|0,shuffled,4.0,0,0.624,28,False,0.0,0.0,242,250,0.236,250
attack_a0.5_s0_e1b_persist_s0,shuffled|4|1,shuffled,4.0,1,0.624,28,False,0.0,0.0,242,250,0.24,250
attack_a0.5_s0_e1b_persist_s0,shuffled|4|2,shuffled,4.0,2,0.624,28,False,0.0,0.0,242,250,0.236,250
attack_a0.5_s0_e1b_persist_s0,sign_flipped|0.5|0,sign_flipped,0.5,0,0.078,28,False,0.09090909090909091,0.1,242,250,0.68,250
attack_a0.5_s0_e1b_persist_s0,sign_flipped|0.5|1,sign_flipped,0.5,1,0.078,28,False,0.0743801652892562,0.08,242,250,0.684,250
attack_a0.5_s0_e1b_persist_s0,sign_flipped|0.5|2,sign_flipped,0.5,2,0.078,28,False,0.0743801652892562,0.084,242,250,0.68,250
attack_a0.5_s0_e1b_persist_s0,sign_flipped|1|0,sign_flipped,1.0,0,0.156,28,False,0.1115702479338843,0.12,242,250,0.688,250
attack_a0.5_s0_e1b_persist_s0,sign_flipped|1|1,sign_flipped,1.0,1,0.156,28,False,0.05785123966942149,0.068,242,250,0.668,250
attack_a0.5_s0_e1b_persist_s0,sign_flipped|1|2,sign_flipped,1.0,2,0.156,28,False,0.06611570247933884,0.072,242,250,0.672,250
attack_a0.5_s0_e1b_persist_s0,sign_flipped|2|0,sign_flipped,2.0,0,0.312,28,False,0.128099173553719,0.14,242,250,0.68,250
attack_a0.5_s0_e1b_persist_s0,sign_flipped|2|1,sign_flipped,2.0,1,0.312,28,False,0.02066115702479339,0.028,242,250,0.62,250
attack_a0.5_s0_e1b_persist_s0,sign_flipped|2|2,sign_flipped,2.0,2,0.312,28,False,0.012396694214876033,0.016,242,250,0.644,250
attack_a0.5_s0_e1b_persist_s0,sign_flipped|4|0,sign_flipped,4.0,0,0.624,28,False,0.0,0.0,242,250,0.32,250
attack_a0.5_s0_e1b_persist_s0,sign_flipped|4|1,sign_flipped,4.0,1,0.624,28,False,0.0,0.0,242,250,0.336,250
attack_a0.5_s0_e1b_persist_s0,sign_flipped|4|2,sign_flipped,4.0,2,0.624,28,False,0.0,0.0,242,250,0.364,250
attack_a0.5_s0_e1b_persist_s0,real|0.5|0,real,0.5,0,0.078,28,False,0.004132231404958678,0.008,242,250,0.708,250
attack_a0.5_s0_e1b_persist_s0,real|1|0,real,1.0,0,0.156,28,False,0.004132231404958678,0.004,242,250,0.656,250
attack_a0.5_s0_e1b_persist_s0,real|2|0,real,2.0,0,0.312,28,False,0.0,0.0,242,250,0.32,250
attack_a0.5_s0_e1b_persist_s0,real|4|0,real,4.0,0,0.624,28,False,0.0,0.0,242,250,0.068,250
attack_a0.5_s0_e1b_persist_s0,zero|0|0,zero,0.0,0,0.0,29,False,0.184,0.184,250,250,0.912,250
attack_a0.5_s0_e1b_persist_s0,gaussian_global|0.5|0,gaussian_global,0.5,0,0.078,29,False,0.196,0.196,250,250,0.92,250
attack_a0.5_s0_e1b_persist_s0,gaussian_global|0.5|1,gaussian_global,0.5,1,0.078,29,False,0.188,0.188,250,250,0.912,250
attack_a0.5_s0_e1b_persist_s0,gaussian_global|0.5|2,gaussian_global,0.5,2,0.078,29,False,0.18,0.18,250,250,0.908,250
attack_a0.5_s0_e1b_persist_s0,gaussian_global|1|0,gaussian_global,1.0,0,0.156,29,False,0.212,0.212,250,250,0.92,250
attack_a0.5_s0_e1b_persist_s0,gaussian_global|1|1,gaussian_global,1.0,1,0.156,29,False,0.188,0.188,250,250,0.908,250
attack_a0.5_s0_e1b_persist_s0,gaussian_global|1|2,gaussian_global,1.0,2,0.156,29,False,0.184,0.184,250,250,0.908,250
attack_a0.5_s0_e1b_persist_s0,gaussian_global|2|0,gaussian_global,2.0,0,0.312,29,False,0.232,0.232,250,250,0.924,250
attack_a0.5_s0_e1b_persist_s0,gaussian_global|2|1,gaussian_global,2.0,1,0.312,29,False,0.188,0.188,250,250,0.9,250
attack_a0.5_s0_e1b_persist_s0,gaussian_global|2|2,gaussian_global,2.0,2,0.312,29,False,0.168,0.168,250,250,0.904,250
attack_a0.5_s0_e1b_persist_s0,gaussian_global|4|0,gaussian_global,4.0,0,0.624,29,False,0.192,0.192,250,250,0.884,250
attack_a0.5_s0_e1b_persist_s0,gaussian_global|4|1,gaussian_global,4.0,1,0.624,29,False,0.096,0.096,250,250,0.844,250
attack_a0.5_s0_e1b_persist_s0,gaussian_global|4|2,gaussian_global,4.0,2,0.624,29,False,0.124,0.124,250,250,0.888,250
attack_a0.5_s0_e1b_persist_s0,gaussian_layer_matched|0.5|0,gaussian_layer_matched,0.5,0,0.078,29,False,0.192,0.192,250,250,0.92,250
attack_a0.5_s0_e1b_persist_s0,gaussian_layer_matched|0.5|1,gaussian_layer_matched,0.5,1,0.078,29,False,0.204,0.204,250,250,0.908,250
attack_a0.5_s0_e1b_persist_s0,gaussian_layer_matched|0.5|2,gaussian_layer_matched,0.5,2,0.078,29,False,0.2,0.2,250,250,0.912,250
attack_a0.5_s0_e1b_persist_s0,gaussian_layer_matched|1|0,gaussian_layer_matched,1.0,0,0.156,29,False,0.22,0.22,250,250,0.912,250
attack_a0.5_s0_e1b_persist_s0,gaussian_layer_matched|1|1,gaussian_layer_matched,1.0,1,0.156,29,False,0.204,0.204,250,250,0.912,250
attack_a0.5_s0_e1b_persist_s0,gaussian_layer_matched|1|2,gaussian_layer_matched,1.0,2,0.156,29,False,0.196,0.196,250,250,0.904,250
attack_a0.5_s0_e1b_persist_s0,gaussian_layer_matched|2|0,gaussian_layer_matched,2.0,0,0.312,29,False,0.276,0.276,250,250,0.896,250
attack_a0.5_s0_e1b_persist_s0,gaussian_layer_matched|2|1,gaussian_layer_matched,2.0,1,0.312,29,False,0.204,0.204,250,250,0.884,250
attack_a0.5_s0_e1b_persist_s0,gaussian_layer_matched|2|2,gaussian_layer_matched,2.0,2,0.312,29,False,0.168,0.168,250,250,0.876,250
attack_a0.5_s0_e1b_persist_s0,gaussian_layer_matched|4|0,gaussian_layer_matched,4.0,0,0.624,29,False,0.068,0.068,250,250,0.796,250
attack_a0.5_s0_e1b_persist_s0,gaussian_layer_matched|4|1,gaussian_layer_matched,4.0,1,0.624,29,False,0.036,0.036,250,250,0.816,250
attack_a0.5_s0_e1b_persist_s0,gaussian_layer_matched|4|2,gaussian_layer_matched,4.0,2,0.624,29,False,0.088,0.088,250,250,0.7,250
attack_a0.5_s0_e1b_persist_s0,shuffled|0.5|0,shuffled,0.5,0,0.078,29,False,0.192,0.192,250,250,0.904,250
attack_a0.5_s0_e1b_persist_s0,shuffled|0.5|1,shuffled,0.5,1,0.078,29,False,0.188,0.188,250,250,0.9,250
attack_a0.5_s0_e1b_persist_s0,shuffled|0.5|2,shuffled,0.5,2,0.078,29,False,0.2,0.2,250,250,0.892,250
attack_a0.5_s0_e1b_persist_s0,shuffled|1|0,shuffled,1.0,0,0.156,29,False,0.2,0.2,250,250,0.876,250
attack_a0.5_s0_e1b_persist_s0,shuffled|1|1,shuffled,1.0,1,0.156,29,False,0.144,0.144,250,250,0.884,250
attack_a0.5_s0_e1b_persist_s0,shuffled|1|2,shuffled,1.0,2,0.156,29,False,0.18,0.18,250,250,0.868,250
attack_a0.5_s0_e1b_persist_s0,shuffled|2|0,shuffled,2.0,0,0.312,29,False,0.084,0.084,250,250,0.608,250
attack_a0.5_s0_e1b_persist_s0,shuffled|2|1,shuffled,2.0,1,0.312,29,False,0.08,0.08,250,250,0.768,250
attack_a0.5_s0_e1b_persist_s0,shuffled|2|2,shuffled,2.0,2,0.312,29,False,0.14,0.14,250,250,0.724,250
attack_a0.5_s0_e1b_persist_s0,shuffled|4|0,shuffled,4.0,0,0.624,29,False,0.0,0.0,250,250,0.0,250
attack_a0.5_s0_e1b_persist_s0,shuffled|4|1,shuffled,4.0,1,0.624,29,False,0.004,0.004,250,250,0.176,250
attack_a0.5_s0_e1b_persist_s0,shuffled|4|2,shuffled,4.0,2,0.624,29,False,0.036,0.036,250,250,0.112,250
attack_a0.5_s0_e1b_persist_s0,sign_flipped|0.5|0,sign_flipped,0.5,0,0.078,29,False,0.228,0.228,250,250,0.912,250
attack_a0.5_s0_e1b_persist_s0,sign_flipped|0.5|1,sign_flipped,0.5,1,0.078,29,False,0.168,0.168,250,250,0.912,250
attack_a0.5_s0_e1b_persist_s0,sign_flipped|0.5|2,sign_flipped,0.5,2,0.078,29,False,0.208,0.208,250,250,0.916,250
attack_a0.5_s0_e1b_persist_s0,sign_flipped|1|0,sign_flipped,1.0,0,0.156,29,False,0.252,0.252,250,250,0.896,250
attack_a0.5_s0_e1b_persist_s0,sign_flipped|1|1,sign_flipped,1.0,1,0.156,29,False,0.156,0.156,250,250,0.908,250
attack_a0.5_s0_e1b_persist_s0,sign_flipped|1|2,sign_flipped,1.0,2,0.156,29,False,0.172,0.172,250,250,0.924,250
attack_a0.5_s0_e1b_persist_s0,sign_flipped|2|0,sign_flipped,2.0,0,0.312,29,False,0.332,0.332,250,250,0.824,250
attack_a0.5_s0_e1b_persist_s0,sign_flipped|2|1,sign_flipped,2.0,1,0.312,29,False,0.128,0.128,250,250,0.872,250
attack_a0.5_s0_e1b_persist_s0,sign_flipped|2|2,sign_flipped,2.0,2,0.312,29,False,0.132,0.132,250,250,0.908,250
attack_a0.5_s0_e1b_persist_s0,sign_flipped|4|0,sign_flipped,4.0,0,0.624,29,False,0.096,0.096,250,250,0.368,250
attack_a0.5_s0_e1b_persist_s0,sign_flipped|4|1,sign_flipped,4.0,1,0.624,29,False,0.064,0.064,250,250,0.78,250
attack_a0.5_s0_e1b_persist_s0,sign_flipped|4|2,sign_flipped,4.0,2,0.624,29,False,0.02,0.02,250,250,0.648,250
attack_a0.5_s0_e1b_persist_s0,real|0.5|0,real,0.5,0,0.078,29,False,0.036,0.036,250,250,0.892,250
attack_a0.5_s0_e1b_persist_s0,real|1|0,real,1.0,0,0.156,29,False,0.0,0.0,250,250,0.856,250
attack_a0.5_s0_e1b_persist_s0,real|2|0,real,2.0,0,0.312,29,False,0.0,0.0,250,250,0.584,250
attack_a0.5_s0_e1b_persist_s0,real|4|0,real,4.0,0,0.624,29,False,0.0,0.0,250,250,0.012,250
attack_a0.5_s0_e1b_persist_s0,zero|0|0,zero,0.0,0,0.0,30,False,0.47368421052631576,0.5,228,250,0.76,250
attack_a0.5_s0_e1b_persist_s0,gaussian_global|0.5|0,gaussian_global,0.5,0,0.078,30,False,0.5087719298245614,0.536,228,250,0.764,250
attack_a0.5_s0_e1b_persist_s0,gaussian_global|0.5|1,gaussian_global,0.5,1,0.078,30,False,0.5,0.528,228,250,0.768,250
attack_a0.5_s0_e1b_persist_s0,gaussian_global|0.5|2,gaussian_global,0.5,2,0.078,30,False,0.49122807017543857,0.52,228,250,0.76,250
attack_a0.5_s0_e1b_persist_s0,gaussian_global|1|0,gaussian_global,1.0,0,0.156,30,False,0.5263157894736842,0.552,228,250,0.776,250
attack_a0.5_s0_e1b_persist_s0,gaussian_global|1|1,gaussian_global,1.0,1,0.156,30,False,0.5,0.52,228,250,0.768,250
attack_a0.5_s0_e1b_persist_s0,gaussian_global|1|2,gaussian_global,1.0,2,0.156,30,False,0.4517543859649123,0.48,228,250,0.764,250
attack_a0.5_s0_e1b_persist_s0,gaussian_global|2|0,gaussian_global,2.0,0,0.312,30,False,0.5614035087719298,0.584,228,250,0.752,250
attack_a0.5_s0_e1b_persist_s0,gaussian_global|2|1,gaussian_global,2.0,1,0.312,30,False,0.4692982456140351,0.5,228,250,0.768,250
attack_a0.5_s0_e1b_persist_s0,gaussian_global|2|2,gaussian_global,2.0,2,0.312,30,False,0.49122807017543857,0.52,228,250,0.74,250
attack_a0.5_s0_e1b_persist_s0,gaussian_global|4|0,gaussian_global,4.0,0,0.624,30,False,0.5745614035087719,0.592,228,250,0.72,250
attack_a0.5_s0_e1b_persist_s0,gaussian_global|4|1,gaussian_global,4.0,1,0.624,30,False,0.2894736842105263,0.328,228,250,0.728,250
attack_a0.5_s0_e1b_persist_s0,gaussian_global|4|2,gaussian_global,4.0,2,0.624,30,False,0.40789473684210525,0.436,228,250,0.74,250
attack_a0.5_s0_e1b_persist_s0,gaussian_layer_matched|0.5|0,gaussian_layer_matched,0.5,0,0.078,30,False,0.5,0.524,228,250,0.76,250
attack_a0.5_s0_e1b_persist_s0,gaussian_layer_matched|0.5|1,gaussian_layer_matched,0.5,1,0.078,30,False,0.5,0.524,228,250,0.776,250
attack_a0.5_s0_e1b_persist_s0,gaussian_layer_matched|0.5|2,gaussian_layer_matched,0.5,2,0.078,30,False,0.4605263157894737,0.492,228,250,0.76,250
attack_a0.5_s0_e1b_persist_s0,gaussian_layer_matched|1|0,gaussian_layer_matched,1.0,0,0.156,30,False,0.5394736842105263,0.556,228,250,0.752,250
attack_a0.5_s0_e1b_persist_s0,gaussian_layer_matched|1|1,gaussian_layer_matched,1.0,1,0.156,30,False,0.5131578947368421,0.54,228,250,0.768,250
attack_a0.5_s0_e1b_persist_s0,gaussian_layer_matched|1|2,gaussian_layer_matched,1.0,2,0.156,30,False,0.5,0.532,228,250,0.76,250
attack_a0.5_s0_e1b_persist_s0,gaussian_layer_matched|2|0,gaussian_layer_matched,2.0,0,0.312,30,False,0.6271929824561403,0.644,228,250,0.7,250
attack_a0.5_s0_e1b_persist_s0,gaussian_layer_matched|2|1,gaussian_layer_matched,2.0,1,0.312,30,False,0.5701754385964912,0.592,228,250,0.756,250
attack_a0.5_s0_e1b_persist_s0,gaussian_layer_matched|2|2,gaussian_layer_matched,2.0,2,0.312,30,False,0.49122807017543857,0.516,228,250,0.724,250
attack_a0.5_s0_e1b_persist_s0,gaussian_layer_matched|4|0,gaussian_layer_matched,4.0,0,0.624,30,False,0.7587719298245614,0.736,228,250,0.456,250
attack_a0.5_s0_e1b_persist_s0,gaussian_layer_matched|4|1,gaussian_layer_matched,4.0,1,0.624,30,False,0.37280701754385964,0.384,228,250,0.572,250
attack_a0.5_s0_e1b_persist_s0,gaussian_layer_matched|4|2,gaussian_layer_matched,4.0,2,0.624,30,False,0.3201754385964912,0.32,228,250,0.552,250
attack_a0.5_s0_e1b_persist_s0,shuffled|0.5|0,shuffled,0.5,0,0.078,30,False,0.4298245614035088,0.456,228,250,0.78,250
attack_a0.5_s0_e1b_persist_s0,shuffled|0.5|1,shuffled,0.5,1,0.078,30,False,0.37719298245614036,0.412,228,250,0.764,250
attack_a0.5_s0_e1b_persist_s0,shuffled|0.5|2,shuffled,0.5,2,0.078,30,False,0.41228070175438597,0.44,228,250,0.78,250
attack_a0.5_s0_e1b_persist_s0,shuffled|1|0,shuffled,1.0,0,0.156,30,False,0.2894736842105263,0.328,228,250,0.736,250
attack_a0.5_s0_e1b_persist_s0,shuffled|1|1,shuffled,1.0,1,0.156,30,False,0.2719298245614035,0.304,228,250,0.732,250
attack_a0.5_s0_e1b_persist_s0,shuffled|1|2,shuffled,1.0,2,0.156,30,False,0.2894736842105263,0.324,228,250,0.728,250
attack_a0.5_s0_e1b_persist_s0,shuffled|2|0,shuffled,2.0,0,0.312,30,False,0.09210526315789473,0.116,228,250,0.472,250
attack_a0.5_s0_e1b_persist_s0,shuffled|2|1,shuffled,2.0,1,0.312,30,False,0.10087719298245613,0.124,228,250,0.552,250
attack_a0.5_s0_e1b_persist_s0,shuffled|2|2,shuffled,2.0,2,0.312,30,False,0.12719298245614036,0.156,228,250,0.516,250
attack_a0.5_s0_e1b_persist_s0,shuffled|4|0,shuffled,4.0,0,0.624,30,False,0.0,0.0,228,250,0.12,250
attack_a0.5_s0_e1b_persist_s0,shuffled|4|1,shuffled,4.0,1,0.624,30,False,0.013157894736842105,0.016,228,250,0.176,250
attack_a0.5_s0_e1b_persist_s0,shuffled|4|2,shuffled,4.0,2,0.624,30,False,0.02631578947368421,0.028,228,250,0.16,250
attack_a0.5_s0_e1b_persist_s0,sign_flipped|0.5|0,sign_flipped,0.5,0,0.078,30,False,0.4868421052631579,0.516,228,250,0.76,250
attack_a0.5_s0_e1b_persist_s0,sign_flipped|0.5|1,sign_flipped,0.5,1,0.078,30,False,0.43859649122807015,0.472,228,250,0.772,250
attack_a0.5_s0_e1b_persist_s0,sign_flipped|0.5|2,sign_flipped,0.5,2,0.078,30,False,0.4956140350877193,0.52,228,250,0.772,250
attack_a0.5_s0_e1b_persist_s0,sign_flipped|1|0,sign_flipped,1.0,0,0.156,30,False,0.543859649122807,0.568,228,250,0.748,250
attack_a0.5_s0_e1b_persist_s0,sign_flipped|1|1,sign_flipped,1.0,1,0.156,30,False,0.47368421052631576,0.496,228,250,0.772,250
attack_a0.5_s0_e1b_persist_s0,sign_flipped|1|2,sign_flipped,1.0,2,0.156,30,False,0.4824561403508772,0.496,228,250,0.776,250
attack_a0.5_s0_e1b_persist_s0,sign_flipped|2|0,sign_flipped,2.0,0,0.312,30,False,0.6096491228070176,0.628,228,250,0.636,250
attack_a0.5_s0_e1b_persist_s0,sign_flipped|2|1,sign_flipped,2.0,1,0.312,30,False,0.45614035087719296,0.476,228,250,0.768,250
attack_a0.5_s0_e1b_persist_s0,sign_flipped|2|2,sign_flipped,2.0,2,0.312,30,False,0.42543859649122806,0.448,228,250,0.728,250
attack_a0.5_s0_e1b_persist_s0,sign_flipped|4|0,sign_flipped,4.0,0,0.624,30,False,0.2324561403508772,0.232,228,250,0.132,250
attack_a0.5_s0_e1b_persist_s0,sign_flipped|4|1,sign_flipped,4.0,1,0.624,30,False,0.3991228070175439,0.408,228,250,0.636,250
attack_a0.5_s0_e1b_persist_s0,sign_flipped|4|2,sign_flipped,4.0,2,0.624,30,False,0.14912280701754385,0.144,228,250,0.284,250
attack_a0.5_s0_e1b_persist_s0,real|0.5|0,real,0.5,0,0.078,30,False,0.08333333333333333,0.104,228,250,0.732,250
attack_a0.5_s0_e1b_persist_s0,real|1|0,real,1.0,0,0.156,30,False,0.0043859649122807015,0.004,228,250,0.656,250
attack_a0.5_s0_e1b_persist_s0,real|2|0,real,2.0,0,0.312,30,False,0.0,0.0,228,250,0.336,250
attack_a0.5_s0_e1b_persist_s0,real|4|0,real,4.0,0,0.624,30,False,0.0,0.0,228,250,0.204,250
attack_a0.5_s0_e1b_persist_s0,zero|0|0,zero,0.0,0,0.0,31,False,0.4223300970873786,0.508,206,250,0.896,250
attack_a0.5_s0_e1b_persist_s0,gaussian_global|0.5|0,gaussian_global,0.5,0,0.078,31,False,0.4223300970873786,0.508,206,250,0.908,250
attack_a0.5_s0_e1b_persist_s0,gaussian_global|0.5|1,gaussian_global,0.5,1,0.078,31,False,0.4174757281553398,0.508,206,250,0.9,250
attack_a0.5_s0_e1b_persist_s0,gaussian_global|0.5|2,gaussian_global,0.5,2,0.078,31,False,0.4077669902912621,0.496,206,250,0.896,250
attack_a0.5_s0_e1b_persist_s0,gaussian_global|1|0,gaussian_global,1.0,0,0.156,31,False,0.44660194174757284,0.524,206,250,0.908,250
attack_a0.5_s0_e1b_persist_s0,gaussian_global|1|1,gaussian_global,1.0,1,0.156,31,False,0.4223300970873786,0.516,206,250,0.904,250
attack_a0.5_s0_e1b_persist_s0,gaussian_global|1|2,gaussian_global,1.0,2,0.156,31,False,0.4320388349514563,0.52,206,250,0.88,250
attack_a0.5_s0_e1b_persist_s0,gaussian_global|2|0,gaussian_global,2.0,0,0.312,31,False,0.4854368932038835,0.556,206,250,0.888,250
attack_a0.5_s0_e1b_persist_s0,gaussian_global|2|1,gaussian_global,2.0,1,0.312,31,False,0.4223300970873786,0.516,206,250,0.872,250
attack_a0.5_s0_e1b_persist_s0,gaussian_global|2|2,gaussian_global,2.0,2,0.312,31,False,0.3932038834951456,0.492,206,250,0.856,250
attack_a0.5_s0_e1b_persist_s0,gaussian_global|4|0,gaussian_global,4.0,0,0.624,31,False,0.6067961165048543,0.652,206,250,0.848,250
attack_a0.5_s0_e1b_persist_s0,gaussian_global|4|1,gaussian_global,4.0,1,0.624,31,False,0.32524271844660196,0.428,206,250,0.788,250
attack_a0.5_s0_e1b_persist_s0,gaussian_global|4|2,gaussian_global,4.0,2,0.624,31,False,0.33495145631067963,0.432,206,250,0.808,250
attack_a0.5_s0_e1b_persist_s0,gaussian_layer_matched|0.5|0,gaussian_layer_matched,0.5,0,0.078,31,False,0.42718446601941745,0.512,206,250,0.904,250
attack_a0.5_s0_e1b_persist_s0,gaussian_layer_matched|0.5|1,gaussian_layer_matched,0.5,1,0.078,31,False,0.4563106796116505,0.54,206,250,0.904,250
attack_a0.5_s0_e1b_persist_s0,gaussian_layer_matched|0.5|2,gaussian_layer_matched,0.5,2,0.078,31,False,0.4029126213592233,0.496,206,250,0.872,250
attack_a0.5_s0_e1b_persist_s0,gaussian_layer_matched|1|0,gaussian_layer_matched,1.0,0,0.156,31,False,0.470873786407767,0.552,206,250,0.896,250
attack_a0.5_s0_e1b_persist_s0,gaussian_layer_matched|1|1,gaussian_layer_matched,1.0,1,0.156,31,False,0.4563106796116505,0.54,206,250,0.888,250
attack_a0.5_s0_e1b_persist_s0,gaussian_layer_matched|1|2,gaussian_layer_matched,1.0,2,0.156,31,False,0.4223300970873786,0.516,206,250,0.86,250
attack_a0.5_s0_e1b_persist_s0,gaussian_layer_matched|2|0,gaussian_layer_matched,2.0,0,0.312,31,False,0.5825242718446602,0.628,206,250,0.856,250
attack_a0.5_s0_e1b_persist_s0,gaussian_layer_matched|2|1,gaussian_layer_matched,2.0,1,0.312,31,False,0.5485436893203883,0.616,206,250,0.864,250
attack_a0.5_s0_e1b_persist_s0,gaussian_layer_matched|2|2,gaussian_layer_matched,2.0,2,0.312,31,False,0.41262135922330095,0.496,206,250,0.808,250
attack_a0.5_s0_e1b_persist_s0,gaussian_layer_matched|4|0,gaussian_layer_matched,4.0,0,0.624,31,False,0.7572815533980582,0.724,206,250,0.448,250
attack_a0.5_s0_e1b_persist_s0,gaussian_layer_matched|4|1,gaussian_layer_matched,4.0,1,0.624,31,False,0.5533980582524272,0.612,206,250,0.632,250
attack_a0.5_s0_e1b_persist_s0,gaussian_layer_matched|4|2,gaussian_layer_matched,4.0,2,0.624,31,False,0.3640776699029126,0.44,206,250,0.472,250
attack_a0.5_s0_e1b_persist_s0,shuffled|0.5|0,shuffled,0.5,0,0.078,31,False,0.3300970873786408,0.436,206,250,0.864,250
attack_a0.5_s0_e1b_persist_s0,shuffled|0.5|1,shuffled,0.5,1,0.078,31,False,0.34951456310679613,0.448,206,250,0.864,250
attack_a0.5_s0_e1b_persist_s0,shuffled|0.5|2,shuffled,0.5,2,0.078,31,False,0.33980582524271846,0.44,206,250,0.876,250
attack_a0.5_s0_e1b_persist_s0,shuffled|1|0,shuffled,1.0,0,0.156,31,False,0.21844660194174756,0.304,206,250,0.764,250
attack_a0.5_s0_e1b_persist_s0,shuffled|1|1,shuffled,1.0,1,0.156,31,False,0.24757281553398058,0.348,206,250,0.804,250
attack_a0.5_s0_e1b_persist_s0,shuffled|1|2,shuffled,1.0,2,0.156,31,False,0.2766990291262136,0.364,206,250,0.812,250
attack_a0.5_s0_e1b_persist_s0,shuffled|2|0,shuffled,2.0,0,0.312,31,False,0.05825242718446602,0.088,206,250,0.444,250
attack_a0.5_s0_e1b_persist_s0,shuffled|2|1,shuffled,2.0,1,0.312,31,False,0.09223300970873786,0.156,206,250,0.588,250
attack_a0.5_s0_e1b_persist_s0,shuffled|2|2,shuffled,2.0,2,0.312,31,False,0.13106796116504854,0.164,206,250,0.56,250
attack_a0.5_s0_e1b_persist_s0,shuffled|4|0,shuffled,4.0,0,0.624,31,False,0.0,0.0,206,250,0.18,250
attack_a0.5_s0_e1b_persist_s0,shuffled|4|1,shuffled,4.0,1,0.624,31,False,0.009708737864077669,0.008,206,250,0.224,250
attack_a0.5_s0_e1b_persist_s0,shuffled|4|2,shuffled,4.0,2,0.624,31,False,0.014563106796116505,0.012,206,250,0.224,250
attack_a0.5_s0_e1b_persist_s0,sign_flipped|0.5|0,sign_flipped,0.5,0,0.078,31,False,0.4320388349514563,0.516,206,250,0.868,250
attack_a0.5_s0_e1b_persist_s0,sign_flipped|0.5|1,sign_flipped,0.5,1,0.078,31,False,0.4174757281553398,0.5,206,250,0.88,250
attack_a0.5_s0_e1b_persist_s0,sign_flipped|0.5|2,sign_flipped,0.5,2,0.078,31,False,0.39805825242718446,0.492,206,250,0.896,250
attack_a0.5_s0_e1b_persist_s0,sign_flipped|1|0,sign_flipped,1.0,0,0.156,31,False,0.47572815533980584,0.556,206,250,0.84,250
attack_a0.5_s0_e1b_persist_s0,sign_flipped|1|1,sign_flipped,1.0,1,0.156,31,False,0.4029126213592233,0.488,206,250,0.888,250
attack_a0.5_s0_e1b_persist_s0,sign_flipped|1|2,sign_flipped,1.0,2,0.156,31,False,0.39805825242718446,0.48,206,250,0.88,250
attack_a0.5_s0_e1b_persist_s0,sign_flipped|2|0,sign_flipped,2.0,0,0.312,31,False,0.5485436893203883,0.608,206,250,0.748,250
attack_a0.5_s0_e1b_persist_s0,sign_flipped|2|1,sign_flipped,2.0,1,0.312,31,False,0.4077669902912621,0.484,206,250,0.852,250
attack_a0.5_s0_e1b_persist_s0,sign_flipped|2|2,sign_flipped,2.0,2,0.312,31,False,0.41262135922330095,0.496,206,250,0.84,250
attack_a0.5_s0_e1b_persist_s0,sign_flipped|4|0,sign_flipped,4.0,0,0.624,31,False,0.558252427184466,0.576,206,250,0.492,250
attack_a0.5_s0_e1b_persist_s0,sign_flipped|4|1,sign_flipped,4.0,1,0.624,31,False,0.4077669902912621,0.464,206,250,0.636,250
attack_a0.5_s0_e1b_persist_s0,sign_flipped|4|2,sign_flipped,4.0,2,0.624,31,False,0.3883495145631068,0.376,206,250,0.44,250
attack_a0.5_s0_e1b_persist_s0,real|0.5|0,real,0.5,0,0.078,31,False,0.07766990291262135,0.132,206,250,0.844,250
attack_a0.5_s0_e1b_persist_s0,real|1|0,real,1.0,0,0.156,31,False,0.019417475728155338,0.016,206,250,0.676,250
attack_a0.5_s0_e1b_persist_s0,real|2|0,real,2.0,0,0.312,31,False,0.0048543689320388345,0.004,206,250,0.172,250
attack_a0.5_s0_e1b_persist_s0,real|4|0,real,4.0,0,0.624,31,False,0.0,0.0,206,250,0.012,250
attack_a0.5_s0_e1b_persist_s0,zero|0|0,zero,0.0,0,0.0,32,False,0.3230088495575221,0.368,226,250,0.852,250
attack_a0.5_s0_e1b_persist_s0,gaussian_global|0.5|0,gaussian_global,0.5,0,0.078,32,False,0.33185840707964603,0.38,226,250,0.86,250
attack_a0.5_s0_e1b_persist_s0,gaussian_global|0.5|1,gaussian_global,0.5,1,0.078,32,False,0.3008849557522124,0.344,226,250,0.852,250
attack_a0.5_s0_e1b_persist_s0,gaussian_global|0.5|2,gaussian_global,0.5,2,0.078,32,False,0.30973451327433627,0.356,226,250,0.86,250
attack_a0.5_s0_e1b_persist_s0,gaussian_global|1|0,gaussian_global,1.0,0,0.156,32,False,0.34513274336283184,0.392,226,250,0.852,250
attack_a0.5_s0_e1b_persist_s0,gaussian_global|1|1,gaussian_global,1.0,1,0.156,32,False,0.3230088495575221,0.368,226,250,0.848,250
attack_a0.5_s0_e1b_persist_s0,gaussian_global|1|2,gaussian_global,1.0,2,0.156,32,False,0.30973451327433627,0.352,226,250,0.86,250
attack_a0.5_s0_e1b_persist_s0,gaussian_global|2|0,gaussian_global,2.0,0,0.312,32,False,0.3893805309734513,0.432,226,250,0.816,250
attack_a0.5_s0_e1b_persist_s0,gaussian_global|2|1,gaussian_global,2.0,1,0.312,32,False,0.3274336283185841,0.368,226,250,0.828,250
attack_a0.5_s0_e1b_persist_s0,gaussian_global|2|2,gaussian_global,2.0,2,0.312,32,False,0.29646017699115046,0.344,226,250,0.844,250
attack_a0.5_s0_e1b_persist_s0,gaussian_global|4|0,gaussian_global,4.0,0,0.624,32,False,0.3407079646017699,0.376,226,250,0.7,250
attack_a0.5_s0_e1b_persist_s0,gaussian_global|4|1,gaussian_global,4.0,1,0.624,32,False,0.252212389380531,0.276,226,250,0.668,250
attack_a0.5_s0_e1b_persist_s0,gaussian_global|4|2,gaussian_global,4.0,2,0.624,32,False,0.24336283185840707,0.28,226,250,0.812,250
attack_a0.5_s0_e1b_persist_s0,gaussian_layer_matched|0.5|0,gaussian_layer_matched,0.5,0,0.078,32,False,0.336283185840708,0.384,226,250,0.856,250
attack_a0.5_s0_e1b_persist_s0,gaussian_layer_matched|0.5|1,gaussian_layer_matched,0.5,1,0.078,32,False,0.34513274336283184,0.388,226,250,0.852,250
attack_a0.5_s0_e1b_persist_s0,gaussian_layer_matched|0.5|2,gaussian_layer_matched,0.5,2,0.078,32,False,0.336283185840708,0.376,226,250,0.864,250
attack_a0.5_s0_e1b_persist_s0,gaussian_layer_matched|1|0,gaussian_layer_matched,1.0,0,0.156,32,False,0.34513274336283184,0.388,226,250,0.836,250
attack_a0.5_s0_e1b_persist_s0,gaussian_layer_matched|1|1,gaussian_layer_matched,1.0,1,0.156,32,False,0.3672566371681416,0.408,226,250,0.84,250
attack_a0.5_s0_e1b_persist_s0,gaussian_layer_matched|1|2,gaussian_layer_matched,1.0,2,0.156,32,False,0.35398230088495575,0.404,226,250,0.852,250
attack_a0.5_s0_e1b_persist_s0,gaussian_layer_matched|2|0,gaussian_layer_matched,2.0,0,0.312,32,False,0.42920353982300885,0.46,226,250,0.756,250
attack_a0.5_s0_e1b_persist_s0,gaussian_layer_matched|2|1,gaussian_layer_matched,2.0,1,0.312,32,False,0.41150442477876104,0.452,226,250,0.76,250
attack_a0.5_s0_e1b_persist_s0,gaussian_layer_matched|2|2,gaussian_layer_matched,2.0,2,0.312,32,False,0.34513274336283184,0.388,226,250,0.832,250
attack_a0.5_s0_e1b_persist_s0,gaussian_layer_matched|4|0,gaussian_layer_matched,4.0,0,0.624,32,False,0.4646017699115044,0.456,226,250,0.376,250
attack_a0.5_s0_e1b_persist_s0,gaussian_layer_matched|4|1,gaussian_layer_matched,4.0,1,0.624,32,False,0.2610619469026549,0.26,226,250,0.444,250
attack_a0.5_s0_e1b_persist_s0,gaussian_layer_matched|4|2,gaussian_layer_matched,4.0,2,0.624,32,False,0.26548672566371684,0.272,226,250,0.668,250
attack_a0.5_s0_e1b_persist_s0,shuffled|0.5|0,shuffled,0.5,0,0.078,32,False,0.3008849557522124,0.348,226,250,0.86,250
attack_a0.5_s0_e1b_persist_s0,shuffled|0.5|1,shuffled,0.5,1,0.078,32,False,0.27876106194690264,0.324,226,250,0.856,250
attack_a0.5_s0_e1b_persist_s0,shuffled|0.5|2,shuffled,0.5,2,0.078,32,False,0.2920353982300885,0.34,226,250,0.86,250
attack_a0.5_s0_e1b_persist_s0,shuffled|1|0,shuffled,1.0,0,0.156,32,False,0.25663716814159293,0.296,226,250,0.828,250
attack_a0.5_s0_e1b_persist_s0,shuffled|1|1,shuffled,1.0,1,0.156,32,False,0.20353982300884957,0.248,226,250,0.844,250
attack_a0.5_s0_e1b_persist_s0,shuffled|1|2,shuffled,1.0,2,0.156,32,False,0.26991150442477874,0.296,226,250,0.852,250
attack_a0.5_s0_e1b_persist_s0,shuffled|2|0,shuffled,2.0,0,0.312,32,False,0.09292035398230089,0.104,226,250,0.472,250
attack_a0.5_s0_e1b_persist_s0,shuffled|2|1,shuffled,2.0,1,0.312,32,False,0.09734513274336283,0.12,226,250,0.696,250
attack_a0.5_s0_e1b_persist_s0,shuffled|2|2,shuffled,2.0,2,0.312,32,False,0.17256637168141592,0.184,226,250,0.604,250
attack_a0.5_s0_e1b_persist_s0,shuffled|4|0,shuffled,4.0,0,0.624,32,False,0.0,0.0,226,250,0.092,250
attack_a0.5_s0_e1b_persist_s0,shuffled|4|1,shuffled,4.0,1,0.624,32,False,0.017699115044247787,0.016,226,250,0.144,250
attack_a0.5_s0_e1b_persist_s0,shuffled|4|2,shuffled,4.0,2,0.624,32,False,0.02654867256637168,0.024,226,250,0.124,250
attack_a0.5_s0_e1b_persist_s0,sign_flipped|0.5|0,sign_flipped,0.5,0,0.078,32,False,0.36283185840707965,0.408,226,250,0.856,250
attack_a0.5_s0_e1b_persist_s0,sign_flipped|0.5|1,sign_flipped,0.5,1,0.078,32,False,0.30973451327433627,0.36,226,250,0.848,250
attack_a0.5_s0_e1b_persist_s0,sign_flipped|0.5|2,sign_flipped,0.5,2,0.078,32,False,0.3230088495575221,0.364,226,250,0.856,250
attack_a0.5_s0_e1b_persist_s0,sign_flipped|1|0,sign_flipped,1.0,0,0.156,32,False,0.37168141592920356,0.42,226,250,0.852,250
attack_a0.5_s0_e1b_persist_s0,sign_flipped|1|1,sign_flipped,1.0,1,0.156,32,False,0.3008849557522124,0.344,226,250,0.844,250
attack_a0.5_s0_e1b_persist_s0,sign_flipped|1|2,sign_flipped,1.0,2,0.156,32,False,0.3053097345132743,0.352,226,250,0.856,250
attack_a0.5_s0_e1b_persist_s0,sign_flipped|2|0,sign_flipped,2.0,0,0.312,32,False,0.4778761061946903,0.512,226,250,0.816,250
attack_a0.5_s0_e1b_persist_s0,sign_flipped|2|1,sign_flipped,2.0,1,0.312,32,False,0.27876106194690264,0.32,226,250,0.784,250
attack_a0.5_s0_e1b_persist_s0,sign_flipped|2|2,sign_flipped,2.0,2,0.312,32,False,0.26548672566371684,0.3,226,250,0.844,250
attack_a0.5_s0_e1b_persist_s0,sign_flipped|4|0,sign_flipped,4.0,0,0.624,32,False,0.4646017699115044,0.464,226,250,0.44,250
attack_a0.5_s0_e1b_persist_s0,sign_flipped|4|1,sign_flipped,4.0,1,0.624,32,False,0.3584070796460177,0.36,226,250,0.484,250
attack_a0.5_s0_e1b_persist_s0,sign_flipped|4|2,sign_flipped,4.0,2,0.624,32,False,0.16371681415929204,0.148,226,250,0.7,250
attack_a0.5_s0_e1b_persist_s0,real|0.5|0,real,0.5,0,0.078,32,False,0.06637168141592921,0.092,226,250,0.82,250
attack_a0.5_s0_e1b_persist_s0,real|1|0,real,1.0,0,0.156,32,False,0.004424778761061947,0.004,226,250,0.752,250
attack_a0.5_s0_e1b_persist_s0,real|2|0,real,2.0,0,0.312,32,False,0.0,0.0,226,250,0.504,250
attack_a0.5_s0_e1b_persist_s0,real|4|0,real,4.0,0,0.624,32,False,0.0,0.0,226,250,0.04,250
attack_a0.5_s0_e1b_persist_s0,zero|0|0,zero,0.0,0,0.0,33,False,0.30165289256198347,0.308,242,250,0.852,250
attack_a0.5_s0_e1b_persist_s0,gaussian_global|0.5|0,gaussian_global,0.5,0,0.078,33,False,0.32231404958677684,0.32,242,250,0.848,250
attack_a0.5_s0_e1b_persist_s0,gaussian_global|0.5|1,gaussian_global,0.5,1,0.078,33,False,0.2892561983471074,0.292,242,250,0.848,250
attack_a0.5_s0_e1b_persist_s0,gaussian_global|0.5|2,gaussian_global,0.5,2,0.078,33,False,0.30578512396694213,0.308,242,250,0.844,250
attack_a0.5_s0_e1b_persist_s0,gaussian_global|1|0,gaussian_global,1.0,0,0.156,33,False,0.36363636363636365,0.364,242,250,0.856,250
attack_a0.5_s0_e1b_persist_s0,gaussian_global|1|1,gaussian_global,1.0,1,0.156,33,False,0.30165289256198347,0.304,242,250,0.844,250
attack_a0.5_s0_e1b_persist_s0,gaussian_global|1|2,gaussian_global,1.0,2,0.156,33,False,0.3181818181818182,0.32,242,250,0.844,250
attack_a0.5_s0_e1b_persist_s0,gaussian_global|2|0,gaussian_global,2.0,0,0.312,33,False,0.3925619834710744,0.392,242,250,0.848,250
attack_a0.5_s0_e1b_persist_s0,gaussian_global|2|1,gaussian_global,2.0,1,0.312,33,False,0.25206611570247933,0.256,242,250,0.852,250
attack_a0.5_s0_e1b_persist_s0,gaussian_global|2|2,gaussian_global,2.0,2,0.312,33,False,0.3140495867768595,0.316,242,250,0.828,250
attack_a0.5_s0_e1b_persist_s0,gaussian_global|4|0,gaussian_global,4.0,0,0.624,33,False,0.39669421487603307,0.388,242,250,0.76,250
attack_a0.5_s0_e1b_persist_s0,gaussian_global|4|1,gaussian_global,4.0,1,0.624,33,False,0.128099173553719,0.132,242,250,0.804,250
attack_a0.5_s0_e1b_persist_s0,gaussian_global|4|2,gaussian_global,4.0,2,0.624,33,False,0.23140495867768596,0.236,242,250,0.8,250
attack_a0.5_s0_e1b_persist_s0,gaussian_layer_matched|0.5|0,gaussian_layer_matched,0.5,0,0.078,33,False,0.3305785123966942,0.328,242,250,0.864,250
attack_a0.5_s0_e1b_persist_s0,gaussian_layer_matched|0.5|1,gaussian_layer_matched,0.5,1,0.078,33,False,0.30578512396694213,0.308,242,250,0.852,250
attack_a0.5_s0_e1b_persist_s0,gaussian_layer_matched|0.5|2,gaussian_layer_matched,0.5,2,0.078,33,False,0.30578512396694213,0.308,242,250,0.848,250
attack_a0.5_s0_e1b_persist_s0,gaussian_layer_matched|1|0,gaussian_layer_matched,1.0,0,0.156,33,False,0.3347107438016529,0.332,242,250,0.84,250
attack_a0.5_s0_e1b_persist_s0,gaussian_layer_matched|1|1,gaussian_layer_matched,1.0,1,0.156,33,False,0.3181818181818182,0.32,242,250,0.852,250
attack_a0.5_s0_e1b_persist_s0,gaussian_layer_matched|1|2,gaussian_layer_matched,1.0,2,0.156,33,False,0.3347107438016529,0.34,242,250,0.844,250
attack_a0.5_s0_e1b_persist_s0,gaussian_layer_matched|2|0,gaussian_layer_matched,2.0,0,0.312,33,False,0.45454545454545453,0.448,242,250,0.824,250
attack_a0.5_s0_e1b_persist_s0,gaussian_layer_matched|2|1,gaussian_layer_matched,2.0,1,0.312,33,False,0.3140495867768595,0.316,242,250,0.828,250
attack_a0.5_s0_e1b_persist_s0,gaussian_layer_matched|2|2,gaussian_layer_matched,2.0,2,0.312,33,False,0.30165289256198347,0.304,242,250,0.82,250
attack_a0.5_s0_e1b_persist_s0,gaussian_layer_matched|4|0,gaussian_layer_matched,4.0,0,0.624,33,False,0.3925619834710744,0.384,242,250,0.428,250
attack_a0.5_s0_e1b_persist_s0,gaussian_layer_matched|4|1,gaussian_layer_matched,4.0,1,0.624,33,False,0.05371900826446281,0.052,242,250,0.728,250
attack_a0.5_s0_e1b_persist_s0,gaussian_layer_matched|4|2,gaussian_layer_matched,4.0,2,0.624,33,False,0.13636363636363635,0.132,242,250,0.636,250
attack_a0.5_s0_e1b_persist_s0,shuffled|0.5|0,shuffled,0.5,0,0.078,33,False,0.256198347107438,0.26,242,250,0.828,250
attack_a0.5_s0_e1b_persist_s0,shuffled|0.5|1,shuffled,0.5,1,0.078,33,False,0.22727272727272727,0.236,242,250,0.832,250
attack_a0.5_s0_e1b_persist_s0,shuffled|0.5|2,shuffled,0.5,2,0.078,33,False,0.26859504132231404,0.272,242,250,0.808,250
attack_a0.5_s0_e1b_persist_s0,shuffled|1|0,shuffled,1.0,0,0.156,33,False,0.16942148760330578,0.168,242,250,0.764,250
attack_a0.5_s0_e1b_persist_s0,shuffled|1|1,shuffled,1.0,1,0.156,33,False,0.16942148760330578,0.172,242,250,0.772,250
attack_a0.5_s0_e1b_persist_s0,shuffled|1|2,shuffled,1.0,2,0.156,33,False,0.2231404958677686,0.224,242,250,0.708,250
attack_a0.5_s0_e1b_persist_s0,shuffled|2|0,shuffled,2.0,0,0.312,33,False,0.05785123966942149,0.06,242,250,0.488,250
attack_a0.5_s0_e1b_persist_s0,shuffled|2|1,shuffled,2.0,1,0.312,33,False,0.09090909090909091,0.092,242,250,0.568,250
attack_a0.5_s0_e1b_persist_s0,shuffled|2|2,shuffled,2.0,2,0.312,33,False,0.11570247933884298,0.116,242,250,0.468,250
attack_a0.5_s0_e1b_persist_s0,shuffled|4|0,shuffled,4.0,0,0.624,33,False,0.0,0.0,242,250,0.088,250
attack_a0.5_s0_e1b_persist_s0,shuffled|4|1,shuffled,4.0,1,0.624,33,False,0.0,0.0,242,250,0.104,250
attack_a0.5_s0_e1b_persist_s0,shuffled|4|2,shuffled,4.0,2,0.624,33,False,0.024793388429752067,0.024,242,250,0.088,250
attack_a0.5_s0_e1b_persist_s0,sign_flipped|0.5|0,sign_flipped,0.5,0,0.078,33,False,0.32231404958677684,0.32,242,250,0.852,250
attack_a0.5_s0_e1b_persist_s0,sign_flipped|0.5|1,sign_flipped,0.5,1,0.078,33,False,0.30165289256198347,0.304,242,250,0.844,250
attack_a0.5_s0_e1b_persist_s0,sign_flipped|0.5|2,sign_flipped,0.5,2,0.078,33,False,0.2809917355371901,0.284,242,250,0.836,250
attack_a0.5_s0_e1b_persist_s0,sign_flipped|1|0,sign_flipped,1.0,0,0.156,33,False,0.2768595041322314,0.276,242,250,0.852,250
attack_a0.5_s0_e1b_persist_s0,sign_flipped|1|1,sign_flipped,1.0,1,0.156,33,False,0.26859504132231404,0.272,242,250,0.84,250
attack_a0.5_s0_e1b_persist_s0,sign_flipped|1|2,sign_flipped,1.0,2,0.156,33,False,0.256198347107438,0.256,242,250,0.828,250
attack_a0.5_s0_e1b_persist_s0,sign_flipped|2|0,sign_flipped,2.0,0,0.312,33,False,0.2892561983471074,0.284,242,250,0.812,250
attack_a0.5_s0_e1b_persist_s0,sign_flipped|2|1,sign_flipped,2.0,1,0.312,33,False,0.23140495867768596,0.228,242,250,0.804,250
attack_a0.5_s0_e1b_persist_s0,sign_flipped|2|2,sign_flipped,2.0,2,0.312,33,False,0.2024793388429752,0.204,242,250,0.84,250
attack_a0.5_s0_e1b_persist_s0,sign_flipped|4|0,sign_flipped,4.0,0,0.624,33,False,0.04132231404958678,0.04,242,250,0.636,250
attack_a0.5_s0_e1b_persist_s0,sign_flipped|4|1,sign_flipped,4.0,1,0.624,33,False,0.17355371900826447,0.168,242,250,0.492,250
attack_a0.5_s0_e1b_persist_s0,sign_flipped|4|2,sign_flipped,4.0,2,0.624,33,False,0.028925619834710745,0.028,242,250,0.632,250
attack_a0.5_s0_e1b_persist_s0,real|0.5|0,real,0.5,0,0.078,33,False,0.049586776859504134,0.052,242,250,0.824,250
attack_a0.5_s0_e1b_persist_s0,real|1|0,real,1.0,0,0.156,33,False,0.008264462809917356,0.008,242,250,0.736,250
attack_a0.5_s0_e1b_persist_s0,real|2|0,real,2.0,0,0.312,33,False,0.0,0.0,242,250,0.504,250
attack_a0.5_s0_e1b_persist_s0,real|4|0,real,4.0,0,0.624,33,False,0.0,0.0,242,250,0.352,250
attack_a0.5_s0_e1b_persist_s0,zero|0|0,zero,0.0,0,0.0,34,False,0.3317757009345794,0.396,214,250,0.884,250
attack_a0.5_s0_e1b_persist_s0,gaussian_global|0.5|0,gaussian_global,0.5,0,0.078,34,False,0.37383177570093457,0.428,214,250,0.888,250
attack_a0.5_s0_e1b_persist_s0,gaussian_global|0.5|1,gaussian_global,0.5,1,0.078,34,False,0.35514018691588783,0.416,214,250,0.892,250
attack_a0.5_s0_e1b_persist_s0,gaussian_global|0.5|2,gaussian_global,0.5,2,0.078,34,False,0.3317757009345794,0.392,214,250,0.884,250
attack_a0.5_s0_e1b_persist_s0,gaussian_global|1|0,gaussian_global,1.0,0,0.156,34,False,0.3878504672897196,0.448,214,250,0.884,250
attack_a0.5_s0_e1b_persist_s0,gaussian_global|1|1,gaussian_global,1.0,1,0.156,34,False,0.34579439252336447,0.412,214,250,0.904,250
attack_a0.5_s0_e1b_persist_s0,gaussian_global|1|2,gaussian_global,1.0,2,0.156,34,False,0.3411214953271028,0.4,214,250,0.892,250
attack_a0.5_s0_e1b_persist_s0,gaussian_global|2|0,gaussian_global,2.0,0,0.312,34,False,0.42990654205607476,0.484,214,250,0.884,250
attack_a0.5_s0_e1b_persist_s0,gaussian_global|2|1,gaussian_global,2.0,1,0.312,34,False,0.32242990654205606,0.392,214,250,0.884,250
attack_a0.5_s0_e1b_persist_s0,gaussian_global|2|2,gaussian_global,2.0,2,0.312,34,False,0.35046728971962615,0.416,214,250,0.888,250
attack_a0.5_s0_e1b_persist_s0,gaussian_global|4|0,gaussian_global,4.0,0,0.624,34,False,0.514018691588785,0.552,214,250,0.84,250
attack_a0.5_s0_e1b_persist_s0,gaussian_global|4|1,gaussian_global,4.0,1,0.624,34,False,0.21962616822429906,0.26,214,250,0.772,250
attack_a0.5_s0_e1b_persist_s0,gaussian_global|4|2,gaussian_global,4.0,2,0.624,34,False,0.32242990654205606,0.384,214,250,0.824,250
attack_a0.5_s0_e1b_persist_s0,gaussian_layer_matched|0.5|0,gaussian_layer_matched,0.5,0,0.078,34,False,0.3598130841121495,0.416,214,250,0.892,250
attack_a0.5_s0_e1b_persist_s0,gaussian_layer_matched|0.5|1,gaussian_layer_matched,0.5,1,0.078,34,False,0.35046728971962615,0.42,214,250,0.904,250
attack_a0.5_s0_e1b_persist_s0,gaussian_layer_matched|0.5|2,gaussian_layer_matched,0.5,2,0.078,34,False,0.3691588785046729,0.428,214,250,0.884,250
attack_a0.5_s0_e1b_persist_s0,gaussian_layer_matched|1|0,gaussian_layer_matched,1.0,0,0.156,34,False,0.3691588785046729,0.436,214,250,0.876,250
attack_a0.5_s0_e1b_persist_s0,gaussian_layer_matched|1|1,gaussian_layer_matched,1.0,1,0.156,34,False,0.34579439252336447,0.408,214,250,0.9,250
attack_a0.5_s0_e1b_persist_s0,gaussian_layer_matched|1|2,gaussian_layer_matched,1.0,2,0.156,34,False,0.35514018691588783,0.42,214,250,0.892,250
attack_a0.5_s0_e1b_persist_s0,gaussian_layer_matched|2|0,gaussian_layer_matched,2.0,0,0.312,34,False,0.4392523364485981,0.496,214,250,0.856,250
attack_a0.5_s0_e1b_persist_s0,gaussian_layer_matched|2|1,gaussian_layer_matched,2.0,1,0.312,34,False,0.34579439252336447,0.412,214,250,0.872,250
attack_a0.5_s0_e1b_persist_s0,gaussian_layer_matched|2|2,gaussian_layer_matched,2.0,2,0.312,34,False,0.3878504672897196,0.44,214,250,0.84,250
attack_a0.5_s0_e1b_persist_s0,gaussian_layer_matched|4|0,gaussian_layer_matched,4.0,0,0.624,34,False,0.602803738317757,0.568,214,250,0.5,250
attack_a0.5_s0_e1b_persist_s0,gaussian_layer_matched|4|1,gaussian_layer_matched,4.0,1,0.624,34,False,0.16355140186915887,0.188,214,250,0.712,250
attack_a0.5_s0_e1b_persist_s0,gaussian_layer_matched|4|2,gaussian_layer_matched,4.0,2,0.624,34,False,0.2570093457943925,0.272,214,250,0.56,250
attack_a0.5_s0_e1b_persist_s0,shuffled|0.5|0,shuffled,0.5,0,0.078,34,False,0.3037383177570093,0.372,214,250,0.868,250
attack_a0.5_s0_e1b_persist_s0,shuffled|0.5|1,shuffled,0.5,1,0.078,34,False,0.2850467289719626,0.36,214,250,0.876,250
attack_a0.5_s0_e1b_persist_s0,shuffled|0.5|2,shuffled,0.5,2,0.078,34,False,0.29439252336448596,0.368,214,250,0.872,250
attack_a0.5_s0_e1b_persist_s0,shuffled|1|0,shuffled,1.0,0,0.156,34,False,0.205607476635514,0.264,214,250,0.832,250
attack_a0.5_s0_e1b_persist_s0,shuffled|1|1,shuffled,1.0,1,0.156,34,False,0.20093457943925233,0.256,214,250,0.856,250
attack_a0.5_s0_e1b_persist_s0,shuffled|1|2,shuffled,1.0,2,0.156,34,False,0.21495327102803738,0.28,214,250,0.844,250
attack_a0.5_s0_e1b_persist_s0,shuffled|2|0,shuffled,2.0,0,0.312,34,False,0.07476635514018691,0.112,214,250,0.632,250
attack_a0.5_s0_e1b_persist_s0,shuffled|2|1,shuffled,2.0,1,0.312,34,False,0.08411214953271028,0.112,214,250,0.716,250
attack_a0.5_s0_e1b_persist_s0,shuffled|2|2,shuffled,2.0,2,0.312,34,False,0.11682242990654206,0.144,214,250,0.684,250
attack_a0.5_s0_e1b_persist_s0,shuffled|4|0,shuffled,4.0,0,0.624,34,False,0.0,0.0,214,250,0.452,250
attack_a0.5_s0_e1b_persist_s0,shuffled|4|1,shuffled,4.0,1,0.624,34,False,0.004672897196261682,0.008,214,250,0.492,250
attack_a0.5_s0_e1b_persist_s0,shuffled|4|2,shuffled,4.0,2,0.624,34,False,0.009345794392523364,0.008,214,250,0.456,250
attack_a0.5_s0_e1b_persist_s0,sign_flipped|0.5|0,sign_flipped,0.5,0,0.078,34,False,0.38317757009345793,0.444,214,250,0.892,250
attack_a0.5_s0_e1b_persist_s0,sign_flipped|0.5|1,sign_flipped,0.5,1,0.078,34,False,0.3598130841121495,0.416,214,250,0.88,250
attack_a0.5_s0_e1b_persist_s0,sign_flipped|0.5|2,sign_flipped,0.5,2,0.078,34,False,0.3317757009345794,0.396,214,250,0.888,250
attack_a0.5_s0_e1b_persist_s0,sign_flipped|1|0,sign_flipped,1.0,0,0.156,34,False,0.4205607476635514,0.48,214,250,0.896,250
attack_a0.5_s0_e1b_persist_s0,sign_flipped|1|1,sign_flipped,1.0,1,0.156,34,False,0.34579439252336447,0.4,214,250,0.872,250
attack_a0.5_s0_e1b_persist_s0,sign_flipped|1|2,sign_flipped,1.0,2,0.156,34,False,0.3130841121495327,0.38,214,250,0.892,250
attack_a0.5_s0_e1b_persist_s0,sign_flipped|2|0,sign_flipped,2.0,0,0.312,34,False,0.48130841121495327,0.524,214,250,0.88,250
attack_a0.5_s0_e1b_persist_s0,sign_flipped|2|1,sign_flipped,2.0,1,0.312,34,False,0.32242990654205606,0.372,214,250,0.868,250
attack_a0.5_s0_e1b_persist_s0,sign_flipped|2|2,sign_flipped,2.0,2,0.312,34,False,0.2850467289719626,0.348,214,250,0.864,250
attack_a0.5_s0_e1b_persist_s0,sign_flipped|4|0,sign_flipped,4.0,0,0.624,34,False,0.3317757009345794,0.336,214,250,0.572,250
attack_a0.5_s0_e1b_persist_s0,sign_flipped|4|1,sign_flipped,4.0,1,0.624,34,False,0.32242990654205606,0.336,214,250,0.652,250
attack_a0.5_s0_e1b_persist_s0,sign_flipped|4|2,sign_flipped,4.0,2,0.624,34,False,0.0794392523364486,0.076,214,250,0.356,250
attack_a0.5_s0_e1b_persist_s0,real|0.5|0,real,0.5,0,0.078,34,False,0.07009345794392523,0.1,214,250,0.86,250
attack_a0.5_s0_e1b_persist_s0,real|1|0,real,1.0,0,0.156,34,False,0.0,0.004,214,250,0.712,250
attack_a0.5_s0_e1b_persist_s0,real|2|0,real,2.0,0,0.312,34,False,0.0,0.0,214,250,0.456,250
attack_a0.5_s0_e1b_persist_s0,real|4|0,real,4.0,0,0.624,34,False,0.0,0.0,214,250,0.028,250
attack_a0.5_s0_e1b_persist_s0,zero|0|0,zero,0.0,0,0.0,35,False,0.47317073170731705,0.528,205,250,0.804,250
attack_a0.5_s0_e1b_persist_s0,gaussian_global|0.5|0,gaussian_global,0.5,0,0.078,35,False,0.4926829268292683,0.544,205,250,0.808,250
attack_a0.5_s0_e1b_persist_s0,gaussian_global|0.5|1,gaussian_global,0.5,1,0.078,35,False,0.43902439024390244,0.476,205,250,0.804,250
attack_a0.5_s0_e1b_persist_s0,gaussian_global|0.5|2,gaussian_global,0.5,2,0.078,35,False,0.4585365853658537,0.516,205,250,0.8,250
attack_a0.5_s0_e1b_persist_s0,gaussian_global|1|0,gaussian_global,1.0,0,0.156,35,False,0.5024390243902439,0.556,205,250,0.82,250
attack_a0.5_s0_e1b_persist_s0,gaussian_global|1|1,gaussian_global,1.0,1,0.156,35,False,0.4146341463414634,0.46,205,250,0.796,250
attack_a0.5_s0_e1b_persist_s0,gaussian_global|1|2,gaussian_global,1.0,2,0.156,35,False,0.4634146341463415,0.504,205,250,0.8,250
attack_a0.5_s0_e1b_persist_s0,gaussian_global|2|0,gaussian_global,2.0,0,0.312,35,False,0.5317073170731708,0.584,205,250,0.804,250
attack_a0.5_s0_e1b_persist_s0,gaussian_global|2|1,gaussian_global,2.0,1,0.312,35,False,0.40487804878048783,0.46,205,250,0.808,250
attack_a0.5_s0_e1b_persist_s0,gaussian_global|2|2,gaussian_global,2.0,2,0.312,35,False,0.47317073170731705,0.516,205,250,0.78,250
attack_a0.5_s0_e1b_persist_s0,gaussian_global|4|0,gaussian_global,4.0,0,0.624,35,False,0.551219512195122,0.604,205,250,0.628,250
attack_a0.5_s0_e1b_persist_s0,gaussian_global|4|1,gaussian_global,4.0,1,0.624,35,False,0.2146341463414634,0.284,205,250,0.76,250
attack_a0.5_s0_e1b_persist_s0,gaussian_global|4|2,gaussian_global,4.0,2,0.624,35,False,0.3853658536585366,0.44,205,250,0.672,250
attack_a0.5_s0_e1b_persist_s0,gaussian_layer_matched|0.5|0,gaussian_layer_matched,0.5,0,0.078,35,False,0.5073170731707317,0.548,205,250,0.812,250
attack_a0.5_s0_e1b_persist_s0,gaussian_layer_matched|0.5|1,gaussian_layer_matched,0.5,1,0.078,35,False,0.47317073170731705,0.512,205,250,0.812,250
attack_a0.5_s0_e1b_persist_s0,gaussian_layer_matched|0.5|2,gaussian_layer_matched,0.5,2,0.078,35,False,0.4585365853658537,0.504,205,250,0.8,250
attack_a0.5_s0_e1b_persist_s0,gaussian_layer_matched|1|0,gaussian_layer_matched,1.0,0,0.156,35,False,0.5365853658536586,0.576,205,250,0.808,250
attack_a0.5_s0_e1b_persist_s0,gaussian_layer_matched|1|1,gaussian_layer_matched,1.0,1,0.156,35,False,0.4878048780487805,0.524,205,250,0.808,250
attack_a0.5_s0_e1b_persist_s0,gaussian_layer_matched|1|2,gaussian_layer_matched,1.0,2,0.156,35,False,0.4634146341463415,0.508,205,250,0.788,250
attack_a0.5_s0_e1b_persist_s0,gaussian_layer_matched|2|0,gaussian_layer_matched,2.0,0,0.312,35,False,0.5853658536585366,0.628,205,250,0.704,250
attack_a0.5_s0_e1b_persist_s0,gaussian_layer_matched|2|1,gaussian_layer_matched,2.0,1,0.312,35,False,0.4878048780487805,0.528,205,250,0.772,250
attack_a0.5_s0_e1b_persist_s0,gaussian_layer_matched|2|2,gaussian_layer_matched,2.0,2,0.312,35,False,0.44390243902439025,0.488,205,250,0.728,250
attack_a0.5_s0_e1b_persist_s0,gaussian_layer_matched|4|0,gaussian_layer_matched,4.0,0,0.624,35,False,0.5951219512195122,0.576,205,250,0.444,250
attack_a0.5_s0_e1b_persist_s0,gaussian_layer_matched|4|1,gaussian_layer_matched,4.0,1,0.624,35,False,0.25853658536585367,0.268,205,250,0.652,250
attack_a0.5_s0_e1b_persist_s0,gaussian_layer_matched|4|2,gaussian_layer_matched,4.0,2,0.624,35,False,0.3024390243902439,0.348,205,250,0.512,250
attack_a0.5_s0_e1b_persist_s0,shuffled|0.5|0,shuffled,0.5,0,0.078,35,False,0.375609756097561,0.428,205,250,0.784,250
attack_a0.5_s0_e1b_persist_s0,shuffled|0.5|1,shuffled,0.5,1,0.078,35,False,0.35609756097560974,0.408,205,250,0.804,250
attack_a0.5_s0_e1b_persist_s0,shuffled|0.5|2,shuffled,0.5,2,0.078,35,False,0.3804878048780488,0.436,205,250,0.812,250
attack_a0.5_s0_e1b_persist_s0,shuffled|1|0,shuffled,1.0,0,0.156,35,False,0.2097560975609756,0.272,205,250,0.752,250
attack_a0.5_s0_e1b_persist_s0,shuffled|1|1,shuffled,1.0,1,0.156,35,False,0.2146341463414634,0.276,205,250,0.78,250
attack_a0.5_s0_e1b_persist_s0,shuffled|1|2,shuffled,1.0,2,0.156,35,False,0.23414634146341465,0.3,205,250,0.776,250
attack_a0.5_s0_e1b_persist_s0,shuffled|2|0,shuffled,2.0,0,0.312,35,False,0.04878048780487805,0.092,205,250,0.544,250
attack_a0.5_s0_e1b_persist_s0,shuffled|2|1,shuffled,2.0,1,0.312,35,False,0.06341463414634146,0.104,205,250,0.664,250
attack_a0.5_s0_e1b_persist_s0,shuffled|2|2,shuffled,2.0,2,0.312,35,False,0.05853658536585366,0.1,205,250,0.66,250
attack_a0.5_s0_e1b_persist_s0,shuffled|4|0,shuffled,4.0,0,0.624,35,False,0.0,0.0,205,250,0.3,250
attack_a0.5_s0_e1b_persist_s0,shuffled|4|1,shuffled,4.0,1,0.624,35,False,0.004878048780487805,0.004,205,250,0.36,250
attack_a0.5_s0_e1b_persist_s0,shuffled|4|2,shuffled,4.0,2,0.624,35,False,0.004878048780487805,0.008,205,250,0.352,250
attack_a0.5_s0_e1b_persist_s0,sign_flipped|0.5|0,sign_flipped,0.5,0,0.078,35,False,0.4585365853658537,0.492,205,250,0.796,250
attack_a0.5_s0_e1b_persist_s0,sign_flipped|0.5|1,sign_flipped,0.5,1,0.078,35,False,0.4585365853658537,0.504,205,250,0.812,250
attack_a0.5_s0_e1b_persist_s0,sign_flipped|0.5|2,sign_flipped,0.5,2,0.078,35,False,0.44878048780487806,0.492,205,250,0.776,250
attack_a0.5_s0_e1b_persist_s0,sign_flipped|1|0,sign_flipped,1.0,0,0.156,35,False,0.4975609756097561,0.548,205,250,0.78,250
attack_a0.5_s0_e1b_persist_s0,sign_flipped|1|1,sign_flipped,1.0,1,0.156,35,False,0.4146341463414634,0.468,205,250,0.796,250
attack_a0.5_s0_e1b_persist_s0,sign_flipped|1|2,sign_flipped,1.0,2,0.156,35,False,0.4195121951219512,0.476,205,250,0.76,250
attack_a0.5_s0_e1b_persist_s0,sign_flipped|2|0,sign_flipped,2.0,0,0.312,35,False,0.5414634146341464,0.592,205,250,0.716,250
attack_a0.5_s0_e1b_persist_s0,sign_flipped|2|1,sign_flipped,2.0,1,0.312,35,False,0.3902439024390244,0.436,205,250,0.764,250
attack_a0.5_s0_e1b_persist_s0,sign_flipped|2|2,sign_flipped,2.0,2,0.312,35,False,0.3853658536585366,0.428,205,250,0.712,250
attack_a0.5_s0_e1b_persist_s0,sign_flipped|4|0,sign_flipped,4.0,0,0.624,35,False,0.24878048780487805,0.24,205,250,0.24,250
attack_a0.5_s0_e1b_persist_s0,sign_flipped|4|1,sign_flipped,4.0,1,0.624,35,False,0.36097560975609755,0.388,205,250,0.5,250
attack_a0.5_s0_e1b_persist_s0,sign_flipped|4|2,sign_flipped,4.0,2,0.624,35,False,0.13658536585365855,0.124,205,250,0.268,250
attack_a0.5_s0_e1b_persist_s0,real|0.5|0,real,0.5,0,0.078,35,False,0.05365853658536585,0.084,205,250,0.692,250
attack_a0.5_s0_e1b_persist_s0,real|1|0,real,1.0,0,0.156,35,False,0.0,0.0,205,250,0.516,250
attack_a0.5_s0_e1b_persist_s0,real|2|0,real,2.0,0,0.312,35,False,0.0,0.0,205,250,0.22,250
attack_a0.5_s0_e1b_persist_s0,real|4|0,real,4.0,0,0.624,35,False,0.0,0.0,205,250,0.088,250
attack_a0.5_s0_e1b_persist_s0,zero|0|0,zero,0.0,0,0.0,36,False,0.3481781376518219,0.356,247,250,0.788,250
attack_a0.5_s0_e1b_persist_s0,gaussian_global|0.5|0,gaussian_global,0.5,0,0.078,36,False,0.3522267206477733,0.36,247,250,0.788,250
attack_a0.5_s0_e1b_persist_s0,gaussian_global|0.5|1,gaussian_global,0.5,1,0.078,36,False,0.3684210526315789,0.376,247,250,0.788,250
attack_a0.5_s0_e1b_persist_s0,gaussian_global|0.5|2,gaussian_global,0.5,2,0.078,36,False,0.3360323886639676,0.344,247,250,0.788,250
attack_a0.5_s0_e1b_persist_s0,gaussian_global|1|0,gaussian_global,1.0,0,0.156,36,False,0.3765182186234818,0.384,247,250,0.784,250
attack_a0.5_s0_e1b_persist_s0,gaussian_global|1|1,gaussian_global,1.0,1,0.156,36,False,0.3522267206477733,0.36,247,250,0.796,250
attack_a0.5_s0_e1b_persist_s0,gaussian_global|1|2,gaussian_global,1.0,2,0.156,36,False,0.32388663967611336,0.332,247,250,0.792,250
attack_a0.5_s0_e1b_persist_s0,gaussian_global|2|0,gaussian_global,2.0,0,0.312,36,False,0.3967611336032389,0.404,247,250,0.756,250
attack_a0.5_s0_e1b_persist_s0,gaussian_global|2|1,gaussian_global,2.0,1,0.312,36,False,0.3481781376518219,0.356,247,250,0.796,250
attack_a0.5_s0_e1b_persist_s0,gaussian_global|2|2,gaussian_global,2.0,2,0.312,36,False,0.32793522267206476,0.336,247,250,0.796,250
attack_a0.5_s0_e1b_persist_s0,gaussian_global|4|0,gaussian_global,4.0,0,0.624,36,False,0.39271255060728744,0.4,247,250,0.724,250
attack_a0.5_s0_e1b_persist_s0,gaussian_global|4|1,gaussian_global,4.0,1,0.624,36,False,0.20647773279352227,0.212,247,250,0.736,250
attack_a0.5_s0_e1b_persist_s0,gaussian_global|4|2,gaussian_global,4.0,2,0.624,36,False,0.22267206477732793,0.228,247,250,0.736,250
attack_a0.5_s0_e1b_persist_s0,gaussian_layer_matched|0.5|0,gaussian_layer_matched,0.5,0,0.078,36,False,0.3724696356275304,0.38,247,250,0.788,250
attack_a0.5_s0_e1b_persist_s0,gaussian_layer_matched|0.5|1,gaussian_layer_matched,0.5,1,0.078,36,False,0.38461538461538464,0.392,247,250,0.796,250
attack_a0.5_s0_e1b_persist_s0,gaussian_layer_matched|0.5|2,gaussian_layer_matched,0.5,2,0.078,36,False,0.3441295546558704,0.352,247,250,0.792,250
attack_a0.5_s0_e1b_persist_s0,gaussian_layer_matched|1|0,gaussian_layer_matched,1.0,0,0.156,36,False,0.41295546558704455,0.42,247,250,0.776,250
attack_a0.5_s0_e1b_persist_s0,gaussian_layer_matched|1|1,gaussian_layer_matched,1.0,1,0.156,36,False,0.41295546558704455,0.42,247,250,0.792,250
attack_a0.5_s0_e1b_persist_s0,gaussian_layer_matched|1|2,gaussian_layer_matched,1.0,2,0.156,36,False,0.3562753036437247,0.364,247,250,0.788,250
attack_a0.5_s0_e1b_persist_s0,gaussian_layer_matched|2|0,gaussian_layer_matched,2.0,0,0.312,36,False,0.4089068825910931,0.412,247,250,0.716,250
attack_a0.5_s0_e1b_persist_s0,gaussian_layer_matched|2|1,gaussian_layer_matched,2.0,1,0.312,36,False,0.4251012145748988,0.432,247,250,0.764,250
attack_a0.5_s0_e1b_persist_s0,gaussian_layer_matched|2|2,gaussian_layer_matched,2.0,2,0.312,36,False,0.3441295546558704,0.352,247,250,0.756,250
attack_a0.5_s0_e1b_persist_s0,gaussian_layer_matched|4|0,gaussian_layer_matched,4.0,0,0.624,36,False,0.30364372469635625,0.304,247,250,0.556,250
attack_a0.5_s0_e1b_persist_s0,gaussian_layer_matched|4|1,gaussian_layer_matched,4.0,1,0.624,36,False,0.13360323886639677,0.14,247,250,0.58,250
attack_a0.5_s0_e1b_persist_s0,gaussian_layer_matched|4|2,gaussian_layer_matched,4.0,2,0.624,36,False,0.19433198380566802,0.2,247,250,0.548,250
attack_a0.5_s0_e1b_persist_s0,shuffled|0.5|0,shuffled,0.5,0,0.078,36,False,0.3522267206477733,0.356,247,250,0.804,250
attack_a0.5_s0_e1b_persist_s0,shuffled|0.5|1,shuffled,0.5,1,0.078,36,False,0.32793522267206476,0.332,247,250,0.8,250
attack_a0.5_s0_e1b_persist_s0,shuffled|0.5|2,shuffled,0.5,2,0.078,36,False,0.3441295546558704,0.348,247,250,0.784,250
attack_a0.5_s0_e1b_persist_s0,shuffled|1|0,shuffled,1.0,0,0.156,36,False,0.2591093117408907,0.264,247,250,0.744,250
attack_a0.5_s0_e1b_persist_s0,shuffled|1|1,shuffled,1.0,1,0.156,36,False,0.21052631578947367,0.216,247,250,0.744,250
attack_a0.5_s0_e1b_persist_s0,shuffled|1|2,shuffled,1.0,2,0.156,36,False,0.2550607287449393,0.26,247,250,0.744,250
attack_a0.5_s0_e1b_persist_s0,shuffled|2|0,shuffled,2.0,0,0.312,36,False,0.06072874493927125,0.068,247,250,0.416,250
attack_a0.5_s0_e1b_persist_s0,shuffled|2|1,shuffled,2.0,1,0.312,36,False,0.09716599190283401,0.1,247,250,0.588,250
attack_a0.5_s0_e1b_persist_s0,shuffled|2|2,shuffled,2.0,2,0.312,36,False,0.08502024291497975,0.084,247,250,0.496,250
attack_a0.5_s0_e1b_persist_s0,shuffled|4|0,shuffled,4.0,0,0.624,36,False,0.0,0.0,247,250,0.096,250
attack_a0.5_s0_e1b_persist_s0,shuffled|4|1,shuffled,4.0,1,0.624,36,False,0.004048582995951417,0.004,247,250,0.16,250
attack_a0.5_s0_e1b_persist_s0,shuffled|4|2,shuffled,4.0,2,0.624,36,False,0.012145748987854251,0.012,247,250,0.108,250
attack_a0.5_s0_e1b_persist_s0,sign_flipped|0.5|0,sign_flipped,0.5,0,0.078,36,False,0.3765182186234818,0.384,247,250,0.784,250
attack_a0.5_s0_e1b_persist_s0,sign_flipped|0.5|1,sign_flipped,0.5,1,0.078,36,False,0.3157894736842105,0.324,247,250,0.792,250
attack_a0.5_s0_e1b_persist_s0,sign_flipped|0.5|2,sign_flipped,0.5,2,0.078,36,False,0.3441295546558704,0.352,247,250,0.796,250
attack_a0.5_s0_e1b_persist_s0,sign_flipped|1|0,sign_flipped,1.0,0,0.156,36,False,0.46963562753036436,0.476,247,250,0.792,250
attack_a0.5_s0_e1b_persist_s0,sign_flipped|1|1,sign_flipped,1.0,1,0.156,36,False,0.2793522267206478,0.288,247,250,0.784,250
attack_a0.5_s0_e1b_persist_s0,sign_flipped|1|2,sign_flipped,1.0,2,0.156,36,False,0.340080971659919,0.344,247,250,0.788,250
attack_a0.5_s0_e1b_persist_s0,sign_flipped|2|0,sign_flipped,2.0,0,0.312,36,False,0.5060728744939271,0.512,247,250,0.736,250
attack_a0.5_s0_e1b_persist_s0,sign_flipped|2|1,sign_flipped,2.0,1,0.312,36,False,0.27530364372469635,0.284,247,250,0.724,250
attack_a0.5_s0_e1b_persist_s0,sign_flipped|2|2,sign_flipped,2.0,2,0.312,36,False,0.2874493927125506,0.292,247,250,0.768,250
attack_a0.5_s0_e1b_persist_s0,sign_flipped|4|0,sign_flipped,4.0,0,0.624,36,False,0.2631578947368421,0.264,247,250,0.356,250
attack_a0.5_s0_e1b_persist_s0,sign_flipped|4|1,sign_flipped,4.0,1,0.624,36,False,0.19838056680161945,0.2,247,250,0.576,250
attack_a0.5_s0_e1b_persist_s0,sign_flipped|4|2,sign_flipped,4.0,2,0.624,36,False,0.08502024291497975,0.088,247,250,0.476,250
attack_a0.5_s0_e1b_persist_s0,real|0.5|0,real,0.5,0,0.078,36,False,0.044534412955465584,0.048,247,250,0.764,250
attack_a0.5_s0_e1b_persist_s0,real|1|0,real,1.0,0,0.156,36,False,0.008097165991902834,0.008,247,250,0.664,250
attack_a0.5_s0_e1b_persist_s0,real|2|0,real,2.0,0,0.312,36,False,0.0,0.0,247,250,0.328,250
attack_a0.5_s0_e1b_persist_s0,real|4|0,real,4.0,0,0.624,36,False,0.0,0.0,247,250,0.12,250
attack_a0.5_s0_e1b_persist_s0,zero|0|0,zero,0.0,0,0.0,37,False,0.48792270531400966,0.556,207,250,0.868,250
attack_a0.5_s0_e1b_persist_s0,gaussian_global|0.5|0,gaussian_global,0.5,0,0.078,37,False,0.48792270531400966,0.56,207,250,0.864,250
attack_a0.5_s0_e1b_persist_s0,gaussian_global|0.5|1,gaussian_global,0.5,1,0.078,37,False,0.4927536231884058,0.568,207,250,0.868,250
attack_a0.5_s0_e1b_persist_s0,gaussian_global|0.5|2,gaussian_global,0.5,2,0.078,37,False,0.4782608695652174,0.54,207,250,0.868,250
attack_a0.5_s0_e1b_persist_s0,gaussian_global|1|0,gaussian_global,1.0,0,0.156,37,False,0.4830917874396135,0.556,207,250,0.864,250
attack_a0.5_s0_e1b_persist_s0,gaussian_global|1|1,gaussian_global,1.0,1,0.156,37,False,0.45893719806763283,0.528,207,250,0.864,250
attack_a0.5_s0_e1b_persist_s0,gaussian_global|1|2,gaussian_global,1.0,2,0.156,37,False,0.47342995169082125,0.544,207,250,0.872,250
attack_a0.5_s0_e1b_persist_s0,gaussian_global|2|0,gaussian_global,2.0,0,0.312,37,False,0.5217391304347826,0.584,207,250,0.84,250
attack_a0.5_s0_e1b_persist_s0,gaussian_global|2|1,gaussian_global,2.0,1,0.312,37,False,0.42995169082125606,0.508,207,250,0.852,250
attack_a0.5_s0_e1b_persist_s0,gaussian_global|2|2,gaussian_global,2.0,2,0.312,37,False,0.47342995169082125,0.536,207,250,0.876,250
attack_a0.5_s0_e1b_persist_s0,gaussian_global|4|0,gaussian_global,4.0,0,0.624,37,False,0.5507246376811594,0.604,207,250,0.724,250
attack_a0.5_s0_e1b_persist_s0,gaussian_global|4|1,gaussian_global,4.0,1,0.624,37,False,0.28019323671497587,0.364,207,250,0.712,250
attack_a0.5_s0_e1b_persist_s0,gaussian_global|4|2,gaussian_global,4.0,2,0.624,37,False,0.4057971014492754,0.468,207,250,0.792,250
attack_a0.5_s0_e1b_persist_s0,gaussian_layer_matched|0.5|0,gaussian_layer_matched,0.5,0,0.078,37,False,0.463768115942029,0.54,207,250,0.856,250
attack_a0.5_s0_e1b_persist_s0,gaussian_layer_matched|0.5|1,gaussian_layer_matched,0.5,1,0.078,37,False,0.5072463768115942,0.576,207,250,0.86,250
attack_a0.5_s0_e1b_persist_s0,gaussian_layer_matched|0.5|2,gaussian_layer_matched,0.5,2,0.078,37,False,0.4830917874396135,0.556,207,250,0.864,250
attack_a0.5_s0_e1b_persist_s0,gaussian_layer_matched|1|0,gaussian_layer_matched,1.0,0,0.156,37,False,0.5072463768115942,0.576,207,250,0.86,250
attack_a0.5_s0_e1b_persist_s0,gaussian_layer_matched|1|1,gaussian_layer_matched,1.0,1,0.156,37,False,0.5072463768115942,0.572,207,250,0.868,250
attack_a0.5_s0_e1b_persist_s0,gaussian_layer_matched|1|2,gaussian_layer_matched,1.0,2,0.156,37,False,0.4927536231884058,0.568,207,250,0.86,250
attack_a0.5_s0_e1b_persist_s0,gaussian_layer_matched|2|0,gaussian_layer_matched,2.0,0,0.312,37,False,0.5700483091787439,0.62,207,250,0.788,250
attack_a0.5_s0_e1b_persist_s0,gaussian_layer_matched|2|1,gaussian_layer_matched,2.0,1,0.312,37,False,0.47342995169082125,0.548,207,250,0.8,250
attack_a0.5_s0_e1b_persist_s0,gaussian_layer_matched|2|2,gaussian_layer_matched,2.0,2,0.312,37,False,0.4927536231884058,0.552,207,250,0.816,250
attack_a0.5_s0_e1b_persist_s0,gaussian_layer_matched|4|0,gaussian_layer_matched,4.0,0,0.624,37,False,0.642512077294686,0.62,207,250,0.48,250
attack_a0.5_s0_e1b_persist_s0,gaussian_layer_matched|4|1,gaussian_layer_matched,4.0,1,0.624,37,False,0.28019323671497587,0.304,207,250,0.62,250
attack_a0.5_s0_e1b_persist_s0,gaussian_layer_matched|4|2,gaussian_layer_matched,4.0,2,0.624,37,False,0.4057971014492754,0.432,207,250,0.576,250
attack_a0.5_s0_e1b_persist_s0,shuffled|0.5|0,shuffled,0.5,0,0.078,37,False,0.3671497584541063,0.456,207,250,0.856,250
attack_a0.5_s0_e1b_persist_s0,shuffled|0.5|1,shuffled,0.5,1,0.078,37,False,0.3526570048309179,0.444,207,250,0.86,250
attack_a0.5_s0_e1b_persist_s0,shuffled|0.5|2,shuffled,0.5,2,0.078,37,False,0.3864734299516908,0.472,207,250,0.872,250
attack_a0.5_s0_e1b_persist_s0,shuffled|1|0,shuffled,1.0,0,0.156,37,False,0.22705314009661837,0.32,207,250,0.8,250
attack_a0.5_s0_e1b_persist_s0,shuffled|1|1,shuffled,1.0,1,0.156,37,False,0.26570048309178745,0.356,207,250,0.84,250
attack_a0.5_s0_e1b_persist_s0,shuffled|1|2,shuffled,1.0,2,0.156,37,False,0.2560386473429952,0.336,207,250,0.804,250
attack_a0.5_s0_e1b_persist_s0,shuffled|2|0,shuffled,2.0,0,0.312,37,False,0.057971014492753624,0.096,207,250,0.492,250
attack_a0.5_s0_e1b_persist_s0,shuffled|2|1,shuffled,2.0,1,0.312,37,False,0.0966183574879227,0.14,207,250,0.62,250
attack_a0.5_s0_e1b_persist_s0,shuffled|2|2,shuffled,2.0,2,0.312,37,False,0.12077294685990338,0.144,207,250,0.556,250
attack_a0.5_s0_e1b_persist_s0,shuffled|4|0,shuffled,4.0,0,0.624,37,False,0.0,0.0,207,250,0.24,250
attack_a0.5_s0_e1b_persist_s0,shuffled|4|1,shuffled,4.0,1,0.624,37,False,0.00966183574879227,0.016,207,250,0.296,250
attack_a0.5_s0_e1b_persist_s0,shuffled|4|2,shuffled,4.0,2,0.624,37,False,0.01932367149758454,0.02,207,250,0.296,250
attack_a0.5_s0_e1b_persist_s0,sign_flipped|0.5|0,sign_flipped,0.5,0,0.078,37,False,0.48792270531400966,0.56,207,250,0.86,250
attack_a0.5_s0_e1b_persist_s0,sign_flipped|0.5|1,sign_flipped,0.5,1,0.078,37,False,0.4492753623188406,0.52,207,250,0.864,250
attack_a0.5_s0_e1b_persist_s0,sign_flipped|0.5|2,sign_flipped,0.5,2,0.078,37,False,0.463768115942029,0.54,207,250,0.86,250
attack_a0.5_s0_e1b_persist_s0,sign_flipped|1|0,sign_flipped,1.0,0,0.156,37,False,0.5265700483091788,0.588,207,250,0.84,250
attack_a0.5_s0_e1b_persist_s0,sign_flipped|1|1,sign_flipped,1.0,1,0.156,37,False,0.42028985507246375,0.492,207,250,0.856,250
attack_a0.5_s0_e1b_persist_s0,sign_flipped|1|2,sign_flipped,1.0,2,0.156,37,False,0.463768115942029,0.528,207,250,0.844,250
attack_a0.5_s0_e1b_persist_s0,sign_flipped|2|0,sign_flipped,2.0,0,0.312,37,False,0.6280193236714976,0.672,207,250,0.804,250
attack_a0.5_s0_e1b_persist_s0,sign_flipped|2|1,sign_flipped,2.0,1,0.312,37,False,0.4444444444444444,0.508,207,250,0.82,250
attack_a0.5_s0_e1b_persist_s0,sign_flipped|2|2,sign_flipped,2.0,2,0.312,37,False,0.391304347826087,0.452,207,250,0.82,250
attack_a0.5_s0_e1b_persist_s0,sign_flipped|4|0,sign_flipped,4.0,0,0.624,37,False,0.5314009661835749,0.536,207,250,0.5,250
attack_a0.5_s0_e1b_persist_s0,sign_flipped|4|1,sign_flipped,4.0,1,0.624,37,False,0.3961352657004831,0.44,207,250,0.588,250
attack_a0.5_s0_e1b_persist_s0,sign_flipped|4|2,sign_flipped,4.0,2,0.624,37,False,0.2222222222222222,0.204,207,250,0.432,250
attack_a0.5_s0_e1b_persist_s0,real|0.5|0,real,0.5,0,0.078,37,False,0.0821256038647343,0.112,207,250,0.8,250
attack_a0.5_s0_e1b_persist_s0,real|1|0,real,1.0,0,0.156,37,False,0.014492753623188406,0.016,207,250,0.644,250
attack_a0.5_s0_e1b_persist_s0,real|2|0,real,2.0,0,0.312,37,False,0.004830917874396135,0.004,207,250,0.292,250
attack_a0.5_s0_e1b_persist_s0,real|4|0,real,4.0,0,0.624,37,False,0.0,0.0,207,250,0.024,250
attack_a0.5_s0_e1b_persist_s0,zero|0|0,zero,0.0,0,0.0,38,False,0.4803921568627451,0.544,204,250,0.816,250
attack_a0.5_s0_e1b_persist_s0,gaussian_global|0.5|0,gaussian_global,0.5,0,0.078,38,False,0.5147058823529411,0.568,204,250,0.812,250
attack_a0.5_s0_e1b_persist_s0,gaussian_global|0.5|1,gaussian_global,0.5,1,0.078,38,False,0.4852941176470588,0.552,204,250,0.808,250
attack_a0.5_s0_e1b_persist_s0,gaussian_global|0.5|2,gaussian_global,0.5,2,0.078,38,False,0.4803921568627451,0.54,204,250,0.828,250
attack_a0.5_s0_e1b_persist_s0,gaussian_global|1|0,gaussian_global,1.0,0,0.156,38,False,0.5196078431372549,0.584,204,250,0.808,250
attack_a0.5_s0_e1b_persist_s0,gaussian_global|1|1,gaussian_global,1.0,1,0.156,38,False,0.4950980392156863,0.548,204,250,0.808,250
attack_a0.5_s0_e1b_persist_s0,gaussian_global|1|2,gaussian_global,1.0,2,0.156,38,False,0.49019607843137253,0.548,204,250,0.816,250
attack_a0.5_s0_e1b_persist_s0,gaussian_global|2|0,gaussian_global,2.0,0,0.312,38,False,0.5735294117647058,0.624,204,250,0.776,250
attack_a0.5_s0_e1b_persist_s0,gaussian_global|2|1,gaussian_global,2.0,1,0.312,38,False,0.4362745098039216,0.504,204,250,0.812,250
attack_a0.5_s0_e1b_persist_s0,gaussian_global|2|2,gaussian_global,2.0,2,0.312,38,False,0.4950980392156863,0.56,204,250,0.844,250
attack_a0.5_s0_e1b_persist_s0,gaussian_global|4|0,gaussian_global,4.0,0,0.624,38,False,0.6764705882352942,0.708,204,250,0.708,250
attack_a0.5_s0_e1b_persist_s0,gaussian_global|4|1,gaussian_global,4.0,1,0.624,38,False,0.3431372549019608,0.424,204,250,0.732,250
attack_a0.5_s0_e1b_persist_s0,gaussian_global|4|2,gaussian_global,4.0,2,0.624,38,False,0.47549019607843135,0.548,204,250,0.828,250
attack_a0.5_s0_e1b_persist_s0,gaussian_layer_matched|0.5|0,gaussian_layer_matched,0.5,0,0.078,38,False,0.5196078431372549,0.576,204,250,0.796,250
attack_a0.5_s0_e1b_persist_s0,gaussian_layer_matched|0.5|1,gaussian_layer_matched,0.5,1,0.078,38,False,0.5049019607843137,0.556,204,250,0.804,250
attack_a0.5_s0_e1b_persist_s0,gaussian_layer_matched|0.5|2,gaussian_layer_matched,0.5,2,0.078,38,False,0.49019607843137253,0.552,204,250,0.824,250
attack_a0.5_s0_e1b_persist_s0,gaussian_layer_matched|1|0,gaussian_layer_matched,1.0,0,0.156,38,False,0.5637254901960784,0.612,204,250,0.776,250
attack_a0.5_s0_e1b_persist_s0,gaussian_layer_matched|1|1,gaussian_layer_matched,1.0,1,0.156,38,False,0.4852941176470588,0.54,204,250,0.804,250
attack_a0.5_s0_e1b_persist_s0,gaussian_layer_matched|1|2,gaussian_layer_matched,1.0,2,0.156,38,False,0.5147058823529411,0.576,204,250,0.828,250
attack_a0.5_s0_e1b_persist_s0,gaussian_layer_matched|2|0,gaussian_layer_matched,2.0,0,0.312,38,False,0.6715686274509803,0.708,204,250,0.688,250
attack_a0.5_s0_e1b_persist_s0,gaussian_layer_matched|2|1,gaussian_layer_matched,2.0,1,0.312,38,False,0.5343137254901961,0.592,204,250,0.76,250
attack_a0.5_s0_e1b_persist_s0,gaussian_layer_matched|2|2,gaussian_layer_matched,2.0,2,0.312,38,False,0.5686274509803921,0.624,204,250,0.82,250
attack_a0.5_s0_e1b_persist_s0,gaussian_layer_matched|4|0,gaussian_layer_matched,4.0,0,0.624,38,False,0.9019607843137255,0.888,204,250,0.336,250
attack_a0.5_s0_e1b_persist_s0,gaussian_layer_matched|4|1,gaussian_layer_matched,4.0,1,0.624,38,False,0.5147058823529411,0.556,204,250,0.552,250
attack_a0.5_s0_e1b_persist_s0,gaussian_layer_matched|4|2,gaussian_layer_matched,4.0,2,0.624,38,False,0.5686274509803921,0.612,204,250,0.672,250
attack_a0.5_s0_e1b_persist_s0,shuffled|0.5|0,shuffled,0.5,0,0.078,38,False,0.39705882352941174,0.464,204,250,0.796,250
attack_a0.5_s0_e1b_persist_s0,shuffled|0.5|1,shuffled,0.5,1,0.078,38,False,0.35294117647058826,0.432,204,250,0.808,250
attack_a0.5_s0_e1b_persist_s0,shuffled|0.5|2,shuffled,0.5,2,0.078,38,False,0.37745098039215685,0.452,204,250,0.804,250
attack_a0.5_s0_e1b_persist_s0,shuffled|1|0,shuffled,1.0,0,0.156,38,False,0.2549019607843137,0.348,204,250,0.776,250
attack_a0.5_s0_e1b_persist_s0,shuffled|1|1,shuffled,1.0,1,0.156,38,False,0.24019607843137256,0.336,204,250,0.792,250
attack_a0.5_s0_e1b_persist_s0,shuffled|1|2,shuffled,1.0,2,0.156,38,False,0.29411764705882354,0.376,204,250,0.776,250
attack_a0.5_s0_e1b_persist_s0,shuffled|2|0,shuffled,2.0,0,0.312,38,False,0.06372549019607843,0.136,204,250,0.484,250
attack_a0.5_s0_e1b_persist_s0,shuffled|2|1,shuffled,2.0,1,0.312,38,False,0.058823529411764705,0.124,204,250,0.584,250
attack_a0.5_s0_e1b_persist_s0,shuffled|2|2,shuffled,2.0,2,0.312,38,False,0.08333333333333333,0.144,204,250,0.58,250
attack_a0.5_s0_e1b_persist_s0,shuffled|4|0,shuffled,4.0,0,0.624,38,False,0.0,0.0,204,250,0.22,250
attack_a0.5_s0_e1b_persist_s0,shuffled|4|1,shuffled,4.0,1,0.624,38,False,0.0,0.0,204,250,0.252,250
attack_a0.5_s0_e1b_persist_s0,shuffled|4|2,shuffled,4.0,2,0.624,38,False,0.00980392156862745,0.012,204,250,0.292,250
attack_a0.5_s0_e1b_persist_s0,sign_flipped|0.5|0,sign_flipped,0.5,0,0.078,38,False,0.5245098039215687,0.576,204,250,0.808,250
attack_a0.5_s0_e1b_persist_s0,sign_flipped|0.5|1,sign_flipped,0.5,1,0.078,38,False,0.49019607843137253,0.552,204,250,0.82,250
attack_a0.5_s0_e1b_persist_s0,sign_flipped|0.5|2,sign_flipped,0.5,2,0.078,38,False,0.47549019607843135,0.536,204,250,0.812,250
attack_a0.5_s0_e1b_persist_s0,sign_flipped|1|0,sign_flipped,1.0,0,0.156,38,False,0.5294117647058824,0.592,204,250,0.816,250
attack_a0.5_s0_e1b_persist_s0,sign_flipped|1|1,sign_flipped,1.0,1,0.156,38,False,0.4803921568627451,0.54,204,250,0.816,250
attack_a0.5_s0_e1b_persist_s0,sign_flipped|1|2,sign_flipped,1.0,2,0.156,38,False,0.45098039215686275,0.516,204,250,0.816,250
attack_a0.5_s0_e1b_persist_s0,sign_flipped|2|0,sign_flipped,2.0,0,0.312,38,False,0.6715686274509803,0.708,204,250,0.784,250
attack_a0.5_s0_e1b_persist_s0,sign_flipped|2|1,sign_flipped,2.0,1,0.312,38,False,0.5196078431372549,0.58,204,250,0.804,250
attack_a0.5_s0_e1b_persist_s0,sign_flipped|2|2,sign_flipped,2.0,2,0.312,38,False,0.43137254901960786,0.5,204,250,0.8,250
attack_a0.5_s0_e1b_persist_s0,sign_flipped|4|0,sign_flipped,4.0,0,0.624,38,False,0.6813725490196079,0.7,204,250,0.316,250
attack_a0.5_s0_e1b_persist_s0,sign_flipped|4|1,sign_flipped,4.0,1,0.624,38,False,0.6764705882352942,0.708,204,250,0.544,250
attack_a0.5_s0_e1b_persist_s0,sign_flipped|4|2,sign_flipped,4.0,2,0.624,38,False,0.3382352941176471,0.344,204,250,0.492,250
attack_a0.5_s0_e1b_persist_s0,real|0.5|0,real,0.5,0,0.078,38,False,0.11274509803921569,0.168,204,250,0.788,250
attack_a0.5_s0_e1b_persist_s0,real|1|0,real,1.0,0,0.156,38,False,0.004901960784313725,0.012,204,250,0.648,250
attack_a0.5_s0_e1b_persist_s0,real|2|0,real,2.0,0,0.312,38,False,0.0,0.0,204,250,0.384,250
attack_a0.5_s0_e1b_persist_s0,real|4|0,real,4.0,0,0.624,38,False,0.0,0.0,204,250,0.136,250
attack_a0.5_s0_e1b_persist_s0,zero|0|0,zero,0.0,0,0.0,39,False,0.3333333333333333,0.368,231,250,0.84,250
attack_a0.5_s0_e1b_persist_s0,gaussian_global|0.5|0,gaussian_global,0.5,0,0.078,39,False,0.3722943722943723,0.404,231,250,0.844,250
attack_a0.5_s0_e1b_persist_s0,gaussian_global|0.5|1,gaussian_global,0.5,1,0.078,39,False,0.341991341991342,0.376,231,250,0.844,250
attack_a0.5_s0_e1b_persist_s0,gaussian_global|0.5|2,gaussian_global,0.5,2,0.078,39,False,0.33766233766233766,0.376,231,250,0.84,250
attack_a0.5_s0_e1b_persist_s0,gaussian_global|1|0,gaussian_global,1.0,0,0.156,39,False,0.3939393939393939,0.424,231,250,0.852,250
attack_a0.5_s0_e1b_persist_s0,gaussian_global|1|1,gaussian_global,1.0,1,0.156,39,False,0.3246753246753247,0.36,231,250,0.844,250
attack_a0.5_s0_e1b_persist_s0,gaussian_global|1|2,gaussian_global,1.0,2,0.156,39,False,0.35064935064935066,0.384,231,250,0.828,250
attack_a0.5_s0_e1b_persist_s0,gaussian_global|2|0,gaussian_global,2.0,0,0.312,39,False,0.41125541125541126,0.448,231,250,0.848,250
attack_a0.5_s0_e1b_persist_s0,gaussian_global|2|1,gaussian_global,2.0,1,0.312,39,False,0.3246753246753247,0.352,231,250,0.844,250
attack_a0.5_s0_e1b_persist_s0,gaussian_global|2|2,gaussian_global,2.0,2,0.312,39,False,0.3593073593073593,0.388,231,250,0.828,250
attack_a0.5_s0_e1b_persist_s0,gaussian_global|4|0,gaussian_global,4.0,0,0.624,39,False,0.5800865800865801,0.6,231,250,0.736,250
attack_a0.5_s0_e1b_persist_s0,gaussian_global|4|1,gaussian_global,4.0,1,0.624,39,False,0.22510822510822512,0.248,231,250,0.756,250
attack_a0.5_s0_e1b_persist_s0,gaussian_global|4|2,gaussian_global,4.0,2,0.624,39,False,0.3246753246753247,0.356,231,250,0.744,250
attack_a0.5_s0_e1b_persist_s0,gaussian_layer_matched|0.5|0,gaussian_layer_matched,0.5,0,0.078,39,False,0.354978354978355,0.392,231,250,0.844,250
attack_a0.5_s0_e1b_persist_s0,gaussian_layer_matched|0.5|1,gaussian_layer_matched,0.5,1,0.078,39,False,0.341991341991342,0.376,231,250,0.844,250
attack_a0.5_s0_e1b_persist_s0,gaussian_layer_matched|0.5|2,gaussian_layer_matched,0.5,2,0.078,39,False,0.3593073593073593,0.392,231,250,0.832,250
attack_a0.5_s0_e1b_persist_s0,gaussian_layer_matched|1|0,gaussian_layer_matched,1.0,0,0.156,39,False,0.38961038961038963,0.428,231,250,0.864,250
attack_a0.5_s0_e1b_persist_s0,gaussian_layer_matched|1|1,gaussian_layer_matched,1.0,1,0.156,39,False,0.341991341991342,0.372,231,250,0.832,250
attack_a0.5_s0_e1b_persist_s0,gaussian_layer_matched|1|2,gaussian_layer_matched,1.0,2,0.156,39,False,0.3722943722943723,0.4,231,250,0.828,250
attack_a0.5_s0_e1b_persist_s0,gaussian_layer_matched|2|0,gaussian_layer_matched,2.0,0,0.312,39,False,0.48484848484848486,0.508,231,250,0.812,250
attack_a0.5_s0_e1b_persist_s0,gaussian_layer_matched|2|1,gaussian_layer_matched,2.0,1,0.312,39,False,0.354978354978355,0.384,231,250,0.82,250
attack_a0.5_s0_e1b_persist_s0,gaussian_layer_matched|2|2,gaussian_layer_matched,2.0,2,0.312,39,False,0.3722943722943723,0.4,231,250,0.8,250
attack_a0.5_s0_e1b_persist_s0,gaussian_layer_matched|4|0,gaussian_layer_matched,4.0,0,0.624,39,False,0.5670995670995671,0.552,231,250,0.36,250
attack_a0.5_s0_e1b_persist_s0,gaussian_layer_matched|4|1,gaussian_layer_matched,4.0,1,0.624,39,False,0.14285714285714285,0.152,231,250,0.628,250
attack_a0.5_s0_e1b_persist_s0,gaussian_layer_matched|4|2,gaussian_layer_matched,4.0,2,0.624,39,False,0.27705627705627706,0.312,231,250,0.504,250
attack_a0.5_s0_e1b_persist_s0,shuffled|0.5|0,shuffled,0.5,0,0.078,39,False,0.23809523809523808,0.276,231,250,0.832,250
attack_a0.5_s0_e1b_persist_s0,shuffled|0.5|1,shuffled,0.5,1,0.078,39,False,0.23376623376623376,0.268,231,250,0.836,250
attack_a0.5_s0_e1b_persist_s0,shuffled|0.5|2,shuffled,0.5,2,0.078,39,False,0.23809523809523808,0.272,231,250,0.832,250
attack_a0.5_s0_e1b_persist_s0,shuffled|1|0,shuffled,1.0,0,0.156,39,False,0.18181818181818182,0.208,231,250,0.78,250
attack_a0.5_s0_e1b_persist_s0,shuffled|1|1,shuffled,1.0,1,0.156,39,False,0.12987012987012986,0.144,231,250,0.792,250
attack_a0.5_s0_e1b_persist_s0,shuffled|1|2,shuffled,1.0,2,0.156,39,False,0.17316017316017315,0.188,231,250,0.768,250
attack_a0.5_s0_e1b_persist_s0,shuffled|2|0,shuffled,2.0,0,0.312,39,False,0.047619047619047616,0.056,231,250,0.516,250
attack_a0.5_s0_e1b_persist_s0,shuffled|2|1,shuffled,2.0,1,0.312,39,False,0.04329004329004329,0.048,231,250,0.596,250
attack_a0.5_s0_e1b_persist_s0,shuffled|2|2,shuffled,2.0,2,0.312,39,False,0.04329004329004329,0.052,231,250,0.596,250
attack_a0.5_s0_e1b_persist_s0,shuffled|4|0,shuffled,4.0,0,0.624,39,False,0.0,0.0,231,250,0.336,250
attack_a0.5_s0_e1b_persist_s0,shuffled|4|1,shuffled,4.0,1,0.624,39,False,0.0,0.0,231,250,0.336,250
attack_a0.5_s0_e1b_persist_s0,shuffled|4|2,shuffled,4.0,2,0.624,39,False,0.017316017316017316,0.016,231,250,0.34,250
attack_a0.5_s0_e1b_persist_s0,sign_flipped|0.5|0,sign_flipped,0.5,0,0.078,39,False,0.341991341991342,0.376,231,250,0.836,250
attack_a0.5_s0_e1b_persist_s0,sign_flipped|0.5|1,sign_flipped,0.5,1,0.078,39,False,0.3246753246753247,0.356,231,250,0.844,250
attack_a0.5_s0_e1b_persist_s0,sign_flipped|0.5|2,sign_flipped,0.5,2,0.078,39,False,0.3203463203463203,0.348,231,250,0.848,250
attack_a0.5_s0_e1b_persist_s0,sign_flipped|1|0,sign_flipped,1.0,0,0.156,39,False,0.4025974025974026,0.432,231,250,0.84,250
attack_a0.5_s0_e1b_persist_s0,sign_flipped|1|1,sign_flipped,1.0,1,0.156,39,False,0.329004329004329,0.364,231,250,0.848,250
attack_a0.5_s0_e1b_persist_s0,sign_flipped|1|2,sign_flipped,1.0,2,0.156,39,False,0.3333333333333333,0.364,231,250,0.848,250
attack_a0.5_s0_e1b_persist_s0,sign_flipped|2|0,sign_flipped,2.0,0,0.312,39,False,0.5064935064935064,0.536,231,250,0.796,250
attack_a0.5_s0_e1b_persist_s0,sign_flipped|2|1,sign_flipped,2.0,1,0.312,39,False,0.3463203463203463,0.368,231,250,0.816,250
attack_a0.5_s0_e1b_persist_s0,sign_flipped|2|2,sign_flipped,2.0,2,0.312,39,False,0.2813852813852814,0.316,231,250,0.808,250
attack_a0.5_s0_e1b_persist_s0,sign_flipped|4|0,sign_flipped,4.0,0,0.624,39,False,0.38961038961038963,0.38,231,250,0.368,250
attack_a0.5_s0_e1b_persist_s0,sign_flipped|4|1,sign_flipped,4.0,1,0.624,39,False,0.48484848484848486,0.484,231,250,0.616,250
attack_a0.5_s0_e1b_persist_s0,sign_flipped|4|2,sign_flipped,4.0,2,0.624,39,False,0.12121212121212122,0.12,231,250,0.34,250
attack_a0.5_s0_e1b_persist_s0,real|0.5|0,real,0.5,0,0.078,39,False,0.047619047619047616,0.052,231,250,0.8,250
attack_a0.5_s0_e1b_persist_s0,real|1|0,real,1.0,0,0.156,39,False,0.008658008658008658,0.012,231,250,0.684,250
attack_a0.5_s0_e1b_persist_s0,real|2|0,real,2.0,0,0.312,39,False,0.0,0.0,231,250,0.272,250
attack_a0.5_s0_e1b_persist_s0,real|4|0,real,4.0,0,0.624,39,False,0.0,0.0,231,250,0.064,250
